id,code,type,volatility,threshold,absolute_threshold,policy_min_threshold,history_and_avg_absdelta,impact_score,missed_flag_sample,false_flag_sample,created_at,updated_at,special_term,mad,k_val,category
17,1-65530 salaries and wages,opex,fixed,,,0.150,,,,,2026-05-09 20:17:08.369087+00,2026-06-02 19:49:15.364134+00,false,,2,wages
18,1-65540 tech salaries,opex,fixed,,,0.150,,,,,2026-05-09 20:17:08.369087+00,2026-06-02 19:49:15.364134+00,false,,2,wages
19,3-65530 salaries and wages,opex,fixed,,,0.150,,,,,2026-05-09 20:17:08.369087+00,2026-06-02 19:49:15.364134+00,false,,2,wages
20,4-65530 salaries and wages,opex,fixed,,,0.150,,,,,2026-05-09 20:17:08.369087+00,2026-06-02 19:49:15.364134+00,false,,2,wages
21,5001 direct labor - wages,cogs,fixed,"[{""company"":{""id"":318655,""name"":""Clay Entertainment""},""thresholds"":[{""value"":0.21,""flagrate"":0.14,""confidence"":0,""created_on"":""2026-06-03T14:52:26Z"",""closing_month"":""12-2025""},{""value"":0.15,""flagrate"":0.21,""confidence"":0,""created_on"":""2026-06-03T14:54:31Z"",""closing_month"":""03-2026""}]}]",,0.150,"[{""company"":{""id"":318655,""name"":""Clay Entertainment""},""history"":[{""06-2025"":20869.25},{""07-2025"":21923.09},{""09-2025"":21733.86},{""03-2025"":20192.32},{""04-2025"":21923.1},{""08-2025"":20175.4},{""10-2025"":19915.4},{""11-2025"":20625.1},{""12-2025"":21627.83},{""01-2025"":17807.72},{""02-2025"":12030.78},{""05-2025"":21923.09},{""01-2026"":20687.49},{""02-2026"":16703.56},{""03-2026"":18397.81}],""avg_absdelta"":0.13,""coefficient_of_variation"":1.29}]",,,,2026-05-09 20:17:08.369087+00,2026-06-02 19:49:15.364134+00,false,,2,wages
22,5001 direct labor salaries & wages,cogs,fixed,"[{""company"":{""id"":290228,""name"":""FORMM""},""thresholds"":[{""value"":0.15,""flagrate"":0.43,""confidence"":0,""created_on"":""2026-06-03T14:58:05Z"",""closing_month"":""03-2026""},{""value"":0.17,""flagrate"":0.43,""confidence"":0,""created_on"":""2026-06-04T12:32:34Z"",""closing_month"":""12-2025""}]}]",,0.150,"[{""company"":{""id"":290228,""name"":""FORMM""},""history"":[{""01-2026"":59932.89},{""02-2026"":65642.68},{""03-2026"":74634.52},{""01-2025"":61637.14},{""02-2025"":49080.75},{""05-2025"":41498.56},{""08-2025"":48307.6},{""09-2025"":44917.78},{""10-2025"":54317.59},{""11-2025"":42114.13},{""12-2025"":57056.97},{""03-2025"":48209.02},{""04-2025"":39794.62},{""06-2025"":41734.68},{""07-2025"":41103.39}],""avg_absdelta"":0.13,""coefficient_of_variation"":0.77}]",,,,2026-05-09 20:17:08.369087+00,2026-06-02 19:49:15.364134+00,false,,2,wages
23,5001 direct wages,cogs,fixed,"[{""company"":{""id"":290224,""name"":""Pittwater""},""thresholds"":[{""value"":0.58,""flagrate"":0.04,""confidence"":0,""created_on"":""2026-06-03T15:08:15Z"",""closing_month"":""12-2025""},{""value"":0.81,""flagrate"":0.12,""confidence"":0,""created_on"":""2026-06-03T15:11:18Z"",""closing_month"":""12-2023""},{""value"":0.81,""flagrate"":0.04,""confidence"":0,""created_on"":""2026-06-03T15:15:11Z"",""closing_month"":""12-2023""},{""value"":0.15,""flagrate"":0.52,""confidence"":0,""created_on"":""2026-06-04T13:12:38Z"",""closing_month"":""02-2026""}]}]",,0.150,"[{""company"":{""id"":290224,""name"":""Pittwater""},""history"":[{""05-2025"":29734.71},{""10-2025"":29360.39},{""11-2025"":43971.7},{""01-2025"":26833.33},{""04-2025"":32868.43},{""06-2025"":26028.6},{""07-2025"":34071.61},{""08-2025"":29470.64},{""09-2025"":20580.3},{""12-2025"":57653.59},{""02-2025"":28949.83},{""03-2025"":31116.99},{""01-2023"":7581.67},{""03-2023"":16729.17},{""04-2023"":16729.17},{""07-2023"":16669.17},{""08-2023"":19795.18},{""12-2023"":18079.17},{""02-2023"":16699.17},{""05-2023"":16729.17},{""06-2023"":16917.95},{""09-2023"":30260.66},{""10-2023"":22795.49},{""11-2023"":18079.16},{""01-2026"":8095.19},{""02-2026"":22314.41}],""avg_absdelta"":0.32,""coefficient_of_variation"":1.29}]",,,,2026-05-09 20:17:08.369087+00,2026-06-02 19:49:15.364134+00,false,,2,wages
24,50063 fulfillment center wages,cogs,fixed,,,0.150,,,,,2026-05-09 20:17:08.369087+00,2026-06-02 19:49:15.364134+00,false,,2,wages
25,5021 dl - ee wages,cogs,fixed,,,0.150,,,,,2026-05-09 20:17:08.369087+00,2026-06-02 19:49:15.364134+00,false,,2,wages
26,5021 employee pr - dl wages,cogs,fixed,"[{""company"":{""id"":511616,""name"":""Kahn Media, Inc.""},""thresholds"":[{""value"":0.15,""flagrate"":0,""confidence"":0,""created_on"":""2026-06-03T14:59:37Z"",""closing_month"":""03-2026""}]}]",,0.150,"[{""company"":{""id"":511616,""name"":""Kahn Media, Inc.""},""history"":[{""12-2025"":114103.28},{""01-2026"":110842.77},{""02-2026"":96202.91},{""03-2026"":96003.09}],""avg_absdelta"":0.05,""coefficient_of_variation"":1.03}]",,,,2026-05-09 20:17:08.369087+00,2026-06-02 19:49:15.364134+00,false,,2,wages
27,5100 direct salaries & benefits,cogs,fixed,,,0.150,,,,,2026-05-09 20:17:08.369087+00,2026-06-02 19:49:15.364134+00,false,,2,wages
28,5101 direct labor pr - wages,cogs,fixed,,,0.150,,,,,2026-05-09 20:17:08.369087+00,2026-06-02 19:49:15.364134+00,false,,2,wages
29,5101 direct wages,cogs,fixed,"[{""company"":{""id"":279086,""name"":""Marketing 32 Group, LLC""},""thresholds"":[{""value"":0.15,""flagrate"":0.67,""confidence"":0,""created_on"":""2026-06-03T15:04:05Z"",""closing_month"":""03-2026""},{""value"":0.15,""flagrate"":0.67,""confidence"":0,""created_on"":""2026-06-04T12:46:38Z"",""closing_month"":""05-2025""}]}]",,0.150,"[{""company"":{""id"":279086,""name"":""Marketing 32 Group, LLC""},""history"":[{""01-2026"":33630.78},{""02-2026"":26728.77},{""03-2026"":29428.67},{""05-2025"":40382.9}],""avg_absdelta"":0.16,""coefficient_of_variation"":0.27}]",,,,2026-05-09 20:17:08.369087+00,2026-06-02 19:49:15.364134+00,false,,2,wages
30,5110 direct labor - wages,cogs,fixed,"[{""company"":{""id"":389099,""name"":""REAL HR HERO - THOMPSON HR CONSULTING""},""thresholds"":[{""value"":0.15,""flagrate"":0.29,""confidence"":0,""created_on"":""2026-06-03T15:11:54Z"",""closing_month"":""03-2026""},{""value"":0.28,""flagrate"":0.21,""confidence"":0,""created_on"":""2026-06-04T13:15:44Z"",""closing_month"":""12-2025""}]}]",,0.150,"[{""company"":{""id"":389099,""name"":""REAL HR HERO - THOMPSON HR CONSULTING""},""history"":[{""10-2025"":26326.89},{""11-2025"":27768.36},{""12-2025"":24904.31},{""01-2026"":27200.1},{""02-2026"":26796.33},{""03-2026"":28479.96},{""09-2025"":38161.57},{""01-2025"":23040.35},{""02-2025"":26441.7},{""04-2025"":33786.85},{""05-2025"":29016.67},{""08-2025"":21931.98},{""03-2025"":37322.04},{""06-2025"":28409.24},{""07-2025"":26878.48}],""avg_absdelta"":0.17,""coefficient_of_variation"":1.09}]",,,,2026-05-09 20:17:08.369087+00,2026-06-02 19:49:15.364134+00,false,,2,wages
31,51110-000 salaries and wages,cogs,fixed,,,0.150,,,,,2026-05-09 20:17:08.369087+00,2026-06-02 19:49:15.364134+00,false,,2,wages
32,5130 direct labor - ot,cogs,fixed,,,0.150,,,,,2026-05-09 20:17:08.369087+00,2026-06-02 19:49:15.364134+00,false,,2,wages
33,5140 direct labor - pto,cogs,fixed,"[{""company"":{""id"":389099,""name"":""REAL HR HERO - THOMPSON HR CONSULTING""},""thresholds"":[{""value"":0.15,""flagrate"":0.92,""confidence"":0,""created_on"":""2026-06-03T15:12:26Z"",""closing_month"":""03-2026""},{""value"":0.69,""flagrate"":0.25,""confidence"":0,""created_on"":""2026-06-04T13:16:26Z"",""closing_month"":""12-2025""}]}]",,0.150,"[{""company"":{""id"":389099,""name"":""REAL HR HERO - THOMPSON HR CONSULTING""},""history"":[{""10-2025"":2198.99},{""11-2025"":2616.16},{""12-2025"":3380.12},{""01-2026"":3329.39},{""02-2026"":1347.38},{""03-2026"":2271.02},{""09-2025"":3368.78},{""03-2025"":1610.58},{""04-2025"":2639.46},{""05-2025"":2230.36},{""07-2025"":3076.35},{""06-2025"":4893.67},{""08-2025"":-699.6}],""avg_absdelta"":0.96,""coefficient_of_variation"":1.57}]",,,,2026-05-09 20:17:08.369087+00,2026-06-02 19:49:15.364134+00,false,,2,wages
34,5185 direct labor - other benefits,cogs,fixed,"[{""company"":{""id"":389099,""name"":""REAL HR HERO - THOMPSON HR CONSULTING""},""thresholds"":[{""value"":1.71,""flagrate"":0,""confidence"":0,""created_on"":""2026-06-03T15:12:46Z"",""closing_month"":""03-2026""}]}]",,0.150,"[{""company"":{""id"":389099,""name"":""REAL HR HERO - THOMPSON HR CONSULTING""},""history"":[{""02-2026"":-26.26},{""03-2026"":4.74},{""01-2026"":59.74}],""avg_absdelta"":1.31,""coefficient_of_variation"":0.1}]",,,,2026-05-09 20:17:08.369087+00,2026-06-02 19:49:15.364134+00,false,,2,wages
35,52101-000 salaries and wages,cogs,fixed,,,0.150,,,,,2026-05-09 20:17:08.369087+00,2026-06-02 19:49:15.364134+00,false,,2,wages
36,5221 the tread agency - dl wages,cogs,fixed,"[{""company"":{""id"":511616,""name"":""Kahn Media, Inc.""},""thresholds"":[{""value"":1.7,""flagrate"":0.33,""confidence"":0,""created_on"":""2026-06-03T14:59:54Z"",""closing_month"":""03-2026""}]}]",,0.150,"[{""company"":{""id"":511616,""name"":""Kahn Media, Inc.""},""history"":[{""12-2025"":2309},{""01-2026"":2170.77},{""02-2026"":795.57},{""03-2026"":2235.31}],""avg_absdelta"":0.83,""coefficient_of_variation"":0.87}]",,,,2026-05-09 20:17:08.369087+00,2026-06-02 19:49:15.364134+00,false,,2,wages
37,53101-000 salaries and wages,cogs,fixed,,,0.150,,,,,2026-05-09 20:17:08.369087+00,2026-06-02 19:49:15.364134+00,false,,2,wages
38,5503 sales - salary,cogs,fixed,,,0.150,,,,,2026-05-09 20:17:08.369087+00,2026-06-02 19:49:15.364134+00,false,,2,wages
39,60001 salaries & wages,opex,fixed,,,0.150,,,,,2026-05-09 20:17:08.369087+00,2026-06-02 19:49:15.364134+00,false,,2,wages
40,60002 salaries & wages,opex,fixed,,,0.150,,,,,2026-05-09 20:17:08.369087+00,2026-06-02 19:49:15.364134+00,false,,2,wages
41,6001 wages,opex,fixed,"[{""company"":{""id"":279086,""name"":""Marketing 32 Group, LLC""},""thresholds"":[{""value"":0.15,""flagrate"":0,""confidence"":0,""created_on"":""2026-06-03T15:04:32Z"",""closing_month"":""03-2026""},{""value"":0.21,""flagrate"":0,""confidence"":0,""created_on"":""2026-06-04T12:47:06Z"",""closing_month"":""05-2025""}]}]",,0.150,"[{""company"":{""id"":279086,""name"":""Marketing 32 Group, LLC""},""history"":[{""01-2026"":35644.51},{""02-2026"":37802.35},{""03-2026"":36808.52},{""05-2025"":32383.09}],""avg_absdelta"":0.06,""coefficient_of_variation"":0.49}]",,,,2026-05-09 20:17:08.369087+00,2026-06-02 19:49:15.364134+00,false,,2,wages
42,60010 salaries & wages,opex,fixed,,,0.150,,,,,2026-05-09 20:17:08.369087+00,2026-06-02 19:49:15.364134+00,false,,2,wages
43,60011-000 salaries and wages,opex,fixed,,,0.150,,,,,2026-05-09 20:17:08.369087+00,2026-06-02 19:49:15.364134+00,false,,2,wages
44,6002 salaries & wages,opex,fixed,"[{""company"":{""id"":290236,""name"":""Simple Phone Company""},""thresholds"":[{""value"":0.15,""flagrate"":0.29,""confidence"":0,""created_on"":""2026-06-03T15:19:19Z"",""closing_month"":""12-2025""},{""value"":0.15,""flagrate"":0.29,""confidence"":0,""created_on"":""2026-06-03T15:21:37Z"",""closing_month"":""03-2026""}]}]",,0.150,"[{""company"":{""id"":290236,""name"":""Simple Phone Company""},""history"":[{""01-2025"":8897.08},{""03-2025"":8192.63},{""05-2025"":8632.82},{""06-2025"":8493.59},{""07-2025"":9464.59},{""11-2025"":7520.16},{""12-2025"":8209.84},{""02-2025"":7634.84},{""04-2025"":8686.03},{""08-2025"":8229.74},{""09-2025"":8666.9},{""10-2025"":9063.91},{""03-2026"":8683.24},{""01-2026"":9860.29},{""02-2026"":6888.54}],""avg_absdelta"":0.12,""coefficient_of_variation"":0.72}]",,,,2026-05-09 20:17:08.369087+00,2026-06-02 19:49:15.364134+00,false,,2,wages
45,60020 wages,opex,fixed,"[{""company"":{""id"":279087,""name"":""Summit Strategy""},""thresholds"":[{""value"":0.15,""flagrate"":0.31,""confidence"":0,""created_on"":""2026-06-03T15:24:29Z"",""closing_month"":""02-2026""},{""value"":0.15,""flagrate"":0.31,""confidence"":0,""created_on"":""2026-06-04T10:59:47Z"",""closing_month"":""12-2025""}]}]",,0.150,"[{""company"":{""id"":279087,""name"":""Summit Strategy""},""history"":[{""01-2026"":24096.35},{""02-2026"":14389.22},{""06-2025"":19384.62},{""07-2025"":18876.92},{""09-2025"":22124.9},{""11-2025"":18345.82},{""12-2025"":21481.97},{""01-2025"":24069.23},{""02-2025"":19384.62},{""03-2025"":19384.61},{""05-2025"":20307.69},{""08-2025"":20642.3},{""10-2025"":22442.1},{""04-2025"":20307.7}],""avg_absdelta"":0.11,""coefficient_of_variation"":1.02}]",,,,2026-05-09 20:17:08.369087+00,2026-06-02 19:49:15.364134+00,false,,2,wages
46,6003 indirect salaries & wages,opex,fixed,"[{""company"":{""id"":290228,""name"":""FORMM""},""thresholds"":[{""value"":0.15,""flagrate"":0.79,""confidence"":0,""created_on"":""2026-06-03T14:58:57Z"",""closing_month"":""03-2026""},{""value"":0.19,""flagrate"":0.36,""confidence"":0,""created_on"":""2026-06-04T12:33:42Z"",""closing_month"":""12-2025""}]}]",,0.150,"[{""company"":{""id"":290228,""name"":""FORMM""},""history"":[{""01-2026"":27031.63},{""02-2026"":21431.02},{""03-2026"":26023.22},{""07-2025"":25370.19},{""09-2025"":24715.72},{""10-2025"":30897.31},{""12-2025"":32402.51},{""01-2025"":17010.79},{""04-2025"":22282.3},{""05-2025"":20619.8},{""08-2025"":21411.05},{""11-2025"":38662.77},{""02-2025"":19815.35},{""03-2025"":18728.33},{""06-2025"":27975.14}],""avg_absdelta"":0.18,""coefficient_of_variation"":0.42}]",,,,2026-05-09 20:17:08.369087+00,2026-06-02 19:49:15.364134+00,false,,2,wages
47,6021 employee pr - wages,opex,fixed,"[{""company"":{""id"":511616,""name"":""Kahn Media, Inc.""},""thresholds"":[{""value"":0.15,""flagrate"":1,""confidence"":0,""created_on"":""2026-06-03T15:00:28Z"",""closing_month"":""03-2026""}]}]",,0.150,"[{""company"":{""id"":511616,""name"":""Kahn Media, Inc.""},""history"":[{""02-2026"":60750.05},{""03-2026"":78931.07},{""10-2025"":286590.37},{""11-2025"":197866.39},{""12-2025"":138995.19},{""01-2026"":72961.55}],""avg_absdelta"":0.31,""coefficient_of_variation"":0.32}]",,,,2026-05-09 20:17:08.369087+00,2026-06-02 19:49:15.364134+00,false,,2,wages
48,6021 employee wages,opex,fixed,,,0.150,,,,,2026-05-09 20:17:08.369087+00,2026-06-02 19:49:15.364134+00,false,,2,wages
49,6022 wages,opex,fixed,"[{""company"":{""id"":290243,""name"":""Choice Builder Solutions - Online Sales""},""thresholds"":[{""value"":0.39,""flagrate"":0.33,""confidence"":0,""created_on"":""2026-06-03T14:51:22Z"",""closing_month"":""12-2023""}]}]",,0.150,"[{""company"":{""id"":290243,""name"":""Choice Builder Solutions - Online Sales""},""history"":[{""08-2023"":15088.29},{""09-2023"":12718.34},{""12-2023"":4683.69},{""04-2023"":12348.8},{""10-2023"":10780.68},{""11-2023"":9979.17},{""03-2023"":6938.89},{""05-2023"":8799.3},{""06-2023"":8676.23},{""07-2023"":8353.58}],""avg_absdelta"":0.32,""coefficient_of_variation"":0.93}]",,,,2026-05-09 20:17:08.369087+00,2026-06-02 19:49:15.364134+00,false,,2,wages
50,6030 wages,opex,fixed,,,0.150,,,,,2026-05-09 20:17:08.369087+00,2026-06-02 19:49:15.364134+00,false,,2,wages
51,6100 indirect salaries & benefits,opex,fixed,,,0.150,,,,,2026-05-09 20:17:08.369087+00,2026-06-02 19:49:15.364134+00,false,,2,wages
52,6101 employee pr - wages,opex,fixed,,,0.150,,,,,2026-05-09 20:17:08.369087+00,2026-06-02 19:49:15.364134+00,false,,2,wages
53,6101.2 wages - social media ma...,opex,fixed,,,0.150,,,,,2026-05-09 20:17:08.369087+00,2026-06-02 19:49:15.364134+00,false,,2,wages
54,6101.3 wages - social media ad...,opex,fixed,,,0.150,,,,,2026-05-09 20:17:08.369087+00,2026-06-02 19:49:15.364134+00,false,,2,wages
55,6101.4 wages - sem,opex,fixed,,,0.150,,,,,2026-05-09 20:17:08.369087+00,2026-06-02 19:49:15.364134+00,false,,2,wages
56,6101.5 wages - sales,opex,fixed,,,0.150,,,,,2026-05-09 20:17:08.369087+00,2026-06-02 19:49:15.364134+00,false,,2,wages
57,6101.6 wages - video,opex,fixed,,,0.150,,,,,2026-05-09 20:17:08.369087+00,2026-06-02 19:49:15.364134+00,false,,2,wages
58,6110 employee pr - wages,opex,fixed,"[{""company"":{""id"":389099,""name"":""REAL HR HERO - THOMPSON HR CONSULTING""},""thresholds"":[{""value"":0.2,""flagrate"":0.43,""confidence"":0,""created_on"":""2026-06-03T15:13:20Z"",""closing_month"":""03-2026""},{""value"":0.44,""flagrate"":0.14,""confidence"":0,""created_on"":""2026-06-04T13:17:42Z"",""closing_month"":""12-2025""}]}]",,0.150,"[{""company"":{""id"":389099,""name"":""REAL HR HERO - THOMPSON HR CONSULTING""},""history"":[{""10-2025"":5571.75},{""11-2025"":5442.14},{""12-2025"":4623.57},{""01-2026"":4618.3},{""02-2026"":4649.47},{""03-2026"":5216.61},{""09-2025"":7195.41},{""02-2025"":7053.43},{""03-2025"":9744.81},{""04-2025"":5195.21},{""05-2025"":5062.66},{""01-2025"":6636.84},{""06-2025"":5091.58},{""07-2025"":7674.59},{""08-2025"":5268.43}],""avg_absdelta"":0.19,""coefficient_of_variation"":0.94}]",,,,2026-05-09 20:17:08.369087+00,2026-06-02 19:49:15.364134+00,false,,2,wages
59,6356 salaries & wages,opex,fixed,,,0.150,,,,,2026-05-09 20:17:08.369087+00,2026-06-02 19:49:15.364134+00,false,,2,wages
60,6401 employee wages,opex,fixed,"[{""company"":{""id"":318655,""name"":""Clay Entertainment""},""thresholds"":[{""value"":0.77,""flagrate"":0.14,""confidence"":0,""created_on"":""2026-06-03T14:53:27Z"",""closing_month"":""12-2025""},{""value"":0.23,""flagrate"":0.5,""confidence"":0,""created_on"":""2026-06-03T14:55:48Z"",""closing_month"":""03-2026""}]}]",,0.150,"[{""company"":{""id"":318655,""name"":""Clay Entertainment""},""history"":[{""04-2025"":1261.54},{""05-2025"":1261.54},{""06-2025"":1261.54},{""07-2025"":1261.54},{""08-2025"":1955.39},{""10-2025"":7038.45},{""12-2025"":5529.88},{""01-2025"":1838.46},{""02-2025"":1261.54},{""03-2025"":1261.54},{""09-2025"":1450.77},{""11-2025"":2794.16},{""01-2026"":5289.45},{""02-2026"":6911.84},{""03-2026"":7611.13}],""avg_absdelta"":0.5,""coefficient_of_variation"":1.94}]",,,,2026-05-09 20:17:08.369087+00,2026-06-02 19:49:15.364134+00,false,,2,wages
61,64100 wages,opex,fixed,,,0.150,,,,,2026-05-09 20:17:08.369087+00,2026-06-02 19:49:15.364134+00,false,,2,wages
62,6451 salaries and wages,opex,fixed,,,0.150,,,,,2026-05-09 20:17:08.369087+00,2026-06-02 19:49:15.364134+00,false,,2,wages
63,65101-000 salaries and wages,opex,fixed,,,0.150,,,,,2026-05-09 20:17:08.369087+00,2026-06-02 19:49:15.364134+00,false,,2,wages
64,6551 salaries & wages,opex,fixed,"[{""company"":{""id"":290240,""name"":""Orange County Children's Therapeutic Arts Center""},""thresholds"":[{""value"":0.15,""flagrate"":0.4,""confidence"":0,""created_on"":""2026-06-04T13:06:23Z"",""closing_month"":""03-2026""}]}]",,0.150,"[{""company"":{""id"":290240,""name"":""Orange County Children's Therapeutic Arts Center""},""history"":[{""11-2025"":146107.75},{""12-2025"":154071},{""01-2026"":160885.58},{""02-2026"":168245.13},{""03-2026"":195131.2},{""10-2025"":196416.25}],""avg_absdelta"":0.11,""coefficient_of_variation"":0.75}]",,,,2026-05-09 20:17:08.369087+00,2026-06-02 19:49:15.364134+00,false,,2,wages
65,6701 salaries & wages,opex,fixed,"[{""company"":{""id"":290224,""name"":""Pittwater""},""thresholds"":[{""value"":0.17,""flagrate"":0.22,""confidence"":0,""created_on"":""2026-06-03T15:10:04Z"",""closing_month"":""12-2025""},{""value"":0.15,""flagrate"":0.4,""confidence"":0,""created_on"":""2026-06-03T15:14:28Z"",""closing_month"":""12-2023""},{""value"":0.15,""flagrate"":0.35,""confidence"":0,""created_on"":""2026-06-03T15:17:53Z"",""closing_month"":""12-2023""},{""value"":0.15,""flagrate"":0.4,""confidence"":0,""created_on"":""2026-06-04T13:16:18Z"",""closing_month"":""02-2026""}]}]",,0.150,"[{""company"":{""id"":290224,""name"":""Pittwater""},""history"":[{""01-2025"":15666.67},{""02-2025"":16372.17},{""03-2025"":16916.51},{""04-2025"":19837.24},{""05-2025"":19445.04},{""07-2025"":26342.18},{""08-2025"":27030.48},{""09-2025"":29697.46},{""06-2025"":16436.63},{""10-2025"":29914.24},{""11-2025"":25260.14},{""12-2025"":27176.56},{""03-2023"":12070.83},{""04-2023"":12020.83},{""06-2023"":12156.31},{""08-2023"":13372.83},{""09-2023"":16850.65},{""11-2023"":12537.5},{""01-2023"":9084.99},{""02-2023"":12050.83},{""05-2023"":12220.83},{""07-2023"":12180.83},{""10-2023"":14042.94},{""12-2023"":12537.5},{""01-2026"":13872.1},{""02-2026"":29960.58}],""avg_absdelta"":0.17,""coefficient_of_variation"":1.48}]",,,,2026-05-09 20:17:08.369087+00,2026-06-02 19:49:15.364134+00,false,,2,wages
66,5150 direct labor - bonus,cogs,variable,,,0.150,"[{""company"":{""id"":389099,""name"":""REAL HR HERO - THOMPSON HR CONSULTING""},""history"":[{""12-2025"":2000}],""avg_absdelta"":0,""coefficient_of_variation"":0}]",,,,2026-05-09 20:17:08.369087+00,2026-06-02 19:49:15.364134+00,false,,2,wages
67,5150 direct labor - bonuses,cogs,variable,,,0.150,,,,,2026-05-09 20:17:08.369087+00,2026-06-02 19:49:15.364134+00,false,,2,wages
68,1-65520 bonuses,opex,variable,,,0.150,,,,,2026-05-09 20:17:08.369087+00,2026-06-02 19:49:15.364134+00,false,,2,wages
69,3-65520 bonuses,opex,variable,,,0.150,,,,,2026-05-09 20:17:08.369087+00,2026-06-02 19:49:15.364134+00,false,,2,wages
70,5023 dl - bonus,cogs,variable,,,0.150,,,,,2026-05-09 20:17:08.369087+00,2026-06-02 19:49:15.364134+00,false,,2,wages
71,60005 bonus,opex,variable,,,0.150,,,,,2026-05-09 20:17:08.369087+00,2026-06-02 19:49:15.364134+00,false,,2,wages
72,60006 bonus,opex,variable,,,0.150,,,,,2026-05-09 20:17:08.369087+00,2026-06-02 19:49:15.364134+00,false,,2,wages
73,6004 employee bonus,opex,variable,"[{""company"":{""id"":290236,""name"":""Simple Phone Company""},""thresholds"":[{""value"":0.15,""flagrate"":0.14,""confidence"":0,""created_on"":""2026-06-03T15:19:27Z"",""closing_month"":""12-2025""},{""value"":0.15,""flagrate"":0.14,""confidence"":0,""created_on"":""2026-06-03T15:21:47Z"",""closing_month"":""03-2026""}]}]",,0.150,"[{""company"":{""id"":290236,""name"":""Simple Phone Company""},""history"":[{""04-2025"":500},{""05-2025"":500},{""06-2025"":500},{""08-2025"":500},{""09-2025"":500},{""11-2025"":500},{""03-2025"":500},{""07-2025"":500},{""10-2025"":500},{""12-2025"":-5500},{""01-2025"":500},{""02-2025"":500},{""03-2026"":100},{""01-2026"":100},{""02-2026"":100}],""avg_absdelta"":0.93,""coefficient_of_variation"":3.31}]",,,,2026-05-09 20:17:08.369087+00,2026-06-02 19:49:15.364134+00,false,,2,wages
74,60040 bonus,opex,variable,,,0.150,,,,,2026-05-09 20:17:08.369087+00,2026-06-02 19:49:15.364134+00,false,,2,wages
75,60050 bonus,opex,variable,,,0.150,"[{""company"":{""id"":279087,""name"":""Summit Strategy""},""history"":[{""02-2026"":0},{""12-2025"":26000}],""avg_absdelta"":1,""coefficient_of_variation"":0}]",,,,2026-05-09 20:17:08.369087+00,2026-06-02 19:49:15.364134+00,false,,2,wages
76,6009 bonus,opex,variable,"[{""company"":{""id"":290228,""name"":""FORMM""},""thresholds"":[{""value"":3.48,""flagrate"":0.07,""confidence"":0,""created_on"":""2026-06-03T14:59:27Z"",""closing_month"":""03-2026""},{""value"":0.15,""flagrate"":0.21,""confidence"":0,""created_on"":""2026-06-04T12:34:13Z"",""closing_month"":""12-2025""}]}]",,0.150,"[{""company"":{""id"":290228,""name"":""FORMM""},""history"":[{""01-2026"":1800},{""02-2026"":1800},{""03-2026"":7365},{""02-2025"":500},{""03-2025"":500},{""04-2025"":500},{""05-2025"":500},{""09-2025"":500},{""10-2025"":500},{""12-2025"":24500},{""06-2025"":500},{""07-2025"":500},{""08-2025"":500},{""11-2025"":500},{""01-2025"":500}],""avg_absdelta"":3.72,""coefficient_of_variation"":3.31}]",,,,2026-05-09 20:17:08.369087+00,2026-06-02 19:49:15.364134+00,false,,2,wages
77,6023 employee bonus,opex,variable,,,0.150,,,,,2026-05-09 20:17:08.369087+00,2026-06-02 19:49:15.364134+00,false,,2,wages
78,6024 employee pr - bonuses,opex,variable,,,0.150,,,,,2026-05-09 20:17:08.369087+00,2026-06-02 19:49:15.364134+00,false,,2,wages
79,6025 employee bonuses,opex,variable,,,0.150,,,,,2026-05-09 20:17:08.369087+00,2026-06-02 19:49:15.364134+00,false,,2,wages
80,6111 employee pr - bonus,opex,variable,,,0.150,"[{""company"":{""id"":389099,""name"":""REAL HR HERO - THOMPSON HR CONSULTING""},""history"":[{""12-2025"":750}],""avg_absdelta"":0,""coefficient_of_variation"":0}]",,,,2026-05-09 20:17:08.369087+00,2026-06-02 19:49:15.364134+00,false,,2,wages
81,6359 margin bonus,opex,variable,,,0.150,,,,,2026-05-09 20:17:08.369087+00,2026-06-02 19:49:15.364134+00,false,,2,wages
82,6361 bonus & incentives,opex,variable,,,0.150,,,,,2026-05-09 20:17:08.369087+00,2026-06-02 19:49:15.364134+00,false,,2,wages
83,6404 employee bonus,opex,variable,"[{""company"":{""id"":318655,""name"":""Clay Entertainment""},""thresholds"":[{""value"":0.15,""flagrate"":0.33,""confidence"":0,""created_on"":""2026-06-03T14:56:10Z"",""closing_month"":""03-2026""}]}]",,0.150,"[{""company"":{""id"":318655,""name"":""Clay Entertainment""},""history"":[{""12-2025"":17226.5},{""01-2026"":1000},{""02-2026"":1000},{""03-2026"":1000}],""avg_absdelta"":0.31,""coefficient_of_variation"":1.41}]",,,,2026-05-09 20:17:08.369087+00,2026-06-02 19:49:15.364134+00,false,,2,wages
84,64500 bonus,opex,variable,,,0.150,,,,,2026-05-09 20:17:08.369087+00,2026-06-02 19:49:15.364134+00,false,,2,wages
85,6555 bonus,opex,variable,,,0.150,,,,,2026-05-09 20:17:08.369087+00,2026-06-02 19:49:15.364134+00,false,,2,wages
86,6709 bonus,opex,variable,,,0.150,"[{""company"":{""id"":290224,""name"":""Pittwater""},""history"":[{""12-2025"":52157.72},{""02-2026"":5000}],""avg_absdelta"":0.9,""coefficient_of_variation"":0}]",,,,2026-05-09 20:17:08.369087+00,2026-06-02 19:49:15.364134+00,false,,2,wages
87,60002 officer bonus,opex,variable,,,0.050,,,,,2026-05-09 20:17:08.369087+00,2026-06-02 19:49:15.364134+00,true,,0.25,
88,1-65550 payroll taxes,opex,fixed,,,0.150,,,,,2026-05-09 20:17:08.369087+00,2026-06-02 19:49:15.364134+00,false,,2,pr_taxes
89,3-65550 payroll taxes,opex,fixed,,,0.150,,,,,2026-05-09 20:17:08.369087+00,2026-06-02 19:49:15.364134+00,false,,2,pr_taxes
90,4-65550 payroll taxes,opex,fixed,,,0.150,,,,,2026-05-09 20:17:08.369087+00,2026-06-02 19:49:15.364134+00,false,,2,pr_taxes
91,5002 direct labor - taxes,cogs,fixed,,,0.150,,,,,2026-05-09 20:17:08.369087+00,2026-06-02 19:49:15.364134+00,false,,2,pr_taxes
92,5002 direct payroll taxes,cogs,fixed,"[{""company"":{""id"":290224,""name"":""Pittwater""},""thresholds"":[{""value"":0.5,""flagrate"":0.22,""confidence"":0,""created_on"":""2026-06-03T15:08:25Z"",""closing_month"":""12-2025""},{""value"":0.68,""flagrate"":0.16,""confidence"":0,""created_on"":""2026-06-03T15:11:37Z"",""closing_month"":""12-2023""},{""value"":0.68,""flagrate"":0.09,""confidence"":0,""created_on"":""2026-06-03T15:15:31Z"",""closing_month"":""12-2023""},{""value"":0.15,""flagrate"":0.6,""confidence"":0,""created_on"":""2026-06-04T13:12:55Z"",""closing_month"":""02-2026""}]}]",,0.150,"[{""company"":{""id"":290224,""name"":""Pittwater""},""history"":[{""03-2025"":2449.49},{""04-2025"":3371.62},{""05-2025"":2539.05},{""06-2025"":2189.37},{""07-2025"":2332.49},{""10-2025"":2539.97},{""11-2025"":3260.97},{""12-2025"":4960.44},{""01-2025"":2416.46},{""02-2025"":2544.47},{""08-2025"":2105.55},{""09-2025"":1498.31},{""12-2023"":1231.45},{""03-2023"":1289.98},{""04-2023"":1289.98},{""06-2023"":1291.38},{""07-2023"":1285.4},{""09-2023"":2604.04},{""11-2023"":1231.44},{""01-2023"":996.32},{""02-2023"":1560.78},{""05-2023"":1289.98},{""08-2023"":1676.08},{""10-2023"":1730.89},{""01-2026"":789.31},{""02-2026"":1833.41}],""avg_absdelta"":0.33,""coefficient_of_variation"":1.03}]",,,,2026-05-09 20:17:08.369087+00,2026-06-02 19:49:15.364134+00,false,,2,pr_taxes
93,5005 direct support payroll taxes,cogs,fixed,"[{""company"":{""id"":290236,""name"":""Simple Phone Company""},""thresholds"":[{""value"":0.21,""flagrate"":0.36,""confidence"":0,""created_on"":""2026-06-03T15:18:58Z"",""closing_month"":""12-2025""},{""value"":0.15,""flagrate"":0.43,""confidence"":0,""created_on"":""2026-06-03T15:21:11Z"",""closing_month"":""03-2026""}]}]",,0.150,"[{""company"":{""id"":290236,""name"":""Simple Phone Company""},""history"":[{""11-2025"":412.79},{""12-2025"":774.83},{""01-2025"":1278.42},{""03-2025"":712.91},{""05-2025"":738.62},{""07-2025"":494.41},{""08-2025"":451.58},{""10-2025"":500.08},{""02-2025"":652.82},{""04-2025"":739.87},{""06-2025"":803.79},{""09-2025"":478.26},{""01-2026"":806.19},{""02-2026"":457.34},{""03-2026"":784.22}],""avg_absdelta"":0.25,""coefficient_of_variation"":1.08}]",,,,2026-05-09 20:17:08.369087+00,2026-06-02 19:49:15.364134+00,false,,2,pr_taxes
94,5102 direct labor pr - taxes,cogs,fixed,,,0.150,,,,,2026-05-09 20:17:08.369087+00,2026-06-02 19:49:15.364134+00,false,,2,pr_taxes
95,5102 direct payroll taxes,cogs,fixed,"[{""company"":{""id"":279086,""name"":""Marketing 32 Group, LLC""},""thresholds"":[{""value"":0.25,""flagrate"":0.33,""confidence"":0,""created_on"":""2026-06-03T15:04:15Z"",""closing_month"":""03-2026""},{""value"":0.15,""flagrate"":0.67,""confidence"":0,""created_on"":""2026-06-04T12:46:47Z"",""closing_month"":""05-2025""}]}]",,0.150,"[{""company"":{""id"":279086,""name"":""Marketing 32 Group, LLC""},""history"":[{""01-2026"":4359.45},{""02-2026"":3321.26},{""03-2026"":3376.84},{""05-2025"":3380.57}],""avg_absdelta"":0.18,""coefficient_of_variation"":0.65}]",,,,2026-05-09 20:17:08.369087+00,2026-06-02 19:49:15.364134+00,false,,2,pr_taxes
96,51120-000 payroll taxes,cogs,fixed,,,0.150,,,,,2026-05-09 20:17:08.369087+00,2026-06-02 19:49:15.364134+00,false,,2,pr_taxes
97,5120 direct labor - taxes,cogs,fixed,"[{""company"":{""id"":389099,""name"":""REAL HR HERO - THOMPSON HR CONSULTING""},""thresholds"":[{""value"":0.65,""flagrate"":0.14,""confidence"":0,""created_on"":""2026-06-03T15:12:03Z"",""closing_month"":""03-2026""},{""value"":0.33,""flagrate"":0.36,""confidence"":0,""created_on"":""2026-06-04T13:16:01Z"",""closing_month"":""12-2025""}]}]",,0.150,"[{""company"":{""id"":389099,""name"":""REAL HR HERO - THOMPSON HR CONSULTING""},""history"":[{""02-2026"":2384.88},{""03-2026"":2466.57},{""09-2025"":3484.01},{""10-2025"":2201.43},{""11-2025"":2548.8},{""12-2025"":2736.28},{""01-2026"":3836.15},{""04-2025"":3000.77},{""05-2025"":2372.83},{""06-2025"":2702.64},{""07-2025"":2285.62},{""08-2025"":1631.77},{""02-2025"":2022.63},{""01-2025"":2515.93},{""03-2025"":4089.59}],""avg_absdelta"":0.34,""coefficient_of_variation"":0.93}]",,,,2026-05-09 20:17:08.369087+00,2026-06-02 19:49:15.364134+00,false,,2,pr_taxes
98,52103-000 payroll taxes,cogs,fixed,,,0.150,,,,,2026-05-09 20:17:08.369087+00,2026-06-02 19:49:15.364134+00,false,,2,pr_taxes
99,53103-000 payroll taxes,cogs,fixed,,,0.150,,,,,2026-05-09 20:17:08.369087+00,2026-06-02 19:49:15.364134+00,false,,2,pr_taxes
100,5320 payroll taxes - direct,cogs,fixed,"[{""company"":{""id"":290229,""name"":""Reveille, Inc.""},""thresholds"":[{""value"":0.35,""flagrate"":0,""confidence"":0,""created_on"":""2026-06-03T15:14:00Z"",""closing_month"":""05-2025""},{""value"":0.15,""flagrate"":0.25,""confidence"":0,""created_on"":""2026-06-04T13:20:29Z"",""closing_month"":""12-2024""}]}]",,0.150,"[{""company"":{""id"":290229,""name"":""Reveille, Inc.""},""history"":[{""05-2025"":13466.9},{""01-2024"":12980.55},{""02-2024"":10612.93},{""03-2024"":10528.16},{""06-2024"":10379.07},{""07-2024"":10814.47},{""09-2024"":9674.45},{""12-2024"":12719.12},{""04-2024"":11408.92},{""05-2024"":13067.77},{""08-2024"":10577.1},{""10-2024"":8894.31},{""11-2024"":9610.1}],""avg_absdelta"":0.11,""coefficient_of_variation"":0.79}]",,,,2026-05-09 20:17:08.369087+00,2026-06-02 19:49:15.364134+00,false,,2,pr_taxes
101,60003 payroll taxes,opex,fixed,"[{""company"":{""id"":290231,""name"":""SoCal Nautical""},""thresholds"":[{""value"":0.34,""flagrate"":0.67,""confidence"":0,""created_on"":""2026-06-03T15:22:48Z"",""closing_month"":""12-2025""}]}]",,0.150,"[{""company"":{""id"":290231,""name"":""SoCal Nautical""},""history"":[{""11-2025"":403.43},{""12-2025"":505.29},{""06-2025"":250.04},{""07-2025"":617.55},{""08-2025"":1525.95},{""09-2025"":1075.11},{""10-2025"":683.14}],""avg_absdelta"":0.71,""coefficient_of_variation"":0.76}]",,,,2026-05-09 20:17:08.369087+00,2026-06-02 19:49:15.364134+00,false,,2,pr_taxes
102,60005 payroll taxes,opex,fixed,"[{""company"":{""id"":290244,""name"":""Carefree Newport""},""thresholds"":[{""value"":0.19,""flagrate"":0.58,""confidence"":0,""created_on"":""2026-06-03T14:48:26Z"",""closing_month"":""12-2025""}]}]",,0.150,"[{""company"":{""id"":290244,""name"":""Carefree Newport""},""history"":[{""01-2026"":618},{""04-2025"":382.5},{""05-2025"":624.06},{""06-2025"":404.5},{""07-2025"":301.25},{""08-2025"":492},{""09-2025"":492},{""11-2025"":400},{""01-2025"":768.5},{""02-2025"":562.5},{""10-2025"":460},{""12-2025"":400},{""03-2025"":526.5}],""avg_absdelta"":0.27,""coefficient_of_variation"":0.83}]",,,,2026-05-09 20:17:08.369087+00,2026-06-02 19:49:15.364134+00,false,,2,pr_taxes
103,60014-000 payroll taxes,opex,fixed,,,0.150,,,,,2026-05-09 20:17:08.369087+00,2026-06-02 19:49:15.364134+00,false,,2,pr_taxes
104,6002 payroll taxes,opex,fixed,"[{""company"":{""id"":279086,""name"":""Marketing 32 Group, LLC""},""thresholds"":[{""value"":0.15,""flagrate"":0,""confidence"":0,""created_on"":""2026-06-03T15:04:42Z"",""closing_month"":""03-2026""},{""value"":0.15,""flagrate"":0,""confidence"":0,""created_on"":""2026-06-04T12:47:17Z"",""closing_month"":""05-2025""}]}]",,0.150,"[{""company"":{""id"":279086,""name"":""Marketing 32 Group, LLC""},""history"":[{""01-2026"":1950.46},{""02-2026"":2032.63},{""03-2026"":1911.88},{""05-2025"":2219.82}],""avg_absdelta"":0.07,""coefficient_of_variation"":0.46}]",,,,2026-05-09 20:17:08.369087+00,2026-06-02 19:49:15.364134+00,false,,2,pr_taxes
105,60020 payroll taxes,opex,fixed,,,0.150,,,,,2026-05-09 20:17:08.369087+00,2026-06-02 19:49:15.364134+00,false,,2,pr_taxes
106,60030 payroll taxes,opex,fixed,"[{""company"":{""id"":279087,""name"":""Summit Strategy""},""thresholds"":[{""value"":0.15,""flagrate"":0.46,""confidence"":0,""created_on"":""2026-06-03T15:24:41Z"",""closing_month"":""02-2026""},{""value"":0.2,""flagrate"":0.31,""confidence"":0,""created_on"":""2026-06-04T10:59:58Z"",""closing_month"":""12-2025""}]}]",,0.150,"[{""company"":{""id"":279087,""name"":""Summit Strategy""},""history"":[{""01-2026"":5383.17},{""02-2026"":2359.73},{""02-2025"":1700.82},{""03-2025"":1726.7},{""05-2025"":2225.69},{""07-2025"":2275.96},{""09-2025"":2560.01},{""10-2025"":2543.11},{""01-2025"":2849.28},{""04-2025"":1872.08},{""06-2025"":2126.36},{""08-2025"":2624.61},{""11-2025"":2211.45},{""12-2025"":3535.47}],""avg_absdelta"":0.22,""coefficient_of_variation"":0.99}]",,,,2026-05-09 20:17:08.369087+00,2026-06-02 19:49:15.364134+00,false,,2,pr_taxes
107,6007 payroll taxes,opex,fixed,"[{""company"":{""id"":290236,""name"":""Simple Phone Company""},""thresholds"":[{""value"":0.15,""flagrate"":0.43,""confidence"":0,""created_on"":""2026-06-03T15:19:38Z"",""closing_month"":""12-2025""},{""value"":0.42,""flagrate"":0.29,""confidence"":0,""created_on"":""2026-06-03T15:22:07Z"",""closing_month"":""03-2026""}]}]",,0.150,"[{""company"":{""id"":290236,""name"":""Simple Phone Company""},""history"":[{""04-2025"":619.95},{""05-2025"":658.21},{""06-2025"":628.75},{""01-2025"":1126.36},{""02-2025"":480.88},{""07-2025"":684.9},{""08-2025"":625.44},{""09-2025"":658.67},{""10-2025"":689.13},{""11-2025"":571.82},{""12-2025"":651.39},{""03-2025"":629.67},{""01-2026"":1179.12},{""02-2026"":629.29},{""03-2026"":1157.11}],""avg_absdelta"":0.26,""coefficient_of_variation"":1.06}]",,,,2026-05-09 20:17:08.369087+00,2026-06-02 19:49:15.364134+00,false,,2,pr_taxes
108,6022 employee pr - taxes,opex,variable,"[{""company"":{""id"":511616,""name"":""Kahn Media, Inc.""},""thresholds"":[{""value"":0.43,""flagrate"":0.4,""confidence"":0,""created_on"":""2026-06-03T15:00:40Z"",""closing_month"":""03-2026""}]}]",,0.150,"[{""company"":{""id"":511616,""name"":""Kahn Media, Inc.""},""history"":[{""02-2026"":6140.85},{""03-2026"":6593.97},{""10-2025"":29996.94},{""11-2025"":13370.12},{""12-2025"":17902.78},{""01-2026"":9250.88}],""avg_absdelta"":0.36,""coefficient_of_variation"":0.46}]",,,,2026-05-09 20:17:08.369087+00,2026-06-02 19:49:15.364134+00,false,,2,pr_taxes
109,6022 employee taxes,opex,variable,,,0.150,,,,,2026-05-09 20:17:08.369087+00,2026-06-02 19:49:15.364134+00,false,,2,pr_taxes
110,6023 payroll tax expense,opex,fixed,"[{""company"":{""id"":290243,""name"":""Choice Builder Solutions - Online Sales""},""thresholds"":[{""value"":0.61,""flagrate"":0.13,""confidence"":0,""created_on"":""2026-06-03T14:51:33Z"",""closing_month"":""12-2023""}]}]",,0.150,"[{""company"":{""id"":290243,""name"":""Choice Builder Solutions - Online Sales""},""history"":[{""06-2023"":663.72},{""07-2023"":639.05},{""10-2023"":1133.05},{""11-2023"":815.48},{""12-2023"":422.53},{""04-2023"":1258.37},{""08-2023"":1570.92},{""09-2023"":1389.62},{""05-2023"":673.14}],""avg_absdelta"":0.38,""coefficient_of_variation"":1.16}]",,,,2026-05-09 20:17:08.369087+00,2026-06-02 19:49:15.364134+00,false,,2,pr_taxes
111,6102 employee pr - taxes,opex,variable,,,0.150,,,,,2026-05-09 20:17:08.369087+00,2026-06-02 19:49:15.364134+00,false,,2,pr_taxes
112,6120 employee pr - taxes,opex,variable,"[{""company"":{""id"":389099,""name"":""REAL HR HERO - THOMPSON HR CONSULTING""},""thresholds"":[{""value"":0.15,""flagrate"":0,""confidence"":0,""created_on"":""2026-06-03T15:13:30Z"",""closing_month"":""03-2026""},{""value"":0.16,""flagrate"":0.43,""confidence"":0,""created_on"":""2026-06-04T13:17:51Z"",""closing_month"":""12-2025""}]}]",,0.150,"[{""company"":{""id"":389099,""name"":""REAL HR HERO - THOMPSON HR CONSULTING""},""history"":[{""01-2026"":587.36},{""02-2026"":411.09},{""03-2026"":457.03},{""09-2025"":667.27},{""10-2025"":650.88},{""11-2025"":586.91},{""12-2025"":647.31},{""01-2025"":1347.55},{""03-2025"":1747.21},{""04-2025"":965.59},{""05-2025"":1193.36},{""06-2025"":1098.65},{""08-2025"":1100.33},{""02-2025"":1105.24},{""07-2025"":970.84}],""avg_absdelta"":0.21,""coefficient_of_variation"":0.76}]",,,,2026-05-09 20:17:08.369087+00,2026-06-02 19:49:15.364134+00,false,,2,pr_taxes
113,6354 payroll taxes,opex,fixed,,,0.150,,,,,2026-05-09 20:17:08.369087+00,2026-06-02 19:49:15.364134+00,false,,2,pr_taxes
114,6402 employee taxes,opex,variable,,,0.150,,,,,2026-05-09 20:17:08.369087+00,2026-06-02 19:49:15.364134+00,false,,2,pr_taxes
115,6452 payroll taxes,opex,fixed,,,0.150,,,,,2026-05-09 20:17:08.369087+00,2026-06-02 19:49:15.364134+00,false,,2,pr_taxes
116,65102-000 payroll taxes,opex,fixed,,,0.150,,,,,2026-05-09 20:17:08.369087+00,2026-06-02 19:49:15.364134+00,false,,2,pr_taxes
117,6703 payroll taxes,opex,fixed,"[{""company"":{""id"":290224,""name"":""Pittwater""},""thresholds"":[{""value"":0.3,""flagrate"":0.27,""confidence"":0,""created_on"":""2026-06-03T15:10:25Z"",""closing_month"":""12-2025""},{""value"":0.15,""flagrate"":0.46,""confidence"":0,""created_on"":""2026-06-04T13:16:36Z"",""closing_month"":""02-2026""}]}]",,0.150,"[{""company"":{""id"":290224,""name"":""Pittwater""},""history"":[{""08-2025"":2145.67},{""02-2025"":1432.47},{""06-2025"":1407.37},{""09-2025"":2224.74},{""10-2025"":2305.23},{""11-2025"":1966.22},{""12-2025"":6534.9},{""01-2025"":1457.25},{""03-2025"":1523.02},{""04-2025"":1992.46},{""05-2025"":1634.33},{""07-2025"":2222.76},{""01-2026"":1544},{""02-2026"":3047.49}],""avg_absdelta"":0.43,""coefficient_of_variation"":1.44}]",,,,2026-05-09 20:17:08.369087+00,2026-06-02 19:49:15.364134+00,false,,2,pr_taxes
118,62000 business licenses and taxes,opex,variable,,,0.150,,,,,2026-05-09 20:17:08.369087+00,2026-06-02 19:49:15.364134+00,false,,2,
119,1-65510 payroll processing fees,opex,fixed,,,0.150,,,,,2026-05-09 20:17:08.369087+00,2026-06-02 19:49:15.364134+00,false,,2,pr_fees
120,3-65510 payroll processing fees,opex,fixed,,,0.150,,,,,2026-05-09 20:17:08.369087+00,2026-06-02 19:49:15.364134+00,false,,2,pr_fees
121,4-65510 payroll processing fees,opex,fixed,,,0.150,,,,,2026-05-09 20:17:08.369087+00,2026-06-02 19:49:15.364134+00,false,,2,pr_fees
122,60004 payroll processing fee,opex,fixed,,,0.150,,,,,2026-05-09 20:17:08.369087+00,2026-06-02 19:49:15.364134+00,false,,2,pr_fees
123,60005 payroll fee,opex,fixed,"[{""company"":{""id"":290231,""name"":""SoCal Nautical""},""thresholds"":[{""value"":1.11,""flagrate"":0.18,""confidence"":0,""created_on"":""2026-06-03T15:23:09Z"",""closing_month"":""12-2025""}]}]",,0.150,"[{""company"":{""id"":290231,""name"":""SoCal Nautical""},""history"":[{""01-2025"":451.42},{""02-2025"":1183.71},{""03-2025"":715.04},{""06-2025"":1254.32},{""07-2025"":732.82},{""09-2025"":1504.09},{""11-2025"":1025.81},{""12-2025"":-858.48},{""04-2025"":726.02},{""05-2025"":726.02},{""08-2025"":835.7},{""10-2025"":1021}],""avg_absdelta"":0.57,""coefficient_of_variation"":1.06}]",,,,2026-05-09 20:17:08.369087+00,2026-06-02 19:49:15.364134+00,false,,2,pr_fees
124,60006 payroll processing fees,opex,fixed,"[{""company"":{""id"":290244,""name"":""Carefree Newport""},""thresholds"":[{""value"":1.38,""flagrate"":0.42,""confidence"":0,""created_on"":""2026-06-03T14:48:37Z"",""closing_month"":""12-2025""}]}]",,0.150,"[{""company"":{""id"":290244,""name"":""Carefree Newport""},""history"":[{""01-2026"":548.59},{""07-2025"":999.06},{""10-2025"":1029.59},{""11-2025"":1024.48},{""12-2025"":-850.16},{""02-2025"":1291.48},{""03-2025"":648.38},{""04-2025"":728.38},{""06-2025"":937.32},{""08-2025"":468.66},{""09-2025"":1295.16},{""01-2025"":409.12},{""05-2025"":259.72}],""avg_absdelta"":1.01,""coefficient_of_variation"":0.88}]",,,,2026-05-09 20:17:08.369087+00,2026-06-02 19:49:15.364134+00,false,,2,pr_fees
125,6004 payroll fees,opex,fixed,"[{""company"":{""id"":279086,""name"":""Marketing 32 Group, LLC""},""thresholds"":[{""value"":0.15,""flagrate"":0.67,""confidence"":0,""created_on"":""2026-06-03T15:04:52Z"",""closing_month"":""03-2026""},{""value"":0.4,""flagrate"":0,""confidence"":0,""created_on"":""2026-06-04T12:47:25Z"",""closing_month"":""05-2025""}]}]",,0.150,"[{""company"":{""id"":279086,""name"":""Marketing 32 Group, LLC""},""history"":[{""01-2026"":690.77},{""02-2026"":810.77},{""03-2026"":703.56},{""05-2025"":362.44}],""avg_absdelta"":0.4,""coefficient_of_variation"":0.88}]",,,,2026-05-09 20:17:08.369087+00,2026-06-02 19:49:15.364134+00,false,,2,pr_fees
126,6006 payroll processing fees,opex,fixed,"[{""company"":{""id"":290228,""name"":""FORMM""},""thresholds"":[{""value"":0.15,""flagrate"":0.64,""confidence"":0,""created_on"":""2026-06-03T14:59:17Z"",""closing_month"":""03-2026""},{""value"":0.42,""flagrate"":0.45,""confidence"":0,""created_on"":""2026-06-04T12:34:02Z"",""closing_month"":""12-2025""}]}]",,0.150,"[{""company"":{""id"":290228,""name"":""FORMM""},""history"":[{""01-2026"":1309.02},{""02-2026"":623.95},{""03-2026"":888.19},{""04-2025"":510.64},{""06-2025"":858.52},{""11-2025"":876.7},{""05-2025"":738.28},{""07-2025"":858.52},{""08-2025"":427},{""09-2025"":858.52},{""10-2025"":862.16},{""12-2025"":985.65}],""avg_absdelta"":0.32,""coefficient_of_variation"":0.91}]",,,,2026-05-09 20:17:08.369087+00,2026-06-02 19:49:15.364134+00,false,,2,pr_fees
127,60060 payroll fees,opex,fixed,"[{""company"":{""id"":279087,""name"":""Summit Strategy""},""thresholds"":[{""value"":0.15,""flagrate"":0.38,""confidence"":0,""created_on"":""2026-06-03T15:24:55Z"",""closing_month"":""02-2026""},{""value"":0.15,""flagrate"":0.38,""confidence"":0,""created_on"":""2026-06-04T11:00:27Z"",""closing_month"":""12-2025""}]}]",,0.150,"[{""company"":{""id"":279087,""name"":""Summit Strategy""},""history"":[{""01-2026"":140},{""02-2026"":140},{""09-2025"":140},{""11-2025"":140},{""12-2025"":140},{""01-2025"":116},{""04-2025"":171.03},{""06-2025"":116},{""07-2025"":116},{""10-2025"":300.47},{""02-2025"":116},{""03-2025"":120},{""05-2025"":116},{""08-2025"":140}],""avg_absdelta"":0.21,""coefficient_of_variation"":1.59}]",,,,2026-05-09 20:17:08.369087+00,2026-06-02 19:49:15.364134+00,false,,2,pr_fees
128,6008 payroll fees,opex,fixed,"[{""company"":{""id"":290236,""name"":""Simple Phone Company""},""thresholds"":[{""value"":0.15,""flagrate"":0.14,""confidence"":0,""created_on"":""2026-06-03T15:19:48Z"",""closing_month"":""12-2025""},{""value"":0.15,""flagrate"":0.14,""confidence"":0,""created_on"":""2026-06-03T15:22:17Z"",""closing_month"":""03-2026""}]}]",,0.150,"[{""company"":{""id"":290236,""name"":""Simple Phone Company""},""history"":[{""06-2025"":160},{""10-2025"":230},{""01-2025"":160},{""03-2025"":160},{""05-2025"":160},{""07-2025"":160},{""08-2025"":140},{""09-2025"":140},{""11-2025"":140},{""12-2025"":140},{""02-2025"":160},{""04-2025"":160},{""01-2026"":140},{""02-2026"":140},{""03-2026"":140}],""avg_absdelta"":0.08,""coefficient_of_variation"":2.25}]",,,,2026-05-09 20:17:08.369087+00,2026-06-02 19:49:15.364134+00,false,,2,pr_fees
129,6009 401k processing fee,opex,variable,"[{""company"":{""id"":290236,""name"":""Simple Phone Company""},""thresholds"":[{""value"":0.15,""flagrate"":0,""confidence"":0,""created_on"":""2026-06-03T15:19:58Z"",""closing_month"":""12-2025""},{""value"":0.15,""flagrate"":0.14,""confidence"":0,""created_on"":""2026-06-03T15:22:27Z"",""closing_month"":""03-2026""}]}]",,0.150,"[{""company"":{""id"":290236,""name"":""Simple Phone Company""},""history"":[{""08-2025"":146.5},{""10-2025"":221.52},{""11-2025"":216.52},{""01-2025"":289.82},{""02-2025"":295.7},{""04-2025"":295.7},{""05-2025"":295.7},{""06-2025"":295.7},{""09-2025"":221.52},{""12-2025"":216.52},{""03-2025"":295.7},{""07-2025"":295.7},{""01-2026"":216.52},{""02-2026"":218.49},{""03-2026"":218.49}],""avg_absdelta"":0.08,""coefficient_of_variation"":2.31}]",,,,2026-05-09 20:17:08.369087+00,2026-06-02 19:49:15.364134+00,false,,2,pr_fees
130,6025 payroll fees,opex,fixed,"[{""company"":{""id"":290229,""name"":""Reveille, Inc.""},""thresholds"":[{""value"":0.45,""flagrate"":0.08,""confidence"":0,""created_on"":""2026-06-03T15:15:09Z"",""closing_month"":""05-2025""},{""value"":0.15,""flagrate"":0.08,""confidence"":0,""created_on"":""2026-06-04T13:21:53Z"",""closing_month"":""12-2024""}]}]",,0.150,"[{""company"":{""id"":290229,""name"":""Reveille, Inc.""},""history"":[{""05-2025"":4214.02},{""12-2024"":2695.09},{""01-2024"":2822.09},{""03-2024"":2987.72},{""05-2024"":2953.35},{""07-2024"":3078.99},{""09-2024"":2655.2},{""10-2024"":2695.09},{""11-2024"":2629.46},{""02-2024"":2856.46},{""04-2024"":2947.72},{""06-2024"":2953.35},{""08-2024"":2947.72}],""avg_absdelta"":0.07,""coefficient_of_variation"":2.03}]",,,,2026-05-09 20:17:08.369087+00,2026-06-02 19:49:15.364134+00,false,,2,pr_fees
131,6030 payroll fees,opex,fixed,,,0.150,,,,,2026-05-09 20:17:08.369087+00,2026-06-02 19:49:15.364134+00,false,,2,pr_fees
132,6030 payroll processing fees,opex,fixed,,,0.150,,,,,2026-05-09 20:17:08.369087+00,2026-06-02 19:49:15.364134+00,false,,2,pr_fees
133,6031 401k processing fee,opex,variable,,,0.150,,,,,2026-05-09 20:17:08.369087+00,2026-06-02 19:49:15.364134+00,false,,2,pr_fees
134,6032 payroll fees - hsa,opex,fixed,,,0.150,,,,,2026-05-09 20:17:08.369087+00,2026-06-02 19:49:15.364134+00,false,,2,pr_fees
135,6110 payroll fees,opex,fixed,,,0.150,,,,,2026-05-09 20:17:08.369087+00,2026-06-02 19:49:15.364134+00,false,,2,pr_fees
136,6200 payroll processing fees,opex,fixed,"[{""company"":{""id"":389099,""name"":""REAL HR HERO - THOMPSON HR CONSULTING""},""thresholds"":[{""value"":0.15,""flagrate"":0.29,""confidence"":0,""created_on"":""2026-06-03T15:13:40Z"",""closing_month"":""03-2026""},{""value"":0.15,""flagrate"":0.29,""confidence"":0,""created_on"":""2026-06-04T13:18:11Z"",""closing_month"":""12-2025""}]}]",,0.150,"[{""company"":{""id"":389099,""name"":""REAL HR HERO - THOMPSON HR CONSULTING""},""history"":[{""02-2026"":250.21},{""03-2026"":138.21},{""09-2025"":116.27},{""10-2025"":116.15},{""11-2025"":116.21},{""12-2025"":112.72},{""01-2026"":112.72},{""05-2025"":116.21},{""07-2025"":116.21},{""01-2025"":107.59},{""03-2025"":137.58},{""04-2025"":117.58},{""06-2025"":116.21},{""08-2025"":116.21},{""02-2025"":280.58}],""avg_absdelta"":0.28,""coefficient_of_variation"":1.74}]",,,,2026-05-09 20:17:08.369087+00,2026-06-02 19:49:15.364134+00,false,,2,pr_fees
137,6355 payroll fees,opex,fixed,,,0.150,,,,,2026-05-09 20:17:08.369087+00,2026-06-02 19:49:15.364134+00,false,,2,pr_fees
138,6403 payroll fees,opex,fixed,"[{""company"":{""id"":318655,""name"":""Clay Entertainment""},""thresholds"":[{""value"":0.5,""flagrate"":0.36,""confidence"":0,""created_on"":""2026-06-03T14:53:38Z"",""closing_month"":""12-2025""},{""value"":0.44,""flagrate"":0.45,""confidence"":0,""created_on"":""2026-06-03T14:56:00Z"",""closing_month"":""03-2026""}]}]",,0.150,"[{""company"":{""id"":318655,""name"":""Clay Entertainment""},""history"":[{""04-2025"":191.38},{""06-2025"":191.38},{""08-2025"":296.64},{""09-2025"":220.09},{""12-2025"":692.06},{""05-2025"":191.38},{""07-2025"":191.38},{""10-2025"":928.13},{""11-2025"":433.3},{""01-2026"":692.06},{""02-2026"":1002.16},{""03-2026"":940.6}],""avg_absdelta"":0.51,""coefficient_of_variation"":1.72}]",,,,2026-05-09 20:17:08.369087+00,2026-06-02 19:49:15.364134+00,false,,2,pr_fees
139,6407 adp payroll fees,opex,fixed,,,0.150,,,,,2026-05-09 20:17:08.369087+00,2026-06-02 19:49:15.364134+00,false,,2,pr_fees
140,6453 payroll processing fees,opex,fixed,,,0.150,,,,,2026-05-09 20:17:08.369087+00,2026-06-02 19:49:15.364134+00,false,,2,pr_fees
141,65108-000 payroll processing fees,opex,fixed,,,0.150,,,,,2026-05-09 20:17:08.369087+00,2026-06-02 19:49:15.364134+00,false,,2,pr_fees
142,6558 payroll processing fee,opex,fixed,"[{""company"":{""id"":290240,""name"":""Orange County Children's Therapeutic Arts Center""},""thresholds"":[{""value"":0.15,""flagrate"":0.4,""confidence"":0,""created_on"":""2026-06-04T13:06:54Z"",""closing_month"":""03-2026""}]}]",,0.150,"[{""company"":{""id"":290240,""name"":""Orange County Children's Therapeutic Arts Center""},""history"":[{""02-2026"":1601.57},{""03-2026"":12052.46},{""10-2025"":580.29},{""11-2025"":595.9},{""12-2025"":595.9},{""01-2026"":605.14}],""avg_absdelta"":1.64,""coefficient_of_variation"":1.53}]",,,,2026-05-09 20:17:08.369087+00,2026-06-02 19:49:15.364134+00,false,,2,pr_fees
143,6708 payroll processing fees,opex,fixed,"[{""company"":{""id"":290224,""name"":""Pittwater""},""thresholds"":[{""value"":0.71,""flagrate"":0,""confidence"":0,""created_on"":""2026-06-03T15:10:55Z"",""closing_month"":""12-2025""},{""value"":0.15,""flagrate"":0.62,""confidence"":0,""created_on"":""2026-06-04T13:17:18Z"",""closing_month"":""02-2026""}]}]",,0.150,"[{""company"":{""id"":290224,""name"":""Pittwater""},""history"":[{""01-2025"":622.86},{""05-2025"":136.35},{""06-2025"":136.35},{""07-2025"":274.8},{""10-2025"":222.2},{""11-2025"":222.2},{""02-2025"":771.7},{""03-2025"":771.07},{""04-2025"":136.35},{""08-2025"":202},{""09-2025"":267.65},{""12-2025"":62.79},{""01-2026"":222.2},{""02-2026"":201.9}],""avg_absdelta"":0.48,""coefficient_of_variation"":1.43}]",,,,2026-05-09 20:17:08.369087+00,2026-06-02 19:49:15.364134+00,false,,2,pr_fees
144,1-61000 dues and subscriptions,opex,fixed,,,0.150,,,,,2026-05-09 20:17:08.369087+00,2026-06-02 19:49:15.364134+00,false,,2,dues_and_subscriptions
145,2-61000 dues and subscriptions,opex,fixed,,,0.150,,,,,2026-05-09 20:17:08.369087+00,2026-06-02 19:49:15.364134+00,false,,2,dues_and_subscriptions
146,3-61000 dues and subscriptions,opex,fixed,,,0.150,,,,,2026-05-09 20:17:08.369087+00,2026-06-02 19:49:15.364134+00,false,,2,dues_and_subscriptions
147,4-64600 dues & subscriptions,opex,fixed,,,0.150,,,,,2026-05-09 20:17:08.369087+00,2026-06-02 19:49:15.364134+00,false,,2,dues_and_subscriptions
148,40000 membership dues,revenue,variable,"[{""company"":{""id"":290231,""name"":""SoCal Nautical""},""thresholds"":[{""value"":0.15,""flagrate"":0.09,""confidence"":0,""created_on"":""2026-06-03T15:22:09Z"",""closing_month"":""12-2025""}]}]",,0.150,"[{""company"":{""id"":290231,""name"":""SoCal Nautical""},""history"":[{""01-2025"":62334.48},{""03-2025"":61558.34},{""07-2025"":66486.28},{""12-2025"":56166.83},{""02-2025"":62216.06},{""04-2025"":61619.78},{""05-2025"":61605.73},{""06-2025"":64114.63},{""08-2025"":74122.02},{""09-2025"":60725.97},{""10-2025"":59020.3},{""11-2025"":57980.56}],""avg_absdelta"":0.04,""coefficient_of_variation"":1.27}]",,,,2026-05-09 20:17:08.369087+00,2026-06-02 19:49:15.364134+00,false,,2,dues_and_subscriptions
149,40100-000 membership dues,revenue,variable,,,0.150,,,,,2026-05-09 20:17:08.369087+00,2026-06-02 19:49:15.364134+00,false,,2,dues_and_subscriptions
150,40100-008 community subscription,revenue,variable,,,0.150,,,,,2026-05-09 20:17:08.369087+00,2026-06-02 19:49:15.364134+00,false,,2,dues_and_subscriptions
151,50020 software and tools subsc...,cogs,fixed,,,0.150,,,,,2026-05-09 20:17:08.369087+00,2026-06-02 19:49:15.364134+00,false,,2,dues_and_subscriptions
152,5003 software & apps - cogs,cogs,variable,,,0.150,,,,,2026-05-09 20:17:08.369087+00,2026-06-02 19:49:15.364134+00,false,,2,dues_and_subscriptions
153,5004 saas software,cogs,fixed,,,0.150,,,,,2026-05-09 20:17:08.369087+00,2026-06-02 19:49:15.364134+00,false,,2,dues_and_subscriptions
154,5004 software & app cogs,cogs,variable,,,0.150,,,,,2026-05-09 20:17:08.369087+00,2026-06-02 19:49:15.364134+00,false,,2,dues_and_subscriptions
155,5005 software & app cogs,cogs,variable,"[{""company"":{""id"":318655,""name"":""Clay Entertainment""},""thresholds"":[{""value"":0.29,""flagrate"":0.64,""confidence"":0,""created_on"":""2026-06-03T14:52:45Z"",""closing_month"":""12-2025""},{""value"":0.41,""flagrate"":0.43,""confidence"":0,""created_on"":""2026-06-03T14:54:54Z"",""closing_month"":""03-2026""}]}]",,0.150,"[{""company"":{""id"":318655,""name"":""Clay Entertainment""},""history"":[{""01-2025"":162},{""02-2025"":265.77},{""03-2025"":353.36},{""05-2025"":337.24},{""08-2025"":841.04},{""09-2025"":801.62},{""11-2025"":737.76},{""12-2025"":553.19},{""04-2025"":924.43},{""06-2025"":682.14},{""07-2025"":600.02},{""10-2025"":1231.15},{""01-2026"":553.19},{""02-2026"":224.19},{""03-2026"":228.18}],""avg_absdelta"":0.47,""coefficient_of_variation"":0.89}]",,,,2026-05-09 20:17:08.369087+00,2026-06-02 19:49:15.364134+00,false,,2,dues_and_subscriptions
156,5040 software cogs - apps & other,cogs,variable,,,0.150,,,,,2026-05-09 20:17:08.369087+00,2026-06-02 19:49:15.364134+00,false,,2,dues_and_subscriptions
157,5200 production software,cogs,variable,,,0.150,,,,,2026-05-09 20:17:08.369087+00,2026-06-02 19:49:15.364134+00,false,,2,dues_and_subscriptions
158,5210 software & subscriptions,cogs,fixed,"[{""company"":{""id"":389099,""name"":""REAL HR HERO - THOMPSON HR CONSULTING""},""thresholds"":[{""value"":1,""flagrate"":0.14,""confidence"":0,""created_on"":""2026-06-03T15:12:46Z"",""closing_month"":""03-2026""},{""value"":0.36,""flagrate"":0,""confidence"":0,""created_on"":""2026-06-04T13:17:02Z"",""closing_month"":""12-2025""}]}]",,0.150,"[{""company"":{""id"":389099,""name"":""REAL HR HERO - THOMPSON HR CONSULTING""},""history"":[{""10-2025"":227.96},{""11-2025"":218.96},{""12-2025"":218.96},{""01-2026"":218.96},{""02-2026"":218.96},{""03-2026"":218.96},{""09-2025"":218.96},{""01-2025"":3077.29},{""02-2025"":3077.3},{""03-2025"":3077.29},{""04-2025"":210.63},{""05-2025"":210.63},{""06-2025"":-10884.35},{""07-2025"":218.94},{""08-2025"":218.96}],""avg_absdelta"":3.91,""coefficient_of_variation"":3.46}]",,,,2026-05-09 20:17:08.369087+00,2026-06-02 19:49:15.364134+00,false,,2,dues_and_subscriptions
159,6004 office supplies & software,opex,variable,,,0.150,,,,,2026-05-09 20:17:08.369087+00,2026-06-02 19:49:15.364134+00,false,,2,dues_and_subscriptions
160,60101-000 dues and subscriptions,opex,fixed,,,0.150,,,,,2026-05-09 20:17:08.369087+00,2026-06-02 19:49:15.364134+00,false,,2,dues_and_subscriptions
161,6040 dues & membership,opex,fixed,,,0.150,,,,,2026-05-09 20:17:08.369087+00,2026-06-02 19:49:15.364134+00,false,,2,dues_and_subscriptions
162,6041 douglas elliman dues,opex,fixed,,,0.150,,,,,2026-05-09 20:17:08.369087+00,2026-06-02 19:49:15.364134+00,false,,2,dues_and_subscriptions
163,6045 other dues & memberships,opex,fixed,,,0.150,,,,,2026-05-09 20:17:08.369087+00,2026-06-02 19:49:15.364134+00,false,,2,dues_and_subscriptions
164,60500 dues and subscriptions,opex,fixed,,,0.150,,,,,2026-05-09 20:17:08.369087+00,2026-06-02 19:49:15.364134+00,false,,2,dues_and_subscriptions
165,6052 association dues,opex,fixed,"[{""company"":{""id"":290229,""name"":""Reveille, Inc.""},""thresholds"":[{""value"":0.15,""flagrate"":0.89,""confidence"":0,""created_on"":""2026-06-03T15:15:18Z"",""closing_month"":""05-2025""},{""value"":1.13,""flagrate"":0.22,""confidence"":0,""created_on"":""2026-06-04T13:22:03Z"",""closing_month"":""12-2024""}]}]",,0.150,"[{""company"":{""id"":290229,""name"":""Reveille, Inc.""},""history"":[{""08-2024"":1837.7},{""10-2024"":794},{""11-2024"":336.25},{""02-2024"":495},{""05-2024"":93},{""06-2024"":1766},{""07-2024"":185},{""12-2024"":342},{""01-2024"":684},{""03-2024"":749}],""avg_absdelta"":3.4,""coefficient_of_variation"":1.7}]",,,,2026-05-09 20:17:08.369087+00,2026-06-02 19:49:15.364134+00,false,,2,dues_and_subscriptions
166,6055 dues and subscriptions,opex,fixed,"[{""company"":{""id"":290228,""name"":""FORMM""},""thresholds"":[{""value"":0.22,""flagrate"":0.07,""confidence"":0,""created_on"":""2026-06-03T14:59:48Z"",""closing_month"":""03-2026""},{""value"":0.16,""flagrate"":0.36,""confidence"":0,""created_on"":""2026-06-04T12:34:34Z"",""closing_month"":""12-2025""}]}]",,0.150,"[{""company"":{""id"":290228,""name"":""FORMM""},""history"":[{""01-2026"":5679.14},{""02-2026"":5436.2},{""03-2026"":4153.16},{""04-2025"":4190.57},{""05-2025"":4714.85},{""06-2025"":4896.86},{""10-2025"":6349.61},{""02-2025"":5372.09},{""03-2025"":4427.03},{""07-2025"":4885.29},{""08-2025"":5528.37},{""09-2025"":5311.08},{""11-2025"":5210.39},{""12-2025"":5593.39},{""01-2025"":4531.05}],""avg_absdelta"":0.11,""coefficient_of_variation"":0.7}]",,,,2026-05-09 20:17:08.369087+00,2026-06-02 19:49:15.364134+00,false,,2,dues_and_subscriptions
167,6063 software expenses,opex,fixed,,,0.150,,,,,2026-05-09 20:17:08.369087+00,2026-06-02 19:49:15.364134+00,false,,2,dues_and_subscriptions
168,6100 dues and subscriptions,opex,fixed,,,0.150,,,,,2026-05-09 20:17:08.369087+00,2026-06-02 19:49:15.364134+00,false,,2,dues_and_subscriptions
169,6101 computer software,opex,fixed,"[{""company"":{""id"":290236,""name"":""Simple Phone Company""},""thresholds"":[{""value"":0.15,""flagrate"":0,""confidence"":0,""created_on"":""2026-06-03T15:19:59Z"",""closing_month"":""12-2025""},{""value"":0.15,""flagrate"":0,""confidence"":0,""created_on"":""2026-06-03T15:22:48Z"",""closing_month"":""03-2026""}]}]",,0.150,"[{""company"":{""id"":290236,""name"":""Simple Phone Company""},""history"":[{""12-2025"":833.36},{""02-2025"":717.6},{""03-2025"":760.85},{""04-2025"":742.91},{""06-2025"":816.12},{""07-2025"":784.18},{""11-2025"":818.76},{""01-2025"":734.43},{""05-2025"":776.97},{""08-2025"":799.32},{""09-2025"":785.57},{""10-2025"":790.98},{""01-2026"":835.82},{""02-2026"":850.32},{""03-2026"":841.67}],""avg_absdelta"":0.03,""coefficient_of_variation"":0.63}]",,,,2026-05-09 20:17:08.369087+00,2026-06-02 19:49:15.364134+00,false,,2,dues_and_subscriptions
170,6101 dues & subscriptions,opex,fixed,,,0.150,,,,,2026-05-09 20:17:08.369087+00,2026-06-02 19:49:15.364134+00,false,,2,dues_and_subscriptions
171,6130 dues & subscriptions,opex,fixed,"[{""company"":{""id"":290243,""name"":""Choice Builder Solutions - Online Sales""},""thresholds"":[{""value"":1.81,""flagrate"":0.27,""confidence"":0,""created_on"":""2026-06-03T14:52:31Z"",""closing_month"":""12-2023""}]}]",,0.150,"[{""company"":{""id"":290243,""name"":""Choice Builder Solutions - Online Sales""},""history"":[{""05-2023"":805},{""06-2023"":61},{""07-2023"":886},{""08-2023"":60},{""09-2023"":1075.79},{""10-2023"":830.91},{""02-2023"":55},{""03-2023"":55},{""04-2023"":55},{""11-2023"":242.78},{""12-2023"":332.19},{""01-2023"":61}],""avg_absdelta"":4.3,""coefficient_of_variation"":1.49}]",,,,2026-05-09 20:17:08.369087+00,2026-06-02 19:49:15.364134+00,false,,2,dues_and_subscriptions
172,6151 dues & subscriptions,opex,fixed,,,0.150,,,,,2026-05-09 20:17:08.369087+00,2026-06-02 19:49:15.364134+00,false,,2,dues_and_subscriptions
173,6152 software & applications,opex,fixed,"[{""company"":{""id"":279086,""name"":""Marketing 32 Group, LLC""},""thresholds"":[{""value"":0.15,""flagrate"":1,""confidence"":0,""created_on"":""2026-06-03T15:05:12Z"",""closing_month"":""03-2026""},{""value"":0.25,""flagrate"":0.67,""confidence"":0,""created_on"":""2026-06-04T12:47:37Z"",""closing_month"":""05-2025""}]}]",,0.150,"[{""company"":{""id"":279086,""name"":""Marketing 32 Group, LLC""},""history"":[{""01-2026"":8019.58},{""02-2026"":5660.6},{""03-2026"":4697.16},{""05-2025"":6011.25}],""avg_absdelta"":0.27,""coefficient_of_variation"":0.26}]",,,,2026-05-09 20:17:08.369087+00,2026-06-02 19:49:15.364134+00,false,,2,dues_and_subscriptions
174,6153 dues & subscriptions,opex,fixed,"[{""company"":{""id"":290402,""name"":""Dap Media, Inc""},""thresholds"":[{""value"":0.16,""flagrate"":0,""confidence"":0,""created_on"":""2026-06-03T14:55:23Z"",""closing_month"":""03-2026""},{""value"":0.31,""flagrate"":0,""confidence"":0,""created_on"":""2026-06-04T12:28:54Z"",""closing_month"":""12-2025""}]}]",,0.150,"[{""company"":{""id"":290402,""name"":""Dap Media, Inc""},""history"":[{""01-2026"":459.56},{""02-2026"":426.02},{""03-2026"":517.78},{""09-2025"":412.98},{""12-2025"":552.49},{""01-2025"":181.24},{""06-2025"":398.99},{""07-2025"":294.57},{""08-2025"":318.7},{""10-2025"":787.46},{""11-2025"":590.22},{""02-2025"":149.34},{""03-2025"":157.24},{""04-2025"":178.14},{""05-2025"":179.41}],""avg_absdelta"":0.28,""coefficient_of_variation"":1.21}]",,,,2026-05-09 20:17:08.369087+00,2026-06-02 19:49:15.364134+00,false,,2,dues_and_subscriptions
175,6155 office software,opex,fixed,,,0.150,,,,,2026-05-09 20:17:08.369087+00,2026-06-02 19:49:15.364134+00,false,,2,dues_and_subscriptions
176,6155 software & apps,opex,fixed,,,0.150,,,,,2026-05-09 20:17:08.369087+00,2026-06-02 19:49:15.364134+00,false,,2,dues_and_subscriptions
177,61550 software & apps,opex,fixed,"[{""company"":{""id"":279087,""name"":""Summit Strategy""},""thresholds"":[{""value"":0.15,""flagrate"":0.38,""confidence"":0,""created_on"":""2026-06-03T15:25:13Z"",""closing_month"":""02-2026""},{""value"":0.24,""flagrate"":0.23,""confidence"":0,""created_on"":""2026-06-04T11:00:49Z"",""closing_month"":""12-2025""}]}]",,0.150,"[{""company"":{""id"":279087,""name"":""Summit Strategy""},""history"":[{""01-2026"":3026.44},{""02-2026"":2949.16},{""01-2025"":1460.53},{""05-2025"":1461.36},{""07-2025"":1725.2},{""09-2025"":1500.31},{""11-2025"":1616.26},{""02-2025"":1671.43},{""03-2025"":2011.7},{""04-2025"":2113.75},{""06-2025"":1371.4},{""08-2025"":1726.75},{""10-2025"":1481.31},{""12-2025"":2578.11}],""avg_absdelta"":0.16,""coefficient_of_variation"":0.98}]",,,,2026-05-09 20:17:08.369087+00,2026-06-02 19:49:15.364134+00,false,,2,dues_and_subscriptions
178,6158 software & apps,opex,fixed,"[{""company"":{""id"":290402,""name"":""Dap Media, Inc""},""thresholds"":[{""value"":0.22,""flagrate"":0.36,""confidence"":0,""created_on"":""2026-06-03T14:55:23Z"",""closing_month"":""03-2026""},{""value"":0.3,""flagrate"":0.29,""confidence"":0,""created_on"":""2026-06-04T12:28:54Z"",""closing_month"":""12-2025""}]}]",,0.150,"[{""company"":{""id"":290402,""name"":""Dap Media, Inc""},""history"":[{""03-2026"":1889.1},{""01-2026"":1603.39},{""02-2026"":2021.82},{""04-2025"":1133.2},{""05-2025"":1096.12},{""09-2025"":1623.54},{""11-2025"":1742.49},{""12-2025"":1525.76},{""06-2025"":2029.26},{""07-2025"":1751.8},{""08-2025"":1740.66},{""10-2025"":1536.66},{""01-2025"":438.18},{""02-2025"":1328.44},{""03-2025"":862.28}],""avg_absdelta"":0.32,""coefficient_of_variation"":1.62}]",,,,2026-05-09 20:17:08.369087+00,2026-06-02 19:49:15.364134+00,false,,2,dues_and_subscriptions
180,6200 computer software & inter...,opex,fixed,,,0.150,,,,,2026-05-09 20:17:08.369087+00,2026-06-02 19:49:15.364134+00,false,,2,dues_and_subscriptions
181,6200 dues and subscriptions,opex,fixed,,,0.150,,,,,2026-05-09 20:17:08.369087+00,2026-06-02 19:49:15.364134+00,false,,2,dues_and_subscriptions
182,6201 dues & subscription,opex,fixed,,,0.150,,,,,2026-05-09 20:17:08.369087+00,2026-06-02 19:49:15.364134+00,false,,2,dues_and_subscriptions
183,6203 dues & subscriptions,opex,fixed,,,0.150,,,,,2026-05-09 20:17:08.369087+00,2026-06-02 19:49:15.364134+00,false,,2,dues_and_subscriptions
184,6204 software subscriptions,opex,fixed,"[{""company"":{""id"":290236,""name"":""Simple Phone Company""},""thresholds"":[{""value"":0.15,""flagrate"":0.21,""confidence"":0,""created_on"":""2026-06-03T15:20:17Z"",""closing_month"":""12-2025""},{""value"":0.15,""flagrate"":0.21,""confidence"":0,""created_on"":""2026-06-03T15:22:57Z"",""closing_month"":""03-2026""}]}]",,0.150,"[{""company"":{""id"":290236,""name"":""Simple Phone Company""},""history"":[{""03-2025"":2161.08},{""04-2025"":2530.36},{""10-2025"":1981},{""11-2025"":2025.9},{""12-2025"":1810.73},{""01-2025"":2195.04},{""05-2025"":2061.01},{""06-2025"":2051.74},{""07-2025"":1880.08},{""08-2025"":1793.68},{""09-2025"":1980.33},{""02-2025"":1922.45},{""01-2026"":1876.05},{""02-2026"":1805.28},{""03-2026"":2112.51}],""avg_absdelta"":0.09,""coefficient_of_variation"":0.7}]",,,,2026-05-09 20:17:08.369087+00,2026-06-02 19:49:15.364134+00,false,,2,dues_and_subscriptions
185,6205 software & computer expen...,opex,fixed,,,0.150,,,,,2026-05-09 20:17:08.369087+00,2026-06-02 19:49:15.364134+00,false,,2,dues_and_subscriptions
186,6206 software & apps,opex,fixed,,,0.150,,,,,2026-05-09 20:17:08.369087+00,2026-06-02 19:49:15.364134+00,false,,2,dues_and_subscriptions
187,6215 computer software,opex,fixed,"[{""company"":{""id"":290229,""name"":""Reveille, Inc.""},""thresholds"":[{""value"":0.56,""flagrate"":0.25,""confidence"":0,""created_on"":""2026-06-03T15:15:45Z"",""closing_month"":""05-2025""},{""value"":0.48,""flagrate"":0.25,""confidence"":0,""created_on"":""2026-06-04T13:22:31Z"",""closing_month"":""12-2024""}]}]",,0.150,"[{""company"":{""id"":290229,""name"":""Reveille, Inc.""},""history"":[{""05-2025"":4293.71},{""01-2024"":4433.01},{""02-2024"":4147.89},{""03-2024"":5164.72},{""05-2024"":7074.73},{""06-2024"":5486.33},{""07-2024"":2405.5},{""08-2024"":4385.05},{""09-2024"":5331.25},{""04-2024"":2880.23},{""10-2024"":5767.78},{""11-2024"":7427.34},{""12-2024"":6073.26}],""avg_absdelta"":0.41,""coefficient_of_variation"":0.92}]",,,,2026-05-09 20:17:08.369087+00,2026-06-02 19:49:15.364134+00,false,,2,dues_and_subscriptions
188,62275 dues & subscription,opex,fixed,"[{""company"":{""id"":290231,""name"":""SoCal Nautical""},""thresholds"":[{""value"":1.35,""flagrate"":0.27,""confidence"":0,""created_on"":""2026-06-03T15:23:28Z"",""closing_month"":""12-2025""}]}]",,0.150,"[{""company"":{""id"":290231,""name"":""SoCal Nautical""},""history"":[{""06-2025"":59.99},{""07-2025"":59.99},{""08-2025"":19.99},{""09-2025"":19.99},{""10-2025"":19.99},{""02-2025"":128.71},{""05-2025"":59.99},{""11-2025"":19.99},{""12-2025"":120.79},{""01-2025"":42.13},{""03-2025"":542.38},{""04-2025"":109.99}],""avg_absdelta"":1.11,""coefficient_of_variation"":1.43}]",,,,2026-05-09 20:17:08.369087+00,2026-06-02 19:49:15.364134+00,false,,2,dues_and_subscriptions
189,6250 dues and subscriptions,opex,fixed,,,0.150,,,,,2026-05-09 20:17:08.369087+00,2026-06-02 19:49:15.364134+00,false,,2,dues_and_subscriptions
190,62500 dues & subscriptions,opex,fixed,"[{""company"":{""id"":290244,""name"":""Carefree Newport""},""thresholds"":[{""value"":0.15,""flagrate"":0.25,""confidence"":0,""created_on"":""2026-06-03T14:48:48Z"",""closing_month"":""12-2025""}]}]",,0.150,"[{""company"":{""id"":290244,""name"":""Carefree Newport""},""history"":[{""01-2026"":125.44},{""04-2025"":82.31},{""05-2025"":314.06},{""06-2025"":82.54},{""11-2025"":128.95},{""01-2025"":79.96},{""07-2025"":87.25},{""08-2025"":132.67},{""09-2025"":129},{""10-2025"":131.93},{""12-2025"":129.81},{""02-2025"":84.66},{""03-2025"":80.58}],""avg_absdelta"":0.36,""coefficient_of_variation"":2.12}]",,,,2026-05-09 20:17:08.369087+00,2026-06-02 19:49:15.364134+00,false,,2,dues_and_subscriptions
191,62500 dues and subscriptions,opex,fixed,,,0.150,,,,,2026-05-09 20:17:08.369087+00,2026-06-02 19:49:15.364134+00,false,,2,dues_and_subscriptions
192,62500 office supplies & software,opex,fixed,"[{""company"":{""id"":290231,""name"":""SoCal Nautical""},""thresholds"":[{""value"":0.33,""flagrate"":0.55,""confidence"":0,""created_on"":""2026-06-03T15:24:15Z"",""closing_month"":""12-2025""}]}]",,0.150,"[{""company"":{""id"":290231,""name"":""SoCal Nautical""},""history"":[{""01-2025"":535.94},{""02-2025"":1117.76},{""04-2025"":2123.58},{""05-2025"":2528.98},{""06-2025"":1446.81},{""09-2025"":922.04},{""12-2025"":675.61},{""03-2025"":1118.1},{""07-2025"":1483.77},{""08-2025"":1415.62},{""10-2025"":553.85},{""11-2025"":820.21}],""avg_absdelta"":0.37,""coefficient_of_variation"":0.9}]",,,,2026-05-09 20:17:08.369087+00,2026-06-02 19:49:15.364134+00,false,,2,dues_and_subscriptions
193,6255 subscriptions,opex,fixed,"[{""company"":{""id"":290229,""name"":""Reveille, Inc.""},""thresholds"":[{""value"":0.71,""flagrate"":0,""confidence"":0,""created_on"":""2026-06-03T15:16:25Z"",""closing_month"":""05-2025""},{""value"":0.15,""flagrate"":0,""confidence"":0,""created_on"":""2026-06-04T13:23:19Z"",""closing_month"":""12-2024""}]}]",,0.150,"[{""company"":{""id"":290229,""name"":""Reveille, Inc.""},""history"":[{""05-2025"":1580.13},{""10-2024"":1058.58},{""11-2024"":665.41},{""01-2024"":899.41},{""03-2024"":935.95},{""05-2024"":670.93},{""07-2024"":781.42},{""12-2024"":940.55},{""02-2024"":577.95},{""04-2024"":552.95},{""06-2024"":679.95},{""08-2024"":1253.02},{""09-2024"":754.69}],""avg_absdelta"":0.39,""coefficient_of_variation"":0.48}]",,,,2026-05-09 20:17:08.369087+00,2026-06-02 19:49:15.364134+00,false,,2,dues_and_subscriptions
194,"6275 software, apps, subscriptions",opex,fixed,"[{""company"":{""id"":318655,""name"":""Clay Entertainment""},""thresholds"":[{""value"":0.31,""flagrate"":0.36,""confidence"":0,""created_on"":""2026-06-03T14:53:06Z"",""closing_month"":""12-2025""},{""value"":0.22,""flagrate"":0.36,""confidence"":0,""created_on"":""2026-06-03T14:55:26Z"",""closing_month"":""03-2026""}]}]",,0.150,"[{""company"":{""id"":318655,""name"":""Clay Entertainment""},""history"":[{""09-2025"":1143.55},{""08-2025"":957.56},{""10-2025"":1633.76},{""11-2025"":1779.48},{""12-2025"":2908.92},{""01-2025"":1756.2},{""02-2025"":982.58},{""03-2025"":1100.02},{""04-2025"":960.79},{""05-2025"":851.91},{""06-2025"":1312.64},{""07-2025"":1497.39},{""03-2026"":2822.08},{""01-2026"":3539.86},{""02-2026"":2767.58}],""avg_absdelta"":0.26,""coefficient_of_variation"":0.7}]",,,,2026-05-09 20:17:08.369087+00,2026-06-02 19:49:15.364134+00,false,,2,dues_and_subscriptions
195,6300 dues & subscriptions,opex,fixed,,,0.150,,,,,2026-05-09 20:17:08.369087+00,2026-06-02 19:49:15.364134+00,false,,2,dues_and_subscriptions
196,6300 memberships & subscriptions,opex,fixed,,,0.150,,,,,2026-05-09 20:17:08.369087+00,2026-06-02 19:49:15.364134+00,false,,2,dues_and_subscriptions
197,6300 systems & software,opex,fixed,,,0.150,,,,,2026-05-09 20:17:08.369087+00,2026-06-02 19:49:15.364134+00,false,,2,dues_and_subscriptions
198,6301 software & applications,opex,fixed,"[{""company"":{""id"":290224,""name"":""Pittwater""},""thresholds"":[{""value"":0.15,""flagrate"":0.43,""confidence"":0,""created_on"":""2026-06-03T15:08:54Z"",""closing_month"":""12-2025""},{""value"":0.73,""flagrate"":0.12,""confidence"":0,""created_on"":""2026-06-03T15:12:26Z"",""closing_month"":""12-2023""},{""value"":0.73,""flagrate"":0.13,""confidence"":0,""created_on"":""2026-06-03T15:16:14Z"",""closing_month"":""12-2023""},{""value"":0.15,""flagrate"":0.4,""confidence"":0,""created_on"":""2026-06-04T13:13:46Z"",""closing_month"":""02-2026""}]}]",,0.150,"[{""company"":{""id"":290224,""name"":""Pittwater""},""history"":[{""11-2025"":1664.2},{""12-2025"":1735.54},{""01-2025"":1698},{""03-2025"":1623.4},{""04-2025"":1508.13},{""05-2025"":1605.1},{""06-2025"":1675.47},{""07-2025"":1953.35},{""08-2025"":1724.67},{""10-2025"":2200.34},{""02-2025"":1736.34},{""09-2025"":2090.27},{""06-2023"":954.5},{""08-2023"":1429.57},{""11-2023"":1596.83},{""12-2023"":1543.48},{""01-2023"":662.16},{""03-2023"":1165.02},{""05-2023"":1375.98},{""07-2023"":1012.49},{""09-2023"":7269.33},{""10-2023"":-2745.37},{""02-2023"":815.38},{""04-2023"":1223.88},{""01-2026"":1645.32},{""02-2026"":1695.37}],""avg_absdelta"":0.4,""coefficient_of_variation"":2.12}]",,,,2026-05-09 20:17:08.369087+00,2026-06-02 19:49:15.364134+00,false,,2,dues_and_subscriptions
199,6302 dues & subscriptions,opex,fixed,"[{""company"":{""id"":290224,""name"":""Pittwater""},""thresholds"":[{""value"":0.46,""flagrate"":0.67,""confidence"":0,""created_on"":""2026-06-03T15:09:13Z"",""closing_month"":""12-2025""},{""value"":1.07,""flagrate"":0.3,""confidence"":0,""created_on"":""2026-06-03T15:12:47Z"",""closing_month"":""12-2023""},{""value"":1.07,""flagrate"":0.29,""confidence"":0,""created_on"":""2026-06-03T15:16:25Z"",""closing_month"":""12-2023""},{""value"":0.15,""flagrate"":0.87,""confidence"":0,""created_on"":""2026-06-04T13:14:02Z"",""closing_month"":""02-2026""}]}]",,0.150,"[{""company"":{""id"":290224,""name"":""Pittwater""},""history"":[{""10-2025"":2525.94},{""11-2025"":104.48},{""12-2025"":106.42},{""03-2025"":184.6},{""04-2025"":3626.58},{""05-2025"":341.65},{""06-2025"":127.22},{""07-2025"":2480.42},{""01-2025"":2519.14},{""02-2025"":754.42},{""08-2025"":840.3},{""09-2025"":163.99},{""01-2023"":108.78},{""02-2023"":133.71},{""03-2023"":133.71},{""04-2023"":85.85},{""05-2023"":85.85},{""10-2023"":24.94},{""11-2023"":15.94},{""06-2023"":215.85},{""09-2023"":268.94},{""12-2023"":636.94},{""01-2026"":46.51},{""02-2026"":647.59}],""avg_absdelta"":5.04,""coefficient_of_variation"":1.86}]",,,,2026-05-09 20:17:08.369087+00,2026-06-02 19:49:15.364134+00,false,,2,dues_and_subscriptions
200,63031 dues & subscriptions,opex,fixed,,,0.150,,,,,2026-05-09 20:17:08.369087+00,2026-06-02 19:49:15.364134+00,false,,2,dues_and_subscriptions
201,6307 software & apps,opex,fixed,,,0.150,,,,,2026-05-09 20:17:08.369087+00,2026-06-02 19:49:15.364134+00,false,,2,dues_and_subscriptions
202,6352 apps & software,opex,fixed,"[{""company"":{""id"":511616,""name"":""Kahn Media, Inc.""},""thresholds"":[{""value"":0.66,""flagrate"":0.2,""confidence"":0,""created_on"":""2026-06-03T15:01:39Z"",""closing_month"":""03-2026""}]}]",,0.150,"[{""company"":{""id"":511616,""name"":""Kahn Media, Inc.""},""history"":[{""01-2026"":12728.47},{""02-2026"":11753.85},{""03-2026"":15441.78},{""10-2025"":13356.62},{""11-2025"":15445.94},{""12-2025"":27376.16}],""avg_absdelta"":0.37,""coefficient_of_variation"":0.69}]",,,,2026-05-09 20:17:08.369087+00,2026-06-02 19:49:15.364134+00,false,,2,dues_and_subscriptions
203,6353 dues & subscriptions,opex,fixed,"[{""company"":{""id"":511616,""name"":""Kahn Media, Inc.""},""thresholds"":[{""value"":0.36,""flagrate"":0.4,""confidence"":0,""created_on"":""2026-06-03T15:01:50Z"",""closing_month"":""03-2026""}]}]",,0.150,"[{""company"":{""id"":511616,""name"":""Kahn Media, Inc.""},""history"":[{""10-2025"":2340.25},{""11-2025"":3932.84},{""12-2025"":2478.37},{""01-2026"":2310.74},{""02-2026"":2916.3},{""03-2026"":2997.7}],""avg_absdelta"":0.28,""coefficient_of_variation"":0.84}]",,,,2026-05-09 20:17:08.369087+00,2026-06-02 19:49:15.364134+00,false,,2,dues_and_subscriptions
204,6401 dues & subscriptions,opex,fixed,"[{""company"":{""id"":389099,""name"":""REAL HR HERO - THOMPSON HR CONSULTING""},""thresholds"":[{""value"":0.46,""flagrate"":0.79,""confidence"":0,""created_on"":""2026-06-03T15:14:08Z"",""closing_month"":""03-2026""},{""value"":0.37,""flagrate"":0.86,""confidence"":0,""created_on"":""2026-06-04T13:18:22Z"",""closing_month"":""12-2025""}]},{""company"":{""id"":290240,""name"":""Orange County Children's Therapeutic Arts Center""},""thresholds"":[{""value"":0.22,""flagrate"":1,""confidence"":0,""created_on"":""2026-06-04T13:05:51Z"",""closing_month"":""03-2026""}]}]",,0.150,"[{""company"":{""id"":389099,""name"":""REAL HR HERO - THOMPSON HR CONSULTING""},""history"":[{""12-2025"":513.51},{""01-2026"":203.96},{""02-2026"":292.33},{""03-2026"":358},{""09-2025"":313.99},{""10-2025"":811.47},{""11-2025"":283.04},{""07-2025"":178.94},{""08-2025"":1095.29},{""01-2025"":286.57},{""02-2025"":457.02},{""03-2025"":864.4},{""04-2025"":254.03},{""05-2025"":662.65},{""06-2025"":794.88}],""avg_absdelta"":1.07,""coefficient_of_variation"":1.12},{""company"":{""id"":290240,""name"":""Orange County Children's Therapeutic Arts Center""},""history"":[{""12-2025"":16.38},{""01-2026"":395.38},{""02-2026"":105.37},{""03-2026"":551.64},{""10-2025"":352.68},{""11-2025"":85.38}],""avg_absdelta"":5.93,""coefficient_of_variation"":1.47}]",,,,2026-05-09 20:17:08.369087+00,2026-06-02 19:49:15.364134+00,false,,2,dues_and_subscriptions
205,6404 software expenses,opex,fixed,"[{""company"":{""id"":389099,""name"":""REAL HR HERO - THOMPSON HR CONSULTING""},""thresholds"":[{""value"":0.15,""flagrate"":0.21,""confidence"":0,""created_on"":""2026-06-03T15:14:17Z"",""closing_month"":""03-2026""},{""value"":0.15,""flagrate"":0,""confidence"":0,""created_on"":""2026-06-04T13:18:32Z"",""closing_month"":""12-2025""}]}]",,0.150,"[{""company"":{""id"":389099,""name"":""REAL HR HERO - THOMPSON HR CONSULTING""},""history"":[{""02-2026"":1583.26},{""03-2026"":1638.26},{""09-2025"":1323.27},{""10-2025"":1809.43},{""11-2025"":1616.34},{""12-2025"":1670.66},{""01-2026"":1660.62},{""03-2025"":1079.55},{""04-2025"":1101.49},{""06-2025"":1106.23},{""08-2025"":1398.15},{""01-2025"":1795.31},{""02-2025"":1170.12},{""05-2025"":1191.61},{""07-2025"":1192.32}],""avg_absdelta"":0.11,""coefficient_of_variation"":1.03}]",,,,2026-05-09 20:17:08.369087+00,2026-06-02 19:49:15.364134+00,false,,2,dues_and_subscriptions
206,6405 software,opex,fixed,"[{""company"":{""id"":290240,""name"":""Orange County Children's Therapeutic Arts Center""},""thresholds"":[{""value"":0.15,""flagrate"":0.2,""confidence"":0,""created_on"":""2026-06-04T13:06:02Z"",""closing_month"":""03-2026""}]}]",,0.150,"[{""company"":{""id"":290240,""name"":""Orange County Children's Therapeutic Arts Center""},""history"":[{""03-2026"":1371},{""10-2025"":129},{""11-2025"":129},{""12-2025"":129},{""01-2026"":129},{""02-2026"":129}],""avg_absdelta"":1.93,""coefficient_of_variation"":2}]",,,,2026-05-09 20:17:08.369087+00,2026-06-02 19:49:15.364134+00,false,,2,dues_and_subscriptions
207,6450 office supplies & software,opex,fixed,,,0.150,,,,,2026-05-09 20:17:08.369087+00,2026-06-02 19:49:15.364134+00,false,,2,dues_and_subscriptions
208,65270-000 dues and subscriptions,opex,fixed,,,0.150,,,,,2026-05-09 20:17:08.369087+00,2026-06-02 19:49:15.364134+00,false,,2,dues_and_subscriptions
209,6600 office supplies & software,opex,fixed,,,0.150,,,,,2026-05-09 20:17:08.369087+00,2026-06-02 19:49:15.364134+00,false,,2,dues_and_subscriptions
210,6715 software expense,opex,fixed,,,0.150,,,,,2026-05-09 20:17:08.369087+00,2026-06-02 19:49:15.364134+00,false,,2,dues_and_subscriptions
211,6903 dues & subscriptions,opex,fixed,"[{""company"":{""id"":279086,""name"":""Marketing 32 Group, LLC""},""thresholds"":[{""value"":2.86,""flagrate"":0.67,""confidence"":0,""created_on"":""2026-06-03T15:05:47Z"",""closing_month"":""03-2026""},{""value"":0.24,""flagrate"":1,""confidence"":0,""created_on"":""2026-06-04T12:47:50Z"",""closing_month"":""05-2025""}]}]",,0.150,"[{""company"":{""id"":279086,""name"":""Marketing 32 Group, LLC""},""history"":[{""01-2026"":1353.29},{""02-2026"":69.72},{""03-2026"":312.78},{""05-2025"":150.94}],""avg_absdelta"":4.13,""coefficient_of_variation"":0.7}]",,,,2026-05-09 20:17:08.369087+00,2026-06-02 19:49:15.364134+00,false,,2,dues_and_subscriptions
212,69030 dues & subscriptions,opex,fixed,,,0.150,,,,,2026-05-09 20:17:08.369087+00,2026-06-02 19:49:15.364134+00,false,,2,dues_and_subscriptions
213,69030 dues and subscriptions,opex,fixed,"[{""company"":{""id"":279087,""name"":""Summit Strategy""},""thresholds"":[{""value"":0.15,""flagrate"":0,""confidence"":0,""created_on"":""2026-06-03T15:27:22Z"",""closing_month"":""02-2026""},{""value"":0.52,""flagrate"":0.15,""confidence"":0,""created_on"":""2026-06-04T12:54:19Z"",""closing_month"":""12-2025""}]}]",,0.150,"[{""company"":{""id"":279087,""name"":""Summit Strategy""},""history"":[{""01-2026"":679.45},{""02-2026"":484.45},{""03-2025"":514.8},{""07-2025"":685.53},{""08-2025"":406.48},{""12-2025"":1116.53},{""01-2025"":1005.03},{""02-2025"":940.03},{""04-2025"":365.03},{""05-2025"":436.3},{""06-2025"":664.53},{""09-2025"":386.53},{""10-2025"":386.53},{""11-2025"":886.53}],""avg_absdelta"":0.33,""coefficient_of_variation"":0.99}]",,,,2026-05-09 20:17:08.369087+00,2026-06-02 19:49:15.364134+00,false,,2,dues_and_subscriptions
214,1-67000 telephone expense,opex,fixed,,,0.150,,,,,2026-05-09 20:17:08.369087+00,2026-06-02 19:49:15.364134+00,false,,2,utilities
215,1-67700 utilities,opex,variable,,,0.150,,,,,2026-05-09 20:17:08.369087+00,2026-06-02 19:49:15.364134+00,false,,2,utilities
216,3-61750 computer and internet expenses,opex,fixed,,,0.150,,,,,2026-05-09 20:17:08.369087+00,2026-06-02 19:49:15.364134+00,false,,2,utilities
217,3-67000 telephone expense,opex,fixed,,,0.150,,,,,2026-05-09 20:17:08.369087+00,2026-06-02 19:49:15.364134+00,false,,2,utilities
218,3-67700 utilities,opex,variable,,,0.150,,,,,2026-05-09 20:17:08.369087+00,2026-06-02 19:49:15.364134+00,false,,2,utilities
219,4-67000 telephone expense,opex,fixed,,,0.150,,,,,2026-05-09 20:17:08.369087+00,2026-06-02 19:49:15.364134+00,false,,2,utilities
220,4-67700 utilities,opex,variable,,,0.150,,,,,2026-05-09 20:17:08.369087+00,2026-06-02 19:49:15.364134+00,false,,2,utilities
221,5511 cell phone expense - sales,cogs,variable,,,0.150,,,,,2026-05-09 20:17:08.369087+00,2026-06-02 19:49:15.364134+00,false,,2,utilities
222,6045 computer and internet expen...,opex,fixed,,,0.150,,,,,2026-05-09 20:17:08.369087+00,2026-06-02 19:49:15.364134+00,false,,2,utilities
223,6062 utilities,opex,variable,"[{""company"":{""id"":290243,""name"":""Choice Builder Solutions - Online Sales""},""thresholds"":[{""value"":0.81,""flagrate"":0.18,""confidence"":0,""created_on"":""2026-06-03T14:52:01Z"",""closing_month"":""12-2023""}]}]",,0.150,"[{""company"":{""id"":290243,""name"":""Choice Builder Solutions - Online Sales""},""history"":[{""09-2023"":394.2},{""10-2023"":262.83},{""11-2023"":195.84},{""02-2023"":400.99},{""03-2023"":383.76},{""04-2023"":113.34},{""05-2023"":467.5},{""06-2023"":106.91},{""12-2023"":121.15},{""01-2023"":455.31},{""07-2023"":314.65},{""08-2023"":333.77}],""avg_absdelta"":0.72,""coefficient_of_variation"":1.28}]",,,,2026-05-09 20:17:08.369087+00,2026-06-02 19:49:15.364134+00,false,,2,utilities
224,6063 telephone,opex,fixed,"[{""company"":{""id"":290243,""name"":""Choice Builder Solutions - Online Sales""},""thresholds"":[{""value"":1.24,""flagrate"":0.25,""confidence"":0,""created_on"":""2026-06-03T14:52:10Z"",""closing_month"":""12-2023""}]}]",,0.150,"[{""company"":{""id"":290243,""name"":""Choice Builder Solutions - Online Sales""},""history"":[{""10-2023"":61.86},{""11-2023"":76.33},{""12-2023"":81.3},{""08-2023"":165.06},{""09-2023"":611.91}],""avg_absdelta"":0.98,""coefficient_of_variation"":1.07}]",,,,2026-05-09 20:17:08.369087+00,2026-06-02 19:49:15.364134+00,false,,2,utilities
225,6064 internet expense,opex,fixed,"[{""company"":{""id"":290243,""name"":""Choice Builder Solutions - Online Sales""},""thresholds"":[{""value"":0.15,""flagrate"":0,""confidence"":0,""created_on"":""2026-06-03T14:52:21Z"",""closing_month"":""12-2023""}]}]",,0.150,"[{""company"":{""id"":290243,""name"":""Choice Builder Solutions - Online Sales""},""history"":[{""02-2023"":149.98},{""03-2023"":149.98},{""05-2023"":149.98},{""06-2023"":149.98},{""11-2023"":149.98},{""12-2023"":149.98},{""01-2023"":149.98},{""04-2023"":149.98},{""07-2023"":149.98},{""08-2023"":149.98},{""09-2023"":149.98},{""10-2023"":149.98}],""avg_absdelta"":0,""coefficient_of_variation"":0}]",,,,2026-05-09 20:17:08.369087+00,2026-06-02 19:49:15.364134+00,false,,2,utilities
226,6065 utilities,opex,variable,,,0.150,,,,,2026-05-09 20:17:08.369087+00,2026-06-02 19:49:15.364134+00,false,,2,utilities
227,6100 computer and internet,opex,fixed,,,0.150,,,,,2026-05-09 20:17:08.369087+00,2026-06-02 19:49:15.364134+00,false,,2,utilities
228,6101 gas,opex,variable,,,0.150,,,,,2026-05-09 20:17:08.369087+00,2026-06-02 19:49:15.364134+00,false,,2,utilities
229,6103 phone service,opex,fixed,"[{""company"":{""id"":290224,""name"":""Pittwater""},""thresholds"":[{""value"":0.15,""flagrate"":0,""confidence"":0,""created_on"":""2026-06-03T15:08:45Z"",""closing_month"":""12-2025""},{""value"":0.43,""flagrate"":0.32,""confidence"":0,""created_on"":""2026-06-03T15:12:15Z"",""closing_month"":""12-2023""},{""value"":0.43,""flagrate"":0.35,""confidence"":0,""created_on"":""2026-06-03T15:16:03Z"",""closing_month"":""12-2023""},{""value"":0.15,""flagrate"":0.48,""confidence"":0,""created_on"":""2026-06-04T13:13:27Z"",""closing_month"":""02-2026""}]}]",,0.150,"[{""company"":{""id"":290224,""name"":""Pittwater""},""history"":[{""01-2025"":534.18},{""03-2025"":451.68},{""05-2025"":229.38},{""06-2025"":262.55},{""07-2025"":243.56},{""09-2025"":245.94},{""11-2025"":425.12},{""12-2025"":411.83},{""02-2025"":72.57},{""04-2025"":254.07},{""08-2025"":262.23},{""10-2025"":257.27},{""12-2023"":220.06},{""02-2023"":15},{""03-2023"":279.88},{""04-2023"":173.48},{""05-2023"":160.94},{""07-2023"":174.5},{""08-2023"":147.85},{""10-2023"":289.68},{""01-2023"":143.35},{""06-2023"":143.25},{""09-2023"":164.2},{""11-2023"":213.15},{""01-2026"":402.77},{""02-2026"":393.6}],""avg_absdelta"":1.19,""coefficient_of_variation"":2.94}]",,,,2026-05-09 20:17:08.369087+00,2026-06-02 19:49:15.364134+00,false,,2,utilities
230,6115 utilities,opex,variable,,,0.150,,,,,2026-05-09 20:17:08.369087+00,2026-06-02 19:49:15.364134+00,false,,2,utilities
231,6117 internet & telephone,opex,fixed,"[{""company"":{""id"":290228,""name"":""FORMM""},""thresholds"":[{""value"":3.36,""flagrate"":0.14,""confidence"":0,""created_on"":""2026-06-03T15:00:37Z"",""closing_month"":""03-2026""},{""value"":0.71,""flagrate"":0.21,""confidence"":0,""created_on"":""2026-06-04T12:35:22Z"",""closing_month"":""12-2025""}]}]",,0.150,"[{""company"":{""id"":290228,""name"":""FORMM""},""history"":[{""02-2026"":236.25},{""03-2026"":1057.49},{""01-2026"":469.65},{""08-2025"":682.48},{""09-2025"":236.25},{""10-2025"":1363.98},{""11-2025"":777.91},{""12-2025"":1223.72},{""01-2025"":940.54},{""02-2025"":756.58},{""03-2025"":750.98},{""04-2025"":780.37},{""05-2025"":742.59},{""06-2025"":236.25},{""07-2025"":888.82}],""avg_absdelta"":1.07,""coefficient_of_variation"":1.33}]",,,,2026-05-09 20:17:08.369087+00,2026-06-02 19:49:15.364134+00,false,,2,utilities
232,6154 electric & gas,opex,variable,,,0.150,,,,,2026-05-09 20:17:08.369087+00,2026-06-02 19:49:15.364134+00,false,,2,utilities
233,6155 phone & internet expenses,opex,fixed,,,0.150,,,,,2026-05-09 20:17:08.369087+00,2026-06-02 19:49:15.364134+00,false,,2,utilities
234,61600 utilities,opex,variable,,,0.150,,,,,2026-05-09 20:17:08.369087+00,2026-06-02 19:49:15.364134+00,false,,2,utilities
235,61700 computer and internet expe...,opex,fixed,,,0.150,,,,,2026-05-09 20:17:08.369087+00,2026-06-02 19:49:15.364134+00,false,,2,utilities
236,61700 telephone expense,opex,fixed,,,0.150,,,,,2026-05-09 20:17:08.369087+00,2026-06-02 19:49:15.364134+00,false,,2,utilities
237,6200 computer and internet expenses,opex,fixed,,,0.150,,,,,2026-05-09 20:17:08.369087+00,2026-06-02 19:49:15.364134+00,false,,2,utilities
238,62000 office & utility expenses,opex,variable,,,0.150,,,,,2026-05-09 20:17:08.369087+00,2026-06-02 19:49:15.364134+00,false,,2,utilities
239,6203 phone/internet,opex,fixed,,,0.150,,,,,2026-05-09 20:17:08.369087+00,2026-06-02 19:49:15.364134+00,false,,2,utilities
240,62030 gas/mileage,opex,variable,,,0.150,,,,,2026-05-09 20:17:08.369087+00,2026-06-02 19:49:15.364134+00,false,,2,utilities
241,6204 internet & telephone expe...,opex,fixed,,,0.150,,,,,2026-05-09 20:17:08.369087+00,2026-06-02 19:49:15.364134+00,false,,2,utilities
242,62051 utilities,opex,variable,,,0.150,,,,,2026-05-09 20:17:08.369087+00,2026-06-02 19:49:15.364134+00,false,,2,utilities
243,6207 vehicle gas & fuel,opex,variable,"[{""company"":{""id"":290224,""name"":""Pittwater""},""thresholds"":[{""value"":0.81,""flagrate"":0.39,""confidence"":0,""created_on"":""2026-06-03T15:08:45Z"",""closing_month"":""12-2025""},{""value"":1.17,""flagrate"":0,""confidence"":0,""created_on"":""2026-06-03T15:12:26Z"",""closing_month"":""12-2023""},{""value"":1.17,""flagrate"":0,""confidence"":0,""created_on"":""2026-06-03T15:16:14Z"",""closing_month"":""12-2023""},{""value"":0.15,""flagrate"":0,""confidence"":0,""created_on"":""2026-06-04T13:13:46Z"",""closing_month"":""02-2026""}]}]",,0.150,"[{""company"":{""id"":290224,""name"":""Pittwater""},""history"":[{""08-2025"":339.12},{""10-2025"":468.4},{""11-2025"":135.67},{""01-2025"":141.18},{""02-2025"":276.97},{""03-2025"":206.89},{""04-2025"":145.63},{""09-2025"":159.07},{""12-2025"":280.95},{""05-2025"":204.79},{""06-2025"":352.62},{""07-2025"":269.3},{""01-2023"":172.92},{""03-2023"":120.51},{""06-2023"":42.61},{""07-2023"":125.35},{""09-2023"":415.8},{""10-2023"":184.74},{""02-2023"":111.14},{""04-2023"":140.74},{""05-2023"":301.93},{""08-2023"":181.19},{""11-2023"":155.22},{""12-2023"":-151.81},{""01-2026"":180.98},{""02-2026"":295.24}],""avg_absdelta"":0.77,""coefficient_of_variation"":0.78}]",,,,2026-05-09 20:17:08.369087+00,2026-06-02 19:49:15.364134+00,false,,2,utilities
244,6225 utilities,opex,variable,,,0.150,,,,,2026-05-09 20:17:08.369087+00,2026-06-02 19:49:15.364134+00,false,,2,utilities
245,6230 cell phone,opex,fixed,"[{""company"":{""id"":290229,""name"":""Reveille, Inc.""},""thresholds"":[{""value"":1.21,""flagrate"":0,""confidence"":0,""created_on"":""2026-06-03T15:15:54Z"",""closing_month"":""05-2025""},{""value"":0.17,""flagrate"":0.82,""confidence"":0,""created_on"":""2026-06-04T13:22:41Z"",""closing_month"":""12-2024""}]}]",,0.150,"[{""company"":{""id"":290229,""name"":""Reveille, Inc.""},""history"":[{""05-2024"":491.6},{""07-2024"":614.01},{""09-2024"":821.9},{""10-2024"":618.13},{""11-2024"":510.66},{""12-2024"":618.25},{""01-2024"":773.13},{""04-2024"":675.46},{""06-2024"":786.94},{""08-2024"":413.96},{""02-2024"":565.45},{""03-2024"":577.61}],""avg_absdelta"":0.32,""coefficient_of_variation"":0.79}]",,,,2026-05-09 20:17:08.369087+00,2026-06-02 19:49:15.364134+00,false,,2,utilities
246,6231 internet,opex,fixed,"[{""company"":{""id"":290229,""name"":""Reveille, Inc.""},""thresholds"":[{""value"":0.15,""flagrate"":0.67,""confidence"":0,""created_on"":""2026-06-03T15:16:04Z"",""closing_month"":""05-2025""},{""value"":1.33,""flagrate"":0,""confidence"":0,""created_on"":""2026-06-04T13:22:59Z"",""closing_month"":""12-2024""}]}]",,0.150,"[{""company"":{""id"":290229,""name"":""Reveille, Inc.""},""history"":[{""05-2025"":183.74},{""03-2024"":426.3},{""04-2024"":176.61},{""06-2024"":353.22},{""09-2024"":176.86},{""10-2024"":176.86},{""12-2024"":353.72},{""07-2024"":171.61},{""08-2024"":176.86},{""01-2024"":343.2}],""avg_absdelta"":0.43,""coefficient_of_variation"":0.87}]",,,,2026-05-09 20:17:08.369087+00,2026-06-02 19:49:15.364134+00,false,,2,utilities
247,6233 phone service,opex,fixed,"[{""company"":{""id"":290229,""name"":""Reveille, Inc.""},""thresholds"":[{""value"":0.15,""flagrate"":0,""confidence"":0,""created_on"":""2026-06-03T15:16:13Z"",""closing_month"":""05-2025""},{""value"":0.15,""flagrate"":0,""confidence"":0,""created_on"":""2026-06-04T13:23:09Z"",""closing_month"":""12-2024""}]}]",,0.150,"[{""company"":{""id"":290229,""name"":""Reveille, Inc.""},""history"":[{""05-2025"":41.59},{""09-2024"":41.47},{""10-2024"":41.63},{""11-2024"":41.63},{""12-2024"":41.63},{""01-2024"":43.7},{""02-2024"":43.7},{""03-2024"":41.87},{""04-2024"":41.67},{""06-2024"":41.67},{""05-2024"":41.67},{""07-2024"":41.84},{""08-2024"":41.84}],""avg_absdelta"":0.01,""coefficient_of_variation"":2.11}]",,,,2026-05-09 20:17:08.369087+00,2026-06-02 19:49:15.364134+00,false,,2,utilities
248,6256 telephone & internet,opex,fixed,,,0.150,,,,,2026-05-09 20:17:08.369087+00,2026-06-02 19:49:15.364134+00,false,,2,utilities
249,6257 utilities,opex,variable,,,0.150,,,,,2026-05-09 20:17:08.369087+00,2026-06-02 19:49:15.364134+00,false,,2,utilities
250,62850 utilities,opex,variable,"[{""company"":{""id"":290231,""name"":""SoCal Nautical""},""thresholds"":[{""value"":0.52,""flagrate"":0.36,""confidence"":0,""created_on"":""2026-06-03T15:24:25Z"",""closing_month"":""12-2025""}]}]",,0.150,"[{""company"":{""id"":290231,""name"":""SoCal Nautical""},""history"":[{""01-2025"":594.62},{""02-2025"":403.74},{""06-2025"":234.65},{""08-2025"":225.4},{""09-2025"":243.84},{""12-2025"":301.47},{""03-2025"":474.96},{""04-2025"":235.31},{""05-2025"":809.57},{""07-2025"":621.73},{""10-2025"":226.39},{""11-2025"":343.65}],""avg_absdelta"":0.66,""coefficient_of_variation"":1.08}]",,,,2026-05-09 20:17:08.369087+00,2026-06-02 19:49:15.364134+00,false,,2,utilities
251,6301 gas,opex,variable,"[{""company"":{""id"":279086,""name"":""Marketing 32 Group, LLC""},""thresholds"":[{""value"":0.28,""flagrate"":0,""confidence"":0,""created_on"":""2026-06-04T12:47:50Z"",""closing_month"":""05-2025""}]}]",,0.150,,,,,2026-05-09 20:17:08.369087+00,2026-06-02 19:49:15.364134+00,false,,2,utilities
252,63020 gas / electric charging,opex,variable,"[{""company"":{""id"":279087,""name"":""Summit Strategy""},""thresholds"":[{""value"":0.15,""flagrate"":0.15,""confidence"":0,""created_on"":""2026-06-03T15:25:32Z"",""closing_month"":""02-2026""},{""value"":0.15,""flagrate"":0.15,""confidence"":0,""created_on"":""2026-06-04T12:52:33Z"",""closing_month"":""12-2025""}]}]",,0.150,"[{""company"":{""id"":279087,""name"":""Summit Strategy""},""history"":[{""01-2026"":100},{""02-2026"":100},{""05-2025"":100},{""06-2025"":100},{""08-2025"":100},{""10-2025"":106.56},{""11-2025"":100},{""01-2025"":100},{""02-2025"":100},{""07-2025"":100},{""09-2025"":183.37},{""12-2025"":100},{""03-2025"":100},{""04-2025"":100}],""avg_absdelta"":0.1,""coefficient_of_variation"":2.36}]",,,,2026-05-09 20:17:08.369087+00,2026-06-02 19:49:15.364134+00,false,,2,utilities
253,6308 telephone & internet,opex,fixed,,,0.150,,,,,2026-05-09 20:17:08.369087+00,2026-06-02 19:49:15.364134+00,false,,2,utilities
254,6366 telephone,opex,fixed,"[{""company"":{""id"":511616,""name"":""Kahn Media, Inc.""},""thresholds"":[{""value"":0.15,""flagrate"":1,""confidence"":0,""created_on"":""2026-06-03T15:02:01Z"",""closing_month"":""03-2026""}]}]",,0.150,"[{""company"":{""id"":511616,""name"":""Kahn Media, Inc.""},""history"":[{""10-2025"":1956.59},{""11-2025"":1658.32},{""12-2025"":1083.16},{""01-2026"":1534.61},{""02-2026"":973.28},{""03-2026"":1524.14}],""avg_absdelta"":0.37,""coefficient_of_variation"":0.36}]",,,,2026-05-09 20:17:08.369087+00,2026-06-02 19:49:15.364134+00,false,,2,utilities
255,6367 utilities,opex,variable,"[{""company"":{""id"":511616,""name"":""Kahn Media, Inc.""},""thresholds"":[{""value"":1.34,""flagrate"":0.6,""confidence"":0,""created_on"":""2026-06-03T15:02:11Z"",""closing_month"":""03-2026""}]}]",,0.150,"[{""company"":{""id"":511616,""name"":""Kahn Media, Inc.""},""history"":[{""01-2026"":1232.71},{""02-2026"":626.03},{""03-2026"":1709.87},{""10-2025"":1528.79},{""11-2025"":905.89},{""12-2025"":-352.62}],""avg_absdelta"":1.7,""coefficient_of_variation"":0.87}]",,,,2026-05-09 20:17:08.369087+00,2026-06-02 19:49:15.364134+00,false,,2,utilities
256,6375 utilities,opex,variable,"[{""company"":{""id"":318655,""name"":""Clay Entertainment""},""thresholds"":[{""value"":0.37,""flagrate"":0.29,""confidence"":0,""created_on"":""2026-06-03T14:53:17Z"",""closing_month"":""12-2025""},{""value"":0.15,""flagrate"":0.64,""confidence"":0,""created_on"":""2026-06-03T14:55:36Z"",""closing_month"":""03-2026""}]}]",,0.150,"[{""company"":{""id"":318655,""name"":""Clay Entertainment""},""history"":[{""01-2025"":444.79},{""07-2025"":940.8},{""11-2025"":1073.95},{""12-2025"":673.66},{""02-2025"":881.95},{""03-2025"":937.35},{""04-2025"":814.03},{""05-2025"":612.78},{""06-2025"":860.56},{""08-2025"":826.48},{""09-2025"":662.09},{""10-2025"":447.03},{""01-2026"":793.24},{""02-2026"":648},{""03-2026"":715.43}],""avg_absdelta"":0.34,""coefficient_of_variation"":1.08}]",,,,2026-05-09 20:17:08.369087+00,2026-06-02 19:49:15.364134+00,false,,2,utilities
257,64020 utilities,opex,variable,"[{""company"":{""id"":279087,""name"":""Summit Strategy""},""thresholds"":[{""value"":0.15,""flagrate"":0.5,""confidence"":0,""created_on"":""2026-06-03T15:25:53Z"",""closing_month"":""02-2026""},{""value"":0.23,""flagrate"":0,""confidence"":0,""created_on"":""2026-06-04T12:52:50Z"",""closing_month"":""12-2025""}]}]",,0.150,"[{""company"":{""id"":279087,""name"":""Summit Strategy""},""history"":[{""01-2026"":93.28},{""02-2026"":79.8},{""12-2025"":92.14},{""06-2025"":69.99},{""07-2025"":77.59},{""04-2025"":313.06},{""05-2025"":68.03},{""08-2025"":68.55},{""09-2025"":84.87},{""10-2025"":59.53},{""11-2025"":76.93}],""avg_absdelta"":0.22,""coefficient_of_variation"":0.94}]",,,,2026-05-09 20:17:08.369087+00,2026-06-02 19:49:15.364134+00,false,,2,utilities
258,6403 internet,opex,fixed,,,0.150,,,,,2026-05-09 20:17:08.369087+00,2026-06-02 19:49:15.364134+00,false,,2,utilities
259,64030 telephone,opex,fixed,"[{""company"":{""id"":279087,""name"":""Summit Strategy""},""thresholds"":[{""value"":0.15,""flagrate"":0.46,""confidence"":0,""created_on"":""2026-06-03T15:26:02Z"",""closing_month"":""02-2026""},{""value"":0.43,""flagrate"":0.15,""confidence"":0,""created_on"":""2026-06-04T12:52:50Z"",""closing_month"":""12-2025""}]}]",,0.150,"[{""company"":{""id"":279087,""name"":""Summit Strategy""},""history"":[{""01-2026"":251.34},{""02-2026"":264.31},{""07-2025"":350.21},{""08-2025"":203.94},{""11-2025"":250.61},{""12-2025"":250.36},{""01-2025"":191.17},{""02-2025"":191.15},{""04-2025"":191.17},{""06-2025"":203.94},{""09-2025"":325.2},{""10-2025"":251.63},{""03-2025"":243.09},{""05-2025"":203.94}],""avg_absdelta"":0.2,""coefficient_of_variation"":1.19}]",,,,2026-05-09 20:17:08.369087+00,2026-06-02 19:49:15.364134+00,false,,2,utilities
260,6404 telephone,opex,fixed,,,0.150,,,,,2026-05-09 20:17:08.369087+00,2026-06-02 19:49:15.364134+00,false,,2,utilities
261,64040 internet,opex,fixed,"[{""company"":{""id"":279087,""name"":""Summit Strategy""},""thresholds"":[{""value"":0.15,""flagrate"":0.7,""confidence"":0,""created_on"":""2026-06-03T15:26:11Z"",""closing_month"":""02-2026""},{""value"":0.28,""flagrate"":0.5,""confidence"":0,""created_on"":""2026-06-04T12:53:06Z"",""closing_month"":""12-2025""}]}]",,0.150,"[{""company"":{""id"":279087,""name"":""Summit Strategy""},""history"":[{""01-2026"":112.72},{""02-2026"":112.72},{""04-2025"":450.92},{""06-2025"":143.61},{""07-2025"":108.97},{""08-2025"":124.94},{""12-2025"":108.97},{""05-2025"":112.73},{""09-2025"":170.87},{""10-2025"":275.87},{""11-2025"":167.88}],""avg_absdelta"":0.32,""coefficient_of_variation"":0.71}]",,,,2026-05-09 20:17:08.369087+00,2026-06-02 19:49:15.364134+00,false,,2,utilities
262,65240-001 telephone expense,opex,fixed,,,0.150,,,,,2026-05-09 20:17:08.369087+00,2026-06-02 19:49:15.364134+00,false,,2,utilities
263,6653 electricity,opex,variable,"[{""company"":{""id"":290224,""name"":""Pittwater""},""thresholds"":[{""value"":0.15,""flagrate"":0,""confidence"":0,""created_on"":""2026-06-03T15:09:53Z"",""closing_month"":""12-2025""},{""value"":0.71,""flagrate"":0.11,""confidence"":0,""created_on"":""2026-06-03T15:13:47Z"",""closing_month"":""12-2023""},{""value"":0.71,""flagrate"":0.12,""confidence"":0,""created_on"":""2026-06-03T15:17:15Z"",""closing_month"":""12-2023""},{""value"":0.15,""flagrate"":0.47,""confidence"":0,""created_on"":""2026-06-04T13:15:40Z"",""closing_month"":""02-2026""}]}]",,0.150,"[{""company"":{""id"":290224,""name"":""Pittwater""},""history"":[{""08-2025"":1298.92},{""10-2025"":994.1},{""12-2025"":808.73},{""02-2025"":898.5},{""03-2025"":841.78},{""07-2025"":1504.32},{""09-2025"":1089.12},{""11-2025"":932.46},{""01-2025"":852.76},{""04-2025"":849},{""05-2025"":1011.45},{""06-2025"":1096.51},{""06-2023"":188.88},{""07-2023"":930.16},{""09-2023"":484.89},{""10-2023"":505.79},{""11-2023"":650.33},{""12-2023"":1384.24},{""02-2026"":970.17},{""01-2026"":962.27}],""avg_absdelta"":0.41,""coefficient_of_variation"":2.11}]",,,,2026-05-09 20:17:08.369087+00,2026-06-02 19:49:15.364134+00,false,,2,utilities
264,6654 internet & tv services,opex,fixed,"[{""company"":{""id"":290224,""name"":""Pittwater""},""thresholds"":[{""value"":0.15,""flagrate"":0.35,""confidence"":0,""created_on"":""2026-06-03T15:09:53Z"",""closing_month"":""12-2025""},{""value"":0.23,""flagrate"":0.24,""confidence"":0,""created_on"":""2026-06-03T15:13:58Z"",""closing_month"":""12-2023""},{""value"":0.23,""flagrate"":0.22,""confidence"":0,""created_on"":""2026-06-03T15:17:25Z"",""closing_month"":""12-2023""},{""value"":0.15,""flagrate"":0.36,""confidence"":0,""created_on"":""2026-06-04T13:15:50Z"",""closing_month"":""02-2026""}]}]",,0.150,"[{""company"":{""id"":290224,""name"":""Pittwater""},""history"":[{""08-2025"":490.64},{""09-2025"":490.64},{""10-2025"":503.84},{""12-2025"":447.34},{""05-2025"":481.98},{""06-2025"":443.59},{""07-2025"":401.64},{""11-2025"":479.85},{""01-2025"":296.94},{""02-2025"":336.03},{""03-2025"":306.94},{""04-2025"":335.64},{""02-2023"":168.39},{""05-2023"":593.46},{""07-2023"":252.28},{""09-2023"":232.95},{""10-2023"":276.07},{""12-2023"":232.95},{""01-2023"":160.79},{""03-2023"":179.93},{""04-2023"":160.79},{""06-2023"":597.28},{""08-2023"":232.95},{""11-2023"":326.17},{""01-2026"":655.3},{""02-2026"":572.7}],""avg_absdelta"":0.26,""coefficient_of_variation"":2.03}]",,,,2026-05-09 20:17:08.369087+00,2026-06-02 19:49:15.364134+00,false,,2,utilities
265,6655 other utilities,opex,variable,"[{""company"":{""id"":290224,""name"":""Pittwater""},""thresholds"":[{""value"":0.15,""flagrate"":0,""confidence"":0,""created_on"":""2026-06-03T15:10:04Z"",""closing_month"":""12-2025""},{""value"":1.37,""flagrate"":0.05,""confidence"":0,""created_on"":""2026-06-03T15:14:17Z"",""closing_month"":""12-2023""},{""value"":1.37,""flagrate"":0.06,""confidence"":0,""created_on"":""2026-06-03T15:17:43Z"",""closing_month"":""12-2023""},{""value"":0.15,""flagrate"":0.47,""confidence"":0,""created_on"":""2026-06-04T13:16:06Z"",""closing_month"":""02-2026""}]}]",,0.150,"[{""company"":{""id"":290224,""name"":""Pittwater""},""history"":[{""08-2025"":85.34},{""09-2025"":85.34},{""10-2025"":85.34},{""11-2025"":85.34},{""01-2025"":365.39},{""02-2025"":461.64},{""04-2025"":191.64},{""06-2025"":85.34},{""12-2025"":94.93},{""03-2025"":340.59},{""05-2025"":85.34},{""07-2025"":85.34},{""09-2023"":68.17},{""10-2023"":68.17},{""11-2023"":89.78},{""12-2023"":534.02},{""06-2023"":94.61},{""07-2023"":145.4},{""01-2026"":100.52},{""02-2026"":96.54}],""avg_absdelta"":0.44,""coefficient_of_variation"":2.45}]",,,,2026-05-09 20:17:08.369087+00,2026-06-02 19:49:15.364134+00,false,,2,utilities
266,6750 telephone expense,opex,fixed,,,0.150,,,,,2026-05-09 20:17:08.369087+00,2026-06-02 19:49:15.364134+00,false,,2,utilities
267,6800 telephone expense,opex,fixed,,,0.150,,,,,2026-05-09 20:17:08.369087+00,2026-06-02 19:49:15.364134+00,false,,2,utilities
268,6800 utilities,opex,variable,,,0.150,,,,,2026-05-09 20:17:08.369087+00,2026-06-02 19:49:15.364134+00,false,,2,utilities
269,6801 cable & internet,opex,fixed,"[{""company"":{""id"":290236,""name"":""Simple Phone Company""},""thresholds"":[{""value"":0.15,""flagrate"":0.14,""confidence"":0,""created_on"":""2026-06-03T15:20:29Z"",""closing_month"":""12-2025""},{""value"":0.15,""flagrate"":0.14,""confidence"":0,""created_on"":""2026-06-03T15:23:19Z"",""closing_month"":""03-2026""}]}]",,0.150,"[{""company"":{""id"":290236,""name"":""Simple Phone Company""},""history"":[{""02-2025"":365},{""03-2025"":365},{""04-2025"":365},{""06-2025"":365},{""07-2025"":265},{""10-2025"":315},{""11-2025"":315},{""12-2025"":315},{""01-2025"":365},{""05-2025"":365},{""08-2025"":315},{""09-2025"":315},{""01-2026"":315},{""02-2026"":315},{""03-2026"":315}],""avg_absdelta"":0.03,""coefficient_of_variation"":2.5}]",,,,2026-05-09 20:17:08.369087+00,2026-06-02 19:49:15.364134+00,false,,2,utilities
270,6801 gas & car charge,opex,variable,"[{""company"":{""id"":318655,""name"":""Clay Entertainment""},""thresholds"":[{""value"":0.15,""flagrate"":0,""confidence"":0,""created_on"":""2026-06-03T14:54:09Z"",""closing_month"":""12-2025""},{""value"":8.69,""flagrate"":0.09,""confidence"":0,""created_on"":""2026-06-03T14:56:32Z"",""closing_month"":""03-2026""}]}]",,0.150,"[{""company"":{""id"":318655,""name"":""Clay Entertainment""},""history"":[{""12-2025"":10.94},{""01-2025"":53.31},{""05-2025"":34.83},{""10-2025"":119.59},{""11-2025"":119.59},{""03-2025"":50.78},{""07-2025"":10.94},{""08-2025"":10.94},{""09-2025"":119.59},{""01-2026"":23},{""02-2026"":10.94},{""03-2026"":101.03}],""avg_absdelta"":1.98,""coefficient_of_variation"":1.71}]",,,,2026-05-09 20:17:08.369087+00,2026-06-02 19:49:15.364134+00,false,,2,utilities
271,6801 gas & fuel,opex,variable,,,0.150,,,,,2026-05-09 20:17:08.369087+00,2026-06-02 19:49:15.364134+00,false,,2,utilities
272,6806 telephone,opex,fixed,"[{""company"":{""id"":290236,""name"":""Simple Phone Company""},""thresholds"":[{""value"":0.15,""flagrate"":0,""confidence"":0,""created_on"":""2026-06-03T15:20:39Z"",""closing_month"":""12-2025""},{""value"":0.15,""flagrate"":0,""confidence"":0,""created_on"":""2026-06-03T15:23:30Z"",""closing_month"":""03-2026""}]}]",,0.150,"[{""company"":{""id"":290236,""name"":""Simple Phone Company""},""history"":[{""09-2025"":200},{""11-2025"":200},{""01-2025"":201.35},{""04-2025"":201.38},{""07-2025"":200},{""08-2025"":201.23},{""10-2025"":200},{""12-2025"":200},{""02-2025"":200},{""03-2025"":200},{""05-2025"":200.9},{""06-2025"":200},{""01-2026"":200},{""02-2026"":200},{""03-2026"":200}],""avg_absdelta"":0,""coefficient_of_variation"":1.24}]",,,,2026-05-09 20:17:08.369087+00,2026-06-02 19:49:15.364134+00,false,,2,utilities
273,68100 telephone expense,opex,fixed,,,0.150,,,,,2026-05-09 20:17:08.369087+00,2026-06-02 19:49:15.364134+00,false,,2,utilities
274,6850 telephone,opex,fixed,,,0.150,,,,,2026-05-09 20:17:08.369087+00,2026-06-02 19:49:15.364134+00,false,,2,utilities
275,68600 utilities,opex,variable,,,0.150,,,,,2026-05-09 20:17:08.369087+00,2026-06-02 19:49:15.364134+00,false,,2,utilities
276,6900 utilities,opex,variable,,,0.150,,,,,2026-05-09 20:17:08.369087+00,2026-06-02 19:49:15.364134+00,false,,2,utilities
277,6950 utilities,opex,variable,,,0.150,,,,,2026-05-09 20:17:08.369087+00,2026-06-02 19:49:15.364134+00,false,,2,utilities
278,60004 officer commissions,opex,variable,,,0.050,,,,,2026-05-09 20:17:08.369087+00,2026-06-02 19:49:15.364134+00,true,,0.25,
279,6602 equipment insurance,opex,fixed,,,0.050,,,,,2026-05-09 20:17:08.369087+00,2026-06-02 19:49:15.364134+00,true,,0.25,
280,6603 dental insurance,opex,fixed,,,0.050,,,,,2026-05-09 20:17:08.369087+00,2026-06-02 19:49:15.364134+00,true,,0.25,
281,6604 health insurance,opex,fixed,,,0.050,,,,,2026-05-09 20:17:08.369087+00,2026-06-02 19:49:15.364134+00,true,,0.25,
282,6605 life & vision insurance,opex,fixed,,,0.050,,,,,2026-05-09 20:17:08.369087+00,2026-06-02 19:49:15.364134+00,true,,0.25,
283,6606 workers comp insurance,opex,fixed,,,0.050,,,,,2026-05-09 20:17:08.369087+00,2026-06-02 19:49:15.364134+00,true,,0.25,
284,6601 general liability insurance,opex,fixed,,,0.050,,,,,2026-05-09 20:17:08.369087+00,2026-06-02 19:49:15.364134+00,true,,0.25,
285,gross profit,other,semi_variable,"[{""company"":{""id"":290244,""name"":""Carefree Newport""},""thresholds"":[{""value"":0.05,""flagrate"":0.83,""confidence"":0,""created_on"":""2026-06-03T14:48:06Z"",""closing_month"":""12-2025""}]},{""company"":{""id"":290243,""name"":""Choice Builder Solutions - Online Sales""},""thresholds"":[{""value"":0.12,""flagrate"":0.73,""confidence"":0,""created_on"":""2026-06-03T14:51:12Z"",""closing_month"":""12-2023""}]},{""company"":{""id"":318655,""name"":""Clay Entertainment""},""thresholds"":[{""value"":0.05,""flagrate"":1,""confidence"":0,""created_on"":""2026-06-03T14:52:55Z"",""closing_month"":""12-2025""},{""value"":0.05,""flagrate"":1,""confidence"":0,""created_on"":""2026-06-03T14:55:04Z"",""closing_month"":""03-2026""}]},{""company"":{""id"":290402,""name"":""Dap Media, Inc""},""thresholds"":[{""value"":0.3,""flagrate"":0.79,""confidence"":0,""created_on"":""2026-06-03T14:55:14Z"",""closing_month"":""03-2026""},{""value"":0.24,""flagrate"":0.79,""confidence"":0,""created_on"":""2026-06-04T12:28:42Z"",""closing_month"":""12-2025""}]},{""company"":{""id"":290228,""name"":""FORMM""},""thresholds"":[{""value"":0.05,""flagrate"":0.79,""confidence"":0,""created_on"":""2026-06-03T14:58:26Z"",""closing_month"":""03-2026""},{""value"":0.05,""flagrate"":0.79,""confidence"":0,""created_on"":""2026-06-04T12:33:04Z"",""closing_month"":""12-2025""}]},{""company"":{""id"":511616,""name"":""Kahn Media, Inc.""},""thresholds"":[{""value"":0.08,""flagrate"":0.6,""confidence"":0,""created_on"":""2026-06-03T15:00:05Z"",""closing_month"":""03-2026""}]},{""company"":{""id"":279086,""name"":""Marketing 32 Group, LLC""},""thresholds"":[{""value"":0.05,""flagrate"":0.67,""confidence"":0,""created_on"":""2026-06-03T15:04:22Z"",""closing_month"":""03-2026""},{""value"":0.05,""flagrate"":0.67,""confidence"":0,""created_on"":""2026-06-04T12:46:57Z"",""closing_month"":""05-2025""}]},{""company"":{""id"":290224,""name"":""Pittwater""},""thresholds"":[{""value"":0.05,""flagrate"":1,""confidence"":0,""created_on"":""2026-06-03T15:08:34Z"",""closing_month"":""12-2025""},{""value"":0.05,""flagrate"":1,""confidence"":0,""created_on"":""2026-06-03T15:15:49Z"",""closing_month"":""12-2023""},{""value"":0.05,""flagrate"":1,""confidence"":0,""created_on"":""2026-06-04T13:13:12Z"",""closing_month"":""02-2026""}]},{""company"":{""id"":389099,""name"":""REAL HR HERO - THOMPSON HR CONSULTING""},""thresholds"":[{""value"":0.05,""flagrate"":1,""confidence"":0,""created_on"":""2026-06-03T15:12:59Z"",""closing_month"":""03-2026""},{""value"":0.05,""flagrate"":0.93,""confidence"":0,""created_on"":""2026-06-04T13:17:02Z"",""closing_month"":""12-2025""}]},{""company"":{""id"":290229,""name"":""Reveille, Inc.""},""thresholds"":[{""value"":0.06,""flagrate"":1,""confidence"":0,""created_on"":""2026-06-03T15:14:40Z"",""closing_month"":""05-2025""},{""value"":0.06,""flagrate"":1,""confidence"":0,""created_on"":""2026-06-04T13:21:11Z"",""closing_month"":""12-2024""}]},{""company"":{""id"":290245,""name"":""SeedCMS""},""thresholds"":[{""value"":0.05,""flagrate"":1,""confidence"":0,""created_on"":""2026-06-03T15:15:03Z"",""closing_month"":""01-2024""},{""value"":0.05,""flagrate"":1,""confidence"":0,""created_on"":""2026-06-03T15:16:30Z"",""closing_month"":""01-2026""},{""value"":0.05,""flagrate"":1,""confidence"":0,""created_on"":""2026-06-03T15:18:33Z"",""closing_month"":""01-2026""},{""value"":0.05,""flagrate"":1,""confidence"":0,""created_on"":""2026-06-04T13:26:15Z"",""closing_month"":""01-2025""}]},{""company"":{""id"":290236,""name"":""Simple Phone Company""},""thresholds"":[{""value"":0.05,""flagrate"":0.79,""confidence"":0,""created_on"":""2026-06-03T15:19:09Z"",""closing_month"":""12-2025""},{""value"":0.05,""flagrate"":0.79,""confidence"":0,""created_on"":""2026-06-03T15:21:21Z"",""closing_month"":""03-2026""}]},{""company"":{""id"":290231,""name"":""SoCal Nautical""},""thresholds"":[{""value"":0.08,""flagrate"":0.91,""confidence"":0,""created_on"":""2026-06-03T15:22:37Z"",""closing_month"":""12-2025""}]},{""company"":{""id"":279087,""name"":""Summit Strategy""},""thresholds"":[{""value"":0.05,""flagrate"":1,""confidence"":0,""created_on"":""2026-06-03T15:24:10Z"",""closing_month"":""02-2026""},{""value"":0.05,""flagrate"":1,""confidence"":0,""created_on"":""2026-06-04T10:59:29Z"",""closing_month"":""12-2025""}]},{""company"":{""id"":290240,""name"":""Orange County Children's Therapeutic Arts Center""},""thresholds"":[{""value"":0.05,""flagrate"":0.4,""confidence"":0,""created_on"":""2026-06-04T13:05:12Z"",""closing_month"":""03-2026""}]}]",,0.050,"[{""company"":{""id"":290244,""name"":""Carefree Newport""},""history"":[{""01-2026"":39892.87},{""01-2025"":35968.8},{""05-2025"":49651.79},{""06-2025"":46067.85},{""09-2025"":38901.76},{""10-2025"":40827.36},{""11-2025"":43148.1},{""02-2025"":46455.84},{""03-2025"":43013.24},{""04-2025"":38416.09},{""07-2025"":36553.8},{""08-2025"":45706.11},{""12-2025"":42602.8}],""avg_absdelta"":0.14,""coefficient_of_variation"":0.71},{""company"":{""id"":290243,""name"":""Choice Builder Solutions - Online Sales""},""history"":[{""11-2023"":65166.77},{""01-2023"":41218.07},{""04-2023"":51985.21},{""05-2023"":40565.52},{""06-2023"":62677.73},{""09-2023"":90652.18},{""10-2023"":16542.68},{""12-2023"":59561.16},{""02-2023"":39713.9},{""03-2023"":40701.16},{""07-2023"":28508.97},{""08-2023"":43203.86}],""avg_absdelta"":0.65,""coefficient_of_variation"":1.23},{""company"":{""id"":318655,""name"":""Clay Entertainment""},""history"":[{""11-2025"":108733.89},{""12-2025"":160993.19},{""01-2025"":54842.51},{""05-2025"":63635.58},{""07-2025"":60447.07},{""10-2025"":82184.29},{""02-2025"":82867.83},{""03-2025"":78466.5},{""04-2025"":67521.66},{""06-2025"":67294.77},{""08-2025"":75293.9},{""09-2025"":70215.26},{""01-2026"":78812.8},{""02-2026"":100931.63},{""03-2026"":63499.5}],""avg_absdelta"":0.24,""coefficient_of_variation"":0.7},{""company"":{""id"":290402,""name"":""Dap Media, Inc""},""history"":[{""01-2026"":-31807.42},{""02-2026"":-112473.34},{""03-2026"":-13578.95},{""03-2025"":9603.58},{""04-2025"":9131.68},{""05-2025"":-18122.69},{""06-2025"":6185.25},{""07-2025"":20515.96},{""11-2025"":-96996.48},{""01-2025"":-11195.43},{""02-2025"":15459.07},{""08-2025"":16095.83},{""09-2025"":12783.3},{""10-2025"":-29894.81},{""12-2025"":3924.49}],""avg_absdelta"":2.07,""coefficient_of_variation"":1.07},{""company"":{""id"":290228,""name"":""FORMM""},""history"":[{""01-2026"":170527.16},{""02-2026"":212970.35},{""03-2026"":225006.15},{""07-2025"":88384.53},{""08-2025"":218224.94},{""12-2025"":174158.31},{""01-2025"":166607.31},{""03-2025"":172257.88},{""06-2025"":135073.48},{""09-2025"":132041.38},{""10-2025"":221268.9},{""11-2025"":220902.29},{""02-2025"":158318.92},{""04-2025"":120614.3},{""05-2025"":155113.64}],""avg_absdelta"":0.31,""coefficient_of_variation"":1.2},{""company"":{""id"":511616,""name"":""Kahn Media, Inc.""},""history"":[{""10-2025"":449868.02},{""11-2025"":351376.44},{""12-2025"":184956.31},{""01-2026"":284350.92},{""02-2026"":285646.02},{""03-2026"":271590}],""avg_absdelta"":0.26,""coefficient_of_variation"":0.84},{""company"":{""id"":279086,""name"":""Marketing 32 Group, LLC""},""history"":[{""01-2026"":96490.24},{""02-2026"":95147.42},{""03-2026"":85722.36},{""05-2025"":103088.64}],""avg_absdelta"":0.06,""coefficient_of_variation"":0.59},{""company"":{""id"":290224,""name"":""Pittwater""},""history"":[{""01-2025"":91037.37},{""03-2025"":194252.13},{""04-2025"":106204.49},{""06-2025"":138834.62},{""08-2025"":73669.09},{""09-2025"":68654.24},{""11-2025"":48530.89},{""12-2025"":415131.05},{""02-2025"":117794.96},{""05-2025"":158985.27},{""07-2025"":182666.55},{""10-2025"":83880.76},{""01-2023"":45492.39},{""03-2023"":114447.11},{""05-2023"":71551.69},{""06-2023"":85045.81},{""07-2023"":110227.75},{""08-2023"":94469.66},{""09-2023"":80852.95},{""02-2023"":40032.37},{""04-2023"":27513.17},{""10-2023"":52429.44},{""11-2023"":191065.61},{""12-2023"":76442.8},{""01-2026"":71928.29},{""02-2026"":91106.7}],""avg_absdelta"":0.85,""coefficient_of_variation"":1.76},{""company"":{""id"":389099,""name"":""REAL HR HERO - THOMPSON HR CONSULTING""},""history"":[{""02-2026"":-3209.84},{""03-2026"":57289.38},{""09-2025"":81457.83},{""10-2025"":35040.88},{""11-2025"":19360.24},{""12-2025"":33098.95},{""01-2026"":68399.37},{""06-2025"":56316.87},{""07-2025"":42372.23},{""08-2025"":43242.69},{""02-2025"":5639.39},{""03-2025"":8439.65},{""05-2025"":29217.26},{""01-2025"":7784.1},{""04-2025"":35785.98}],""avg_absdelta"":2.07,""coefficient_of_variation"":2.28},{""company"":{""id"":290229,""name"":""Reveille, Inc.""},""history"":[{""05-2025"":214642.8},{""09-2024"":95498.55},{""11-2024"":178738.44},{""02-2024"":42195.22},{""08-2024"":61774.02},{""10-2024"":143732.4},{""12-2024"":62684.9},{""01-2024"":108922.23},{""03-2024"":88458.97},{""04-2024"":24039.37},{""05-2024"":36338.58},{""06-2024"":101048.64},{""07-2024"":74328.21}],""avg_absdelta"":0.79,""coefficient_of_variation"":0.81},{""company"":{""id"":290245,""name"":""SeedCMS""},""history"":[{""11-2024"":242907.18},{""10-2024"":188345.36},{""08-2024"":163346.26},{""07-2024"":268626.72},{""06-2024"":235858.96},{""03-2024"":229109.46},{""02-2024"":247204.92},{""01-2024"":302312.68},{""12-2024"":185675.58},{""09-2024"":128132.19},{""05-2024"":268429.43},{""04-2024"":195765.34},{""02-2026"":168104},{""01-2026"":150332.4},{""03-2026"":367278.58},{""11-2025"":245394.3},{""09-2025"":253352.52},{""06-2025"":290246.36},{""04-2025"":193993.46},{""02-2025"":272216.49},{""10-2025"":209391.37},{""08-2025"":191828.09},{""07-2025"":215384.59},{""05-2025"":250866.07},{""03-2025"":364710.74},{""01-2025"":287212.76},{""12-2025"":275124.06}],""avg_absdelta"":0.28,""coefficient_of_variation"":0.79},{""company"":{""id"":290236,""name"":""Simple Phone Company""},""history"":[{""01-2025"":11508.66},{""03-2025"":12618.42},{""04-2025"":13784.73},{""09-2025"":18945.17},{""10-2025"":20704.51},{""11-2025"":22986.23},{""12-2025"":19843.47},{""02-2025"":14186.05},{""05-2025"":15618.13},{""06-2025"":13318.48},{""07-2025"":20472.75},{""08-2025"":19730.07},{""01-2026"":20811.33},{""02-2026"":16740.48},{""03-2026"":22394.61}],""avg_absdelta"":0.16,""coefficient_of_variation"":0.81},{""company"":{""id"":290231,""name"":""SoCal Nautical""},""history"":[{""06-2025"":37611.76},{""07-2025"":29580.89},{""10-2025"":31871.76},{""11-2025"":44579.59},{""12-2025"":45309.79},{""01-2025"":39434.06},{""02-2025"":46131.01},{""04-2025"":16485.78},{""05-2025"":43425.39},{""08-2025"":51043.42},{""09-2025"":42109.86},{""03-2025"":35387.89}],""avg_absdelta"":0.41,""coefficient_of_variation"":1.06},{""company"":{""id"":279087,""name"":""Summit Strategy""},""history"":[{""01-2026"":85247.85},{""02-2026"":100691.24},{""07-2025"":51110.42},{""08-2025"":63857.77},{""09-2025"":93673.2},{""10-2025"":135090.16},{""11-2025"":40655.31},{""01-2025"":65232.12},{""02-2025"":104716.55},{""05-2025"":80329.83},{""12-2025"":68985.79},{""03-2025"":64703.47},{""04-2025"":97596.03},{""06-2025"":131691.32}],""avg_absdelta"":0.45,""coefficient_of_variation"":0.41},{""company"":{""id"":290240,""name"":""Orange County Children's Therapeutic Arts Center""},""history"":[{""11-2025"":248603.38},{""12-2025"":253940.21},{""01-2026"":248311.33},{""02-2026"":254026.43},{""03-2026"":285450.86},{""10-2025"":486822.97}],""avg_absdelta"":0.14,""coefficient_of_variation"":1.33}]",,,,2026-05-10 17:24:41.986055+00,2026-06-02 19:49:15.364134+00,true,,0.25,
286,60010 officer wages,opex,semi_variable,"[{""company"":{""id"":279087,""name"":""Summit Strategy""},""thresholds"":[{""value"":0.05,""flagrate"":0.77,""confidence"":0,""created_on"":""2026-06-03T15:24:20Z"",""closing_month"":""02-2026""},{""value"":0.05,""flagrate"":0.77,""confidence"":0,""created_on"":""2026-06-04T10:59:38Z"",""closing_month"":""12-2025""}]}]",,0.050,"[{""company"":{""id"":279087,""name"":""Summit Strategy""},""history"":[{""02-2026"":10235},{""01-2026"":11862.5},{""01-2025"":1392.38},{""04-2025"":2812.22},{""06-2025"":6900},{""08-2025"":8400},{""02-2025"":1218.34},{""03-2025"":1218.34},{""05-2025"":5500},{""07-2025"":9200},{""09-2025"":8700},{""10-2025"":8360},{""11-2025"":7912.5},{""12-2025"":9112.5}],""avg_absdelta"":0.29,""coefficient_of_variation"":1.3}]",,,,2026-05-10 17:24:42.044351+00,2026-06-02 19:49:15.364134+00,true,,0.25,
287,64000 rent & utility expenses,opex,fixed,,,0.050,,,,,2026-05-10 17:24:42.261505+00,2026-06-02 19:49:15.364134+00,true,,0.25,
288,64010 rent,opex,fixed,"[{""company"":{""id"":279087,""name"":""Summit Strategy""},""thresholds"":[{""value"":0.05,""flagrate"":0.58,""confidence"":0,""created_on"":""2026-06-03T15:25:42Z"",""closing_month"":""02-2026""},{""value"":0.05,""flagrate"":0,""confidence"":0,""created_on"":""2026-06-04T12:52:50Z"",""closing_month"":""12-2025""}]}]",,0.050,"[{""company"":{""id"":279087,""name"":""Summit Strategy""},""history"":[{""02-2026"":1437.13},{""01-2026"":1437.13},{""08-2025"":1679.09},{""09-2025"":1681.69},{""10-2025"":1421.08},{""12-2025"":1539.51},{""03-2025"":1000},{""04-2025"":2425.2},{""06-2025"":1356.3},{""11-2025"":1389.28},{""02-2025"":2000},{""05-2025"":1356.3},{""07-2025"":1356.3}],""avg_absdelta"":0.25,""coefficient_of_variation"":1.59}]",,,,2026-05-10 17:24:42.311449+00,2026-06-02 19:49:15.364134+00,true,,0.25,
289,66000 insurance expenses,opex,fixed,,,0.050,,,,,2026-05-10 17:24:42.434911+00,2026-06-02 19:49:15.364134+00,true,,0.25,
290,66010 auto insurance,opex,fixed,"[{""company"":{""id"":279087,""name"":""Summit Strategy""},""thresholds"":[{""value"":0.05,""flagrate"":0.23,""confidence"":0,""created_on"":""2026-06-03T15:26:20Z"",""closing_month"":""02-2026""},{""value"":0.05,""flagrate"":0,""confidence"":0,""created_on"":""2026-06-04T12:53:16Z"",""closing_month"":""12-2025""}]}]",,0.050,"[{""company"":{""id"":279087,""name"":""Summit Strategy""},""history"":[{""01-2026"":316.28},{""02-2026"":316.28},{""06-2025"":326.66},{""07-2025"":326.66},{""09-2025"":326.66},{""12-2025"":408.28},{""01-2025"":285.28},{""04-2025"":285.28},{""08-2025"":326.66},{""10-2025"":326.66},{""11-2025"":316.28},{""02-2025"":285.28},{""03-2025"":285.28},{""05-2025"":326.66}],""avg_absdelta"":0.05,""coefficient_of_variation"":1.81}]",,,,2026-05-10 17:24:42.479053+00,2026-06-02 19:49:15.364134+00,true,,0.25,
291,66020 business insurance,opex,fixed,"[{""company"":{""id"":279087,""name"":""Summit Strategy""},""thresholds"":[{""value"":0.05,""flagrate"":0,""confidence"":0,""created_on"":""2026-06-03T15:26:28Z"",""closing_month"":""02-2026""},{""value"":0.05,""flagrate"":0,""confidence"":0,""created_on"":""2026-06-04T12:53:16Z"",""closing_month"":""12-2025""}]}]",,0.050,"[{""company"":{""id"":279087,""name"":""Summit Strategy""},""history"":[{""02-2026"":31.51},{""01-2026"":47.66},{""04-2025"":39.59},{""06-2025"":39.58},{""07-2025"":39.58},{""08-2025"":39.58},{""10-2025"":39.58},{""11-2025"":39.58},{""03-2025"":39.58},{""05-2025"":39.59},{""09-2025"":144.58},{""12-2025"":39.58},{""01-2025"":39.58},{""02-2025"":39.58}],""avg_absdelta"":0.3,""coefficient_of_variation"":2.35}]",,,,2026-05-10 17:24:42.521191+00,2026-06-02 19:49:15.364134+00,true,,0.25,
292,66030 cyber insurance,opex,fixed,"[{""company"":{""id"":279087,""name"":""Summit Strategy""},""thresholds"":[{""value"":0.05,""flagrate"":0.08,""confidence"":0,""created_on"":""2026-06-03T15:26:28Z"",""closing_month"":""02-2026""},{""value"":0.05,""flagrate"":0.08,""confidence"":0,""created_on"":""2026-06-04T12:53:16Z"",""closing_month"":""12-2025""}]}]",,0.050,"[{""company"":{""id"":279087,""name"":""Summit Strategy""},""history"":[{""01-2026"":310},{""02-2026"":310},{""08-2025"":227.09},{""11-2025"":227.09},{""12-2025"":227.09},{""03-2025"":227.08},{""04-2025"":227.09},{""09-2025"":227.09},{""10-2025"":227.09},{""01-2025"":227.08},{""02-2025"":227.08},{""05-2025"":227.09},{""06-2025"":227.07},{""07-2025"":227.09}],""avg_absdelta"":0.03,""coefficient_of_variation"":3.46}]",,,,2026-05-10 17:24:42.571426+00,2026-06-02 19:49:15.364134+00,true,,0.25,
293,66040 disability insurance,opex,fixed,"[{""company"":{""id"":279087,""name"":""Summit Strategy""},""thresholds"":[{""value"":0.05,""flagrate"":0.08,""confidence"":0,""created_on"":""2026-06-03T15:26:37Z"",""closing_month"":""02-2026""},{""value"":0.05,""flagrate"":0,""confidence"":0,""created_on"":""2026-06-04T12:53:28Z"",""closing_month"":""12-2025""}]}]",,0.050,"[{""company"":{""id"":279087,""name"":""Summit Strategy""},""history"":[{""01-2026"":170.54},{""02-2026"":170.54},{""10-2025"":170.54},{""11-2025"":170.54},{""12-2025"":170.54},{""02-2025"":132.36},{""05-2025"":132.36},{""07-2025"":170.54},{""08-2025"":170.54},{""01-2025"":132.36},{""03-2025"":132.36},{""04-2025"":132.36},{""06-2025"":136},{""09-2025"":170.54}],""avg_absdelta"":0.02,""coefficient_of_variation"":3.12}]",,,,2026-05-10 17:24:42.61394+00,2026-06-02 19:49:15.364134+00,true,,0.25,
294,66060 liability insurance,opex,fixed,"[{""company"":{""id"":279087,""name"":""Summit Strategy""},""thresholds"":[{""value"":0.05,""flagrate"":0,""confidence"":0,""created_on"":""2026-06-03T15:26:44Z"",""closing_month"":""02-2026""},{""value"":0.05,""flagrate"":0,""confidence"":0,""created_on"":""2026-06-04T12:53:28Z"",""closing_month"":""12-2025""}]}]",,0.050,"[{""company"":{""id"":279087,""name"":""Summit Strategy""},""history"":[{""02-2026"":175.26},{""01-2026"":175.25},{""04-2025"":175.26},{""05-2025"":175.26},{""06-2025"":175.24},{""07-2025"":175.25},{""11-2025"":175.25},{""12-2025"":175.25},{""01-2025"":175.25},{""03-2025"":175.25},{""08-2025"":175.25},{""09-2025"":175.25},{""10-2025"":175.25},{""02-2025"":175.25}],""avg_absdelta"":0,""coefficient_of_variation"":1.62}]",,,,2026-05-10 17:24:42.654708+00,2026-06-02 19:49:15.364134+00,true,,0.25,
295,66070 officer health insurance,opex,semi_variable,"[{""company"":{""id"":279087,""name"":""Summit Strategy""},""thresholds"":[{""value"":0.05,""flagrate"":0.4,""confidence"":0,""created_on"":""2026-06-03T15:26:55Z"",""closing_month"":""02-2026""},{""value"":0.05,""flagrate"":0.4,""confidence"":0,""created_on"":""2026-06-04T12:53:37Z"",""closing_month"":""12-2025""}]}]",,0.050,"[{""company"":{""id"":279087,""name"":""Summit Strategy""},""history"":[{""01-2026"":2149.43},{""02-2026"":2149.43},{""09-2025"":17086.86},{""10-2025"":1898.54},{""11-2025"":1898.54},{""12-2025"":1898.54}],""avg_absdelta"":0.2,""coefficient_of_variation"":1.7}]",,,,2026-05-10 17:24:42.697484+00,2026-06-02 19:49:15.364134+00,true,,0.25,
296,68000 legal & professional fees,opex,semi_variable,,,0.050,,,,,2026-05-10 17:24:42.740256+00,2026-06-02 19:49:15.364134+00,true,,0.25,
297,68010 accounting fees,opex,fixed,"[{""company"":{""id"":279087,""name"":""Summit Strategy""},""thresholds"":[{""value"":0.05,""flagrate"":0.31,""confidence"":0,""created_on"":""2026-06-03T15:27:12Z"",""closing_month"":""02-2026""},{""value"":0.05,""flagrate"":0.31,""confidence"":0,""created_on"":""2026-06-04T12:53:57Z"",""closing_month"":""12-2025""}]}]",,0.050,"[{""company"":{""id"":279087,""name"":""Summit Strategy""},""history"":[{""01-2026"":4533.5},{""02-2026"":4111.5},{""01-2025"":3663},{""02-2025"":3663},{""06-2025"":3712},{""08-2025"":3758.99},{""09-2025"":3717},{""10-2025"":3740},{""11-2025"":3873.75},{""12-2025"":3879.75},{""03-2025"":3951},{""04-2025"":3685},{""05-2025"":3826},{""07-2025"":3752.99}],""avg_absdelta"":0.04,""coefficient_of_variation"":1.13}]",,,,2026-05-10 17:24:42.786016+00,2026-06-02 19:49:15.364134+00,true,,0.25,
298,5100 direct labor,opex,variable,,,0.150,,,,,,2026-06-02 19:49:15.364134+00,false,,2,wages
299,6000 payroll,opex,variable,,,0.150,,,,,,2026-06-02 19:49:15.364134+00,false,,2,wages
300,6020 payroll - employees,opex,variable,,,0.150,,,,,,2026-06-02 19:49:15.364134+00,false,,2,wages
301,6024 employee pto,opex,variable,,,0.150,,,,,,2026-06-02 19:49:15.364134+00,false,,2,dues_and_subscriptions
302,6404 hsa contribution,opex,variable,,,0.150,,,,,,2026-06-02 19:49:15.364134+00,false,,2,dues_and_subscriptions
303,6405 worker's comp,opex,fixed,,,0.150,,,,,,2026-06-02 19:49:15.364134+00,true,,0.25,insurance
304,5100 direct labor - cogs,opex,variable,,,0.150,,,,,,2026-06-02 19:49:15.364134+00,false,,2,wages
305,5103 direct labor pr - commiss...,opex,variable,,,0.150,,,,,,2026-06-02 19:49:15.364134+00,false,,2,wages
306,5104 direct labor pr - health ...,opex,variable,,,0.150,,,,,,2026-06-02 19:49:15.364134+00,false,,2,wages
307,5105 direct labor pr - wellnes...,opex,variable,,,0.150,,,,,,2026-06-02 19:49:15.364134+00,false,,2,wages
308,6100 indirect labor - employees,opex,variable,,,0.150,,,,,,2026-06-02 19:49:15.364134+00,false,,2,wages
309,52100-000 payroll expenses,opex,variable,,,0.150,,,,,,2026-06-02 19:49:15.364134+00,false,,2,wages
310,52103-001 benefits,opex,variable,,,0.150,,,,,,2026-06-02 19:49:15.364134+00,false,,2,dues_and_subscriptions
311,53100-000 payroll expenses,opex,variable,,,0.150,,,,,,2026-06-02 19:49:15.364134+00,false,,2,wages
312,53103-001 benefits,opex,variable,,,0.150,,,,,,2026-06-02 19:49:15.364134+00,false,,2,dues_and_subscriptions
313,60010-000 payroll expenses,opex,variable,,,0.150,,,,,,2026-06-02 19:49:15.364134+00,false,,2,wages
314,65100-000 payroll expenses,opex,variable,,,0.150,,,,,,2026-06-02 19:49:15.364134+00,false,,2,wages
315,6350 payroll expenses,opex,variable,,,0.150,,,,,,2026-06-02 19:49:15.364134+00,false,,2,wages
316,3-65500 payroll expenses,opex,variable,,,0.150,,,,,,2026-06-02 19:49:15.364134+00,false,,2,wages
317,6450 payroll expenses,opex,variable,,,0.150,,,,,,2026-06-02 19:49:15.364134+00,false,,2,wages
318,6454 workers comp,opex,fixed,,,0.150,,,,,,2026-06-02 19:49:15.364134+00,true,,0.25,insurance
319,60000 payroll expenses,opex,variable,,,0.150,,,,,,2026-06-02 19:49:15.364134+00,false,,2,wages
320,6020 payroll expenses,opex,variable,,,0.150,,,,,,2026-06-02 19:49:15.364134+00,false,,2,wages
321,6400 payroll expenses,opex,variable,,,0.150,,,,,,2026-06-02 19:49:15.364134+00,false,,2,wages
322,6403 bradley feldman - payroll,opex,variable,,,0.150,,,,,,2026-06-02 19:49:15.364134+00,false,,2,wages
323,6404 jacci pearce - payroll,opex,variable,,,0.150,,,,,,2026-06-02 19:49:15.364134+00,false,,2,wages
324,6000 payroll expenses,opex,variable,,,0.150,,,,,,2026-06-02 19:49:15.364134+00,false,,2,wages
325,5002 direct labor employer taxes,opex,variable,"[{""company"":{""id"":290228,""name"":""FORMM""},""thresholds"":[{""value"":0.34,""flagrate"":0.5,""confidence"":0,""created_on"":""2026-06-03T14:58:15Z"",""closing_month"":""03-2026""},{""value"":0.86,""flagrate"":0.17,""confidence"":0,""created_on"":""2026-06-04T12:32:54Z"",""closing_month"":""12-2025""}]}]",,0.150,"[{""company"":{""id"":290228,""name"":""FORMM""},""history"":[{""01-2026"":7724.09},{""02-2026"":5303.47},{""03-2026"":2020.35},{""12-2025"":4397.44},{""03-2025"":554.43},{""08-2025"":3110.86},{""09-2025"":3345.13},{""10-2025"":4052.41},{""01-2025"":0},{""02-2025"":0},{""04-2025"":4255.84},{""05-2025"":1206.09},{""06-2025"":3017.98},{""07-2025"":2787.7},{""11-2025"":3141.48}],""avg_absdelta"":0.97,""coefficient_of_variation"":1.81}]",,,,,2026-06-02 19:49:15.364134+00,false,,2,wages
326,6025 payroll expenses,opex,variable,,,0.150,,,,,,2026-06-02 19:49:15.364134+00,false,,2,wages
327,6350 payroll & other employee exp.,opex,variable,,,0.150,,,,,,2026-06-02 19:49:15.364134+00,false,,2,wages
328,6351 payroll services,opex,variable,,,0.150,,,,,,2026-06-02 19:49:15.364134+00,false,,2,wages
329,6358 overtime,opex,variable,,,0.150,,,,,,2026-06-02 19:49:15.364134+00,false,,2,dues_and_subscriptions
330,6360 pto,opex,variable,,,0.150,,,,,,2026-06-02 19:49:15.364134+00,false,,2,dues_and_subscriptions
331,5010 direct labor,opex,variable,,,0.150,,,,,,2026-06-02 19:49:15.364134+00,false,,2,wages
332,51100-000 payroll expenses,opex,variable,,,0.150,,,,,,2026-06-02 19:49:15.364134+00,false,,2,wages
333,51130-001 benefits,opex,variable,,,0.150,,,,,,2026-06-02 19:49:15.364134+00,false,,2,dues_and_subscriptions
334,60014-001 benefits,opex,variable,,,0.150,,,,,,2026-06-02 19:49:15.364134+00,false,,2,dues_and_subscriptions
335,65102-001 benefits,opex,variable,,,0.150,,,,,,2026-06-02 19:49:15.364134+00,false,,2,dues_and_subscriptions
336,5020 direct payroll expenses,opex,variable,,,0.150,,,,,,2026-06-02 19:49:15.364134+00,false,,2,wages
337,5023 employee pr - dl pto,opex,variable,"[{""company"":{""id"":511616,""name"":""Kahn Media, Inc.""},""thresholds"":[{""value"":0.52,""flagrate"":0.33,""confidence"":0,""created_on"":""2026-06-03T14:59:44Z"",""closing_month"":""03-2026""}]}]",,0.150,"[{""company"":{""id"":511616,""name"":""Kahn Media, Inc.""},""history"":[{""12-2025"":11593.76},{""01-2026"":9594.37},{""02-2026"":16895.03},{""03-2026"":11012.59}],""avg_absdelta"":0.43,""coefficient_of_variation"":0.58}]",,,,,2026-06-02 19:49:15.364134+00,false,,2,pr_fees
338,5120 the garage agency - direct payroll expen...,opex,variable,,,0.150,,,,,,2026-06-02 19:49:15.364134+00,false,,2,wages
339,5220 the tread agency - direct payroll expenses,opex,variable,,,0.150,,,,,,2026-06-02 19:49:15.364134+00,false,,2,wages
340,6000 indirect payroll expenses,opex,variable,,,0.150,,,,,,2026-06-02 19:49:15.364134+00,false,,2,wages
341,6020 payroll expenses - employee,opex,variable,,,0.150,,,,,,2026-06-02 19:49:15.364134+00,false,,2,wages
342,6023 employee pr - pto,opex,variable,"[{""company"":{""id"":511616,""name"":""Kahn Media, Inc.""},""thresholds"":[{""value"":0.15,""flagrate"":0,""confidence"":0,""created_on"":""2026-06-03T15:00:57Z"",""closing_month"":""03-2026""}]}]",,0.150,"[{""company"":{""id"":511616,""name"":""Kahn Media, Inc.""},""history"":[{""02-2026"":896.47},{""03-2026"":790.18},{""12-2025"":944.65},{""01-2026"":799.65}],""avg_absdelta"":0.13,""coefficient_of_variation"":0.12}]",,,,,2026-06-02 19:49:15.364134+00,false,,2,pr_fees
343,6030 payroll expense - 401k ee match,opex,variable,"[{""company"":{""id"":511616,""name"":""Kahn Media, Inc.""},""thresholds"":[{""value"":0.17,""flagrate"":0.6,""confidence"":0,""created_on"":""2026-06-03T15:00:57Z"",""closing_month"":""03-2026""}]}]",,0.150,"[{""company"":{""id"":511616,""name"":""Kahn Media, Inc.""},""history"":[{""03-2026"":4830.11},{""10-2025"":8187.93},{""11-2025"":5367.61},{""12-2025"":6594.55},{""01-2026"":5829.96},{""02-2026"":5872.88}],""avg_absdelta"":0.17,""coefficient_of_variation"":0.64}]",,,,,2026-06-02 19:49:15.364134+00,false,,2,wages
344,6031 payroll expense - medical benefits,opex,variable,"[{""company"":{""id"":511616,""name"":""Kahn Media, Inc.""},""thresholds"":[{""value"":0.17,""flagrate"":0.2,""confidence"":0,""created_on"":""2026-06-03T15:01:08Z"",""closing_month"":""03-2026""}]}]",,0.150,"[{""company"":{""id"":511616,""name"":""Kahn Media, Inc.""},""history"":[{""10-2025"":16163.01},{""11-2025"":13909.03},{""12-2025"":17029.42},{""01-2026"":17649.37},{""02-2026"":17967.3},{""03-2026"":16619.78}],""avg_absdelta"":0.1,""coefficient_of_variation"":0.76}]",,,,,2026-06-02 19:49:15.364134+00,false,,2,wages
345,6033 payroll expense - worker'...,opex,variable,,,0.150,,,,,,2026-06-02 19:49:15.364134+00,false,,2,wages
346,4-65500 payroll expenses,opex,variable,,,0.150,,,,,,2026-06-02 19:49:15.364134+00,false,,2,wages
347,5100 direct payroll expense,opex,variable,,,0.150,,,,,,2026-06-02 19:49:15.364134+00,false,,2,wages
348,6000 payroll expense,opex,variable,,,0.150,,,,,,2026-06-02 19:49:15.364134+00,false,,2,wages
349,6025 benefits,opex,variable,"[{""company"":{""id"":279086,""name"":""Marketing 32 Group, LLC""},""thresholds"":[{""value"":0.78,""flagrate"":0.33,""confidence"":0,""created_on"":""2026-06-03T15:05:01Z"",""closing_month"":""03-2026""},{""value"":0.28,""flagrate"":1,""confidence"":0,""created_on"":""2026-06-04T12:47:26Z"",""closing_month"":""05-2025""}]}]",,0.150,"[{""company"":{""id"":279086,""name"":""Marketing 32 Group, LLC""},""history"":[{""01-2026"":750},{""02-2026"":500},{""03-2026"":1012},{""05-2025"":2300.51}],""avg_absdelta"":0.68,""coefficient_of_variation"":0.42}]",,,,,2026-06-02 19:49:15.364134+00,false,,2,dues_and_subscriptions
350,60006 profit share contributions,opex,variable,,,0.150,,,,,,2026-06-02 19:49:15.364134+00,false,,2,pr_fees
351,1-54000 direct labor,opex,variable,,,0.150,,,,,,2026-06-02 19:49:15.364134+00,false,,2,wages
352,1-65500 payroll expenses,opex,variable,,,0.150,,,,,,2026-06-02 19:49:15.364134+00,false,,2,wages
353,6550 payroll expenses,opex,variable,,,0.150,,,,,,2026-06-02 19:49:15.364134+00,false,,2,wages
354,6553 employer taxes & benefits,opex,variable,"[{""company"":{""id"":290240,""name"":""Orange County Children's Therapeutic Arts Center""},""thresholds"":[{""value"":0.15,""flagrate"":0.4,""confidence"":0,""created_on"":""2026-06-04T13:06:31Z"",""closing_month"":""03-2026""}]}]",,0.150,"[{""company"":{""id"":290240,""name"":""Orange County Children's Therapeutic Arts Center""},""history"":[{""12-2025"":11786.45},{""01-2026"":12307.79},{""02-2026"":12870.75},{""03-2026"":14927.53},{""10-2025"":15025.91},{""11-2025"":11177.17}],""avg_absdelta"":0.11,""coefficient_of_variation"":0.75}]",,,,,2026-06-02 19:49:15.364134+00,false,,2,pr_taxes
355,6556 unemployement benefits,opex,variable,,,0.150,,,,,,2026-06-02 19:49:15.364134+00,false,,2,dues_and_subscriptions
356,6700 payroll & employee expenses,opex,variable,,,0.150,,,,,,2026-06-02 19:49:15.364134+00,false,,2,wages
357,6705 401k match,opex,variable,"[{""company"":{""id"":290224,""name"":""Pittwater""},""thresholds"":[{""value"":0.2,""flagrate"":0.55,""confidence"":0,""created_on"":""2026-06-03T15:10:35Z"",""closing_month"":""12-2025""},{""value"":0.15,""flagrate"":0.54,""confidence"":0,""created_on"":""2026-06-04T13:16:46Z"",""closing_month"":""02-2026""}]}]",,0.150,"[{""company"":{""id"":290224,""name"":""Pittwater""},""history"":[{""01-2025"":1663},{""02-2025"":1663},{""03-2025"":1663},{""08-2025"":1933.78},{""09-2025"":2202.29},{""10-2025"":2168.04},{""12-2025"":3648.71},{""04-2025"":1323.92},{""05-2025"":1708.38},{""06-2025"":1709.69},{""07-2025"":2564.03},{""11-2025"":2655.82},{""02-2026"":1546.66},{""01-2026"":1546.66}],""avg_absdelta"":0.2,""coefficient_of_variation"":0.96}]",,,,,2026-06-02 19:49:15.364134+00,false,,2,dues_and_subscriptions
358,6706 health benefits,opex,fixed,"[{""company"":{""id"":290224,""name"":""Pittwater""},""thresholds"":[{""value"":0.15,""flagrate"":0.73,""confidence"":0,""created_on"":""2026-06-03T15:10:45Z"",""closing_month"":""12-2025""},{""value"":0.15,""flagrate"":0.62,""confidence"":0,""created_on"":""2026-06-04T13:16:57Z"",""closing_month"":""02-2026""}]}]",,0.150,"[{""company"":{""id"":290224,""name"":""Pittwater""},""history"":[{""09-2025"":3654.83},{""11-2025"":6977.04},{""01-2025"":4384.95},{""04-2025"":4984.62},{""05-2025"":5907.84},{""06-2025"":3702.06},{""07-2025"":4324.39},{""10-2025"":4728.62},{""12-2025"":6218.89},{""02-2025"":3819.6},{""03-2025"":2741.74},{""08-2025"":4834.07},{""01-2026"":5712.85},{""02-2026"":5670.69}],""avg_absdelta"":0.25,""coefficient_of_variation"":0.81}]",,,,,2026-06-02 19:49:15.364134+00,true,,0.25,insurance
359,6707 other benefits,opex,variable,"[{""company"":{""id"":290224,""name"":""Pittwater""},""thresholds"":[{""value"":0.29,""flagrate"":0,""confidence"":0,""created_on"":""2026-06-03T15:10:55Z"",""closing_month"":""12-2025""},{""value"":0.15,""flagrate"":0.46,""confidence"":0,""created_on"":""2026-06-04T13:17:08Z"",""closing_month"":""02-2026""}]}]",,0.150,"[{""company"":{""id"":290224,""name"":""Pittwater""},""history"":[{""05-2025"":276.9},{""07-2025"":276.9},{""09-2025"":276.9},{""11-2025"":369.2},{""12-2025"":507.65},{""01-2025"":375.08},{""02-2025"":474.89},{""03-2025"":571.05},{""04-2025"":276.9},{""06-2025"":276.9},{""08-2025"":276.9},{""10-2025"":323.05},{""01-2026"":276.9},{""02-2026"":276.9}],""avg_absdelta"":0.16,""coefficient_of_variation"":1.11}]",,,,,2026-06-02 19:49:15.364134+00,false,,2,dues_and_subscriptions
360,5130 direct labor - 401k,opex,variable,"[{""company"":{""id"":389099,""name"":""REAL HR HERO - THOMPSON HR CONSULTING""},""thresholds"":[{""value"":0.69,""flagrate"":0.14,""confidence"":0,""created_on"":""2026-06-03T15:12:15Z"",""closing_month"":""03-2026""},{""value"":0.15,""flagrate"":0.64,""confidence"":0,""created_on"":""2026-06-04T13:16:11Z"",""closing_month"":""12-2025""}]}]",,0.150,"[{""company"":{""id"":389099,""name"":""REAL HR HERO - THOMPSON HR CONSULTING""},""history"":[{""03-2026"":817.53},{""09-2025"":957.51},{""10-2025"":630.72},{""11-2025"":525.36},{""12-2025"":440.91},{""01-2026"":614.72},{""02-2026"":687.43},{""02-2025"":441.83},{""07-2025"":723.23},{""08-2025"":474.7},{""01-2025"":552.77},{""03-2025"":888.39},{""04-2025"":773.72},{""05-2025"":734.53},{""06-2025"":750.24}],""avg_absdelta"":0.3,""coefficient_of_variation"":1.04}]",,,,,2026-06-02 19:49:15.364134+00,false,,2,wages
361,5180 direct labor - worker's comp,opex,variable,"[{""company"":{""id"":389099,""name"":""REAL HR HERO - THOMPSON HR CONSULTING""},""thresholds"":[{""value"":0.57,""flagrate"":0.31,""confidence"":0,""created_on"":""2026-06-03T15:12:36Z"",""closing_month"":""03-2026""},{""value"":0.74,""flagrate"":0.15,""confidence"":0,""created_on"":""2026-06-04T13:16:46Z"",""closing_month"":""12-2025""}]}]",,0.150,"[{""company"":{""id"":389099,""name"":""REAL HR HERO - THOMPSON HR CONSULTING""},""history"":[{""03-2026"":113.96},{""10-2025"":334.46},{""11-2025"":115.26},{""12-2025"":132.11},{""01-2026"":125.63},{""02-2026"":123.92},{""01-2025"":72.46},{""02-2025"":106.85},{""05-2025"":318.62},{""08-2025"":117.97},{""03-2025"":132.76},{""04-2025"":62.59},{""06-2025"":116.74},{""07-2025"":118.57}],""avg_absdelta"":0.67,""coefficient_of_variation"":1.62}]",,,,,2026-06-02 19:49:15.364134+00,false,,2,wages
362,6140 employee pr - pto,opex,variable,"[{""company"":{""id"":389099,""name"":""REAL HR HERO - THOMPSON HR CONSULTING""},""thresholds"":[{""value"":0.18,""flagrate"":0.86,""confidence"":0,""created_on"":""2026-06-03T15:13:30Z"",""closing_month"":""03-2026""},{""value"":0.15,""flagrate"":0.86,""confidence"":0,""created_on"":""2026-06-04T13:18:01Z"",""closing_month"":""12-2025""}]}]",,0.150,"[{""company"":{""id"":389099,""name"":""REAL HR HERO - THOMPSON HR CONSULTING""},""history"":[{""10-2025"":578.63},{""11-2025"":1001.05},{""12-2025"":1647.14},{""01-2026"":304.84},{""02-2026"":123.1},{""03-2026"":122.86},{""09-2025"":1668.46},{""07-2025"":266}],""avg_absdelta"":1.24,""coefficient_of_variation"":1.34}]",,,,,2026-06-02 19:49:15.364134+00,false,,2,pr_fees
363,6180 employee pr - worker's comp,opex,fixed,"[{""company"":{""id"":389099,""name"":""REAL HR HERO - THOMPSON HR CONSULTING""},""thresholds"":[{""value"":0.15,""flagrate"":0,""confidence"":0,""created_on"":""2026-06-03T15:13:40Z"",""closing_month"":""03-2026""},{""value"":0.15,""flagrate"":0,""confidence"":0,""created_on"":""2026-06-04T13:18:11Z"",""closing_month"":""12-2025""}]}]",,0.150,"[{""company"":{""id"":389099,""name"":""REAL HR HERO - THOMPSON HR CONSULTING""},""history"":[{""02-2026"":26.24},{""03-2026"":28.3},{""10-2025"":6.09},{""11-2025"":16.36},{""12-2025"":29.8},{""01-2026"":26.1},{""06-2025"":6.93},{""02-2025"":16.49},{""04-2025"":5.65},{""07-2025"":8.74},{""08-2025"":7.69},{""01-2025"":64.21},{""03-2025"":5.75},{""05-2025"":5.9}],""avg_absdelta"":0.38,""coefficient_of_variation"":1.22}]",,,,,2026-06-02 19:49:15.364134+00,true,,0.25,insurance
364,6220 retirement & benefits,opex,variable,"[{""company"":{""id"":389099,""name"":""REAL HR HERO - THOMPSON HR CONSULTING""},""thresholds"":[{""value"":0.61,""flagrate"":0.5,""confidence"":0,""created_on"":""2026-06-03T15:13:50Z"",""closing_month"":""03-2026""}]}]",,0.150,"[{""company"":{""id"":389099,""name"":""REAL HR HERO - THOMPSON HR CONSULTING""},""history"":[{""01-2026"":1553.33},{""02-2026"":888.33},{""03-2026"":388.33},{""09-2025"":1165},{""10-2025"":40}],""avg_absdelta"":9.95,""coefficient_of_variation"":1.62}]",,,,,2026-06-02 19:49:15.364134+00,false,,2,dues_and_subscriptions
365,5310 payroll - direct,opex,variable,"[{""company"":{""id"":290229,""name"":""Reveille, Inc.""},""thresholds"":[{""value"":0.15,""flagrate"":0.08,""confidence"":0,""created_on"":""2026-06-03T15:13:42Z"",""closing_month"":""05-2025""},{""value"":0.15,""flagrate"":0.08,""confidence"":0,""created_on"":""2026-06-04T13:20:10Z"",""closing_month"":""12-2024""}]}]",,0.150,"[{""company"":{""id"":290229,""name"":""Reveille, Inc.""},""history"":[{""05-2025"":150884.48},{""04-2024"":142837.61},{""06-2024"":133484.29},{""08-2024"":139325.4},{""09-2024"":137933.03},{""12-2024"":126651},{""02-2024"":130710.55},{""05-2024"":153378.41},{""07-2024"":151711.59},{""10-2024"":126999.13},{""11-2024"":135883.07},{""01-2024"":127554.27},{""03-2024"":132301.43}],""avg_absdelta"":0.08,""coefficient_of_variation"":0.64}]",,,,,2026-06-02 19:49:15.364134+00,false,,2,wages
366,5315 benefits - direct,opex,variable,"[{""company"":{""id"":290229,""name"":""Reveille, Inc.""},""thresholds"":[{""value"":0.15,""flagrate"":0.5,""confidence"":0,""created_on"":""2026-06-03T15:13:51Z"",""closing_month"":""05-2025""},{""value"":0.18,""flagrate"":0.33,""confidence"":0,""created_on"":""2026-06-04T13:20:20Z"",""closing_month"":""12-2024""}]}]",,0.150,"[{""company"":{""id"":290229,""name"":""Reveille, Inc.""},""history"":[{""05-2025"":8646.37},{""02-2024"":7606.15},{""04-2024"":7699.31},{""07-2024"":7677.81},{""11-2024"":9388.07},{""12-2024"":6724.07},{""01-2024"":5407.13},{""03-2024"":8009.42},{""05-2024"":7364.05},{""06-2024"":6554.01},{""08-2024"":7055.66},{""09-2024"":6057.62},{""10-2024"":8063.52}],""avg_absdelta"":0.18,""coefficient_of_variation"":0.67}]",,,,,2026-06-02 19:49:15.364134+00,false,,2,dues_and_subscriptions
367,5330 vacation - direct,opex,variable,"[{""company"":{""id"":290229,""name"":""Reveille, Inc.""},""thresholds"":[{""value"":3.05,""flagrate"":0.17,""confidence"":0,""created_on"":""2026-06-03T15:14:10Z"",""closing_month"":""05-2025""},{""value"":2.37,""flagrate"":0.33,""confidence"":0,""created_on"":""2026-06-04T13:20:39Z"",""closing_month"":""12-2024""}]}]",,0.150,"[{""company"":{""id"":290229,""name"":""Reveille, Inc.""},""history"":[{""05-2025"":2718.96},{""06-2024"":6000.52},{""09-2024"":52.6},{""10-2024"":2062.27},{""12-2024"":1353.91},{""01-2024"":3720.11},{""02-2024"":5045.77},{""03-2024"":-1115.32},{""04-2024"":1722.06},{""05-2024"":-2134.45},{""07-2024"":12163.18},{""08-2024"":-2060.47},{""11-2024"":-4091.78}],""avg_absdelta"":4.74,""coefficient_of_variation"":2.14}]",,,,,2026-06-02 19:49:15.364134+00,false,,2,dues_and_subscriptions
368,6010 payroll - g&a,opex,variable,"[{""company"":{""id"":290229,""name"":""Reveille, Inc.""},""thresholds"":[{""value"":0.15,""flagrate"":0.25,""confidence"":0,""created_on"":""2026-06-03T15:14:49Z"",""closing_month"":""05-2025""},{""value"":0.15,""flagrate"":0.25,""confidence"":0,""created_on"":""2026-06-04T13:21:24Z"",""closing_month"":""12-2024""}]}]",,0.150,"[{""company"":{""id"":290229,""name"":""Reveille, Inc.""},""history"":[{""05-2025"":25710.98},{""05-2024"":15000},{""07-2024"":23040.75},{""08-2024"":22987.13},{""10-2024"":23725.5},{""11-2024"":23148},{""12-2024"":23502.76},{""01-2024"":13650},{""02-2024"":12530},{""03-2024"":12500},{""04-2024"":15000},{""06-2024"":27432},{""09-2024"":23601.75}],""avg_absdelta"":0.12,""coefficient_of_variation"":1.86}]",,,,,2026-06-02 19:49:15.364134+00,false,,2,wages
369,6015 benefits - g&a,opex,variable,"[{""company"":{""id"":290229,""name"":""Reveille, Inc.""},""thresholds"":[{""value"":0.15,""flagrate"":0.42,""confidence"":0,""created_on"":""2026-06-03T15:14:57Z"",""closing_month"":""05-2025""},{""value"":0.27,""flagrate"":0.25,""confidence"":0,""created_on"":""2026-06-04T13:21:35Z"",""closing_month"":""12-2024""}]}]",,0.150,"[{""company"":{""id"":290229,""name"":""Reveille, Inc.""},""history"":[{""05-2025"":2166.38},{""10-2024"":1349.02},{""11-2024"":1349.02},{""01-2024"":1039.82},{""02-2024"":1139.82},{""03-2024"":1139.82},{""09-2024"":1117.62},{""12-2024"":1642},{""04-2024"":1239.82},{""05-2024"":1239.8},{""06-2024"":1890.02},{""07-2024"":1717.62},{""08-2024"":1717.62}],""avg_absdelta"":0.16,""coefficient_of_variation"":1.03}]",,,,,2026-06-02 19:49:15.364134+00,false,,2,dues_and_subscriptions
371,6011 pto expense,opex,variable,"[{""company"":{""id"":290236,""name"":""Simple Phone Company""},""thresholds"":[{""value"":0.15,""flagrate"":0,""confidence"":0,""created_on"":""2026-06-03T15:19:59Z"",""closing_month"":""12-2025""},{""value"":1.13,""flagrate"":0.14,""confidence"":0,""created_on"":""2026-06-03T15:22:36Z"",""closing_month"":""03-2026""}]}]",,0.150,"[{""company"":{""id"":290236,""name"":""Simple Phone Company""},""history"":[{""01-2025"":3786.37},{""02-2025"":310.95},{""03-2025"":310.96},{""07-2025"":310.96},{""10-2025"":310.96},{""04-2025"":310.96},{""05-2025"":310.95},{""06-2025"":310.96},{""08-2025"":466.43},{""09-2025"":310.96},{""11-2025"":310.96},{""12-2025"":310.95},{""02-2026"":310.95},{""03-2026"":186.44},{""01-2026"":-776}],""avg_absdelta"":0.5,""coefficient_of_variation"":1.84}]",,,,,2026-06-02 19:49:15.364134+00,false,,2,dues_and_subscriptions
372,6450 payroll benefits,opex,variable,,,0.150,,,,,,2026-06-02 19:49:15.364134+00,false,,2,wages
373,55000 direct labor,opex,variable,"[{""company"":{""id"":290231,""name"":""SoCal Nautical""},""thresholds"":[{""value"":0.15,""flagrate"":0.55,""confidence"":0,""created_on"":""2026-06-03T15:22:27Z"",""closing_month"":""12-2025""}]}]",,0.150,"[{""company"":{""id"":290231,""name"":""SoCal Nautical""},""history"":[{""08-2025"":5007.4},{""09-2025"":4484.59},{""10-2025"":3393.22},{""11-2025"":2485.3},{""04-2025"":6754.97},{""05-2025"":8432.94},{""07-2025"":6075.73},{""12-2025"":900.6},{""01-2025"":5970.71},{""02-2025"":6609.89},{""03-2025"":7313.73},{""06-2025"":9198.96}],""avg_absdelta"":0.22,""coefficient_of_variation"":0.72}]",,,,,2026-06-02 19:49:15.364134+00,false,,2,wages
374,50015 direct labor,opex,variable,"[{""company"":{""id"":279087,""name"":""Summit Strategy""},""thresholds"":[{""value"":0.15,""flagrate"":0,""confidence"":0,""created_on"":""2026-06-03T15:24:10Z"",""closing_month"":""02-2026""},{""value"":2.2,""flagrate"":0,""confidence"":0,""created_on"":""2026-06-04T10:59:18Z"",""closing_month"":""12-2025""}]}]",,0.150,"[{""company"":{""id"":279087,""name"":""Summit Strategy""},""history"":[{""01-2026"":3214.22},{""02-2026"":241.18},{""10-2025"":2282.5},{""11-2025"":2510.9},{""12-2025"":2510.9}],""avg_absdelta"":0.33,""coefficient_of_variation"":1.1}]",,,,,2026-06-02 19:49:15.364134+00,false,,2,wages
375,60040 401k match,opex,variable,"[{""company"":{""id"":279087,""name"":""Summit Strategy""},""thresholds"":[{""value"":0.15,""flagrate"":0,""confidence"":0,""created_on"":""2026-06-03T15:24:54Z"",""closing_month"":""02-2026""},{""value"":1,""flagrate"":0.31,""confidence"":0,""created_on"":""2026-06-04T11:00:18Z"",""closing_month"":""12-2025""}]}]",,0.150,"[{""company"":{""id"":279087,""name"":""Summit Strategy""},""history"":[{""01-2026"":743.75},{""02-2026"":425.29},{""05-2025"":565.17},{""08-2025"":175.16},{""10-2025"":175.16},{""11-2025"":452.08},{""12-2025"":-618.88},{""01-2025"":746.43},{""02-2025"":457.62},{""04-2025"":731.83},{""06-2025"":506.43},{""07-2025"":631.47},{""09-2025"":175.16},{""03-2025"":228.81}],""avg_absdelta"":0.84,""coefficient_of_variation"":1.03}]",,,,,2026-06-02 19:49:15.364134+00,false,,2,dues_and_subscriptions
376,60070 other benefits,opex,variable,"[{""company"":{""id"":279087,""name"":""Summit Strategy""},""thresholds"":[{""value"":0.15,""flagrate"":0.25,""confidence"":0,""created_on"":""2026-06-03T15:25:04Z"",""closing_month"":""02-2026""},{""value"":0.15,""flagrate"":0.25,""confidence"":0,""created_on"":""2026-06-04T11:00:37Z"",""closing_month"":""12-2025""}]}]",,0.150,"[{""company"":{""id"":279087,""name"":""Summit Strategy""},""history"":[{""01-2026"":138.46},{""02-2026"":138.46},{""08-2025"":276.92},{""10-2025"":138.46},{""02-2025"":276.92},{""03-2025"":276.92},{""05-2025"":276.92},{""06-2025"":276.92},{""07-2025"":276.92},{""09-2025"":138.46},{""11-2025"":138.46},{""12-2025"":207.69},{""04-2025"":276.92}],""avg_absdelta"":0.11,""coefficient_of_variation"":1.77}]",,,,,2026-06-02 19:49:15.364134+00,false,,2,dues_and_subscriptions
377,60000 payroll expense,opex,variable,,,0.150,,,,,,2026-06-02 19:49:15.364134+00,false,,2,wages
378,60031 401k match,opex,variable,,,0.150,,,,,,2026-06-02 19:49:15.364134+00,false,,2,dues_and_subscriptions
379,6300 indirect payroll expenses,opex,variable,,,0.150,,,,,,2026-06-02 19:49:15.364134+00,false,,2,wages
380,51200 direct labor,opex,variable,,,0.150,,,,,,2026-06-02 19:49:15.364134+00,false,,2,wages
381,64000 payroll expenses,opex,variable,,,0.150,,,,,,2026-06-02 19:49:15.364134+00,false,,2,wages
382,22100-000 401k withholding,opex,variable,,,0.150,,,,,,2026-06-02 19:49:15.364134+00,false,,2,pr_taxes
383,22200-001 payroll clearing,opex,variable,,,0.150,,,,,,2026-06-02 19:49:15.364134+00,false,,2,wages
384,22200-002 payroll benefits,opex,variable,,,0.150,,,,,,2026-06-02 19:49:15.364134+00,false,,2,wages
386,40000 monthly membership fees,opex,variable,"[{""company"":{""id"":290244,""name"":""Carefree Newport""},""thresholds"":[{""value"":0.15,""flagrate"":0,""confidence"":0,""created_on"":""2026-06-03T14:47:47Z"",""closing_month"":""12-2025""}]}]",,0.150,"[{""company"":{""id"":290244,""name"":""Carefree Newport""},""history"":[{""01-2026"":50115.44},{""12-2025"":52608.83},{""01-2025"":58088.97},{""02-2025"":56274.02},{""03-2025"":56929.64},{""04-2025"":56567.89},{""06-2025"":60629.94},{""09-2025"":57772.33},{""10-2025"":52859.41},{""11-2025"":50873.19},{""05-2025"":63219.97},{""07-2025"":61028.23},{""08-2025"":55907.33}],""avg_absdelta"":0.04,""coefficient_of_variation"":0.74}]",,,,,2026-06-02 19:49:15.364134+00,true,,0.25,accounting_fees
387,40100-007 premium membership,opex,variable,,,0.150,,,,,,2026-06-02 19:49:15.364134+00,false,,2,pr_fees
388,41000 membership fees,opex,variable,"[{""company"":{""id"":290231,""name"":""SoCal Nautical""},""thresholds"":[{""value"":0.15,""flagrate"":0,""confidence"":0,""created_on"":""2026-06-03T15:22:18Z"",""closing_month"":""12-2025""}]}]",,0.150,"[{""company"":{""id"":290231,""name"":""SoCal Nautical""},""history"":[{""06-2025"":20218.58},{""07-2025"":18768.58},{""08-2025"":18316.53},{""11-2025"":16115.91},{""01-2025"":18247.04},{""02-2025"":18821.62},{""03-2025"":18844.54},{""04-2025"":18961.2},{""05-2025"":20008.19},{""09-2025"":17760.28},{""10-2025"":17548.56},{""12-2025"":18074.23}],""avg_absdelta"":0.04,""coefficient_of_variation"":0.89}]",,,,,2026-06-02 19:49:15.364134+00,true,,0.25,accounting_fees
389,6412 employer tax,opex,variable,,,0.150,,,,,,2026-06-02 19:49:15.364134+00,false,,2,pr_taxes
391,22301-000 federal income tax payable,opex,variable,,,0.150,,,,,,2026-06-02 19:49:15.364134+00,false,,2,pr_taxes
392,5003 direct labor - pr fees,opex,variable,"[{""company"":{""id"":318655,""name"":""Clay Entertainment""},""thresholds"":[{""value"":0.15,""flagrate"":0.25,""confidence"":0,""created_on"":""2026-06-03T14:52:36Z"",""closing_month"":""12-2025""},{""value"":0.15,""flagrate"":0.25,""confidence"":0,""created_on"":""2026-06-03T14:54:43Z"",""closing_month"":""03-2026""}]}]",,0.150,"[{""company"":{""id"":318655,""name"":""Clay Entertainment""},""history"":[{""05-2025"":2905.03},{""07-2025"":2905.03},{""09-2025"":2876.32},{""10-2025"":2636.5},{""11-2025"":2874.58},{""04-2025"":2905.03},{""06-2025"":2764.29},{""08-2025"":2659.03},{""12-2025"":3165.03},{""03-2025"":422.24},{""01-2026"":3130.52},{""02-2026"":2383.8},{""03-2026"":2759.26}],""avg_absdelta"":0.57,""coefficient_of_variation"":2.82}]",,,,,2026-06-02 19:49:15.364134+00,false,,2,wages
393,6032 payroll expense - pr fees,opex,variable,"[{""company"":{""id"":511616,""name"":""Kahn Media, Inc.""},""thresholds"":[{""value"":0.15,""flagrate"":0.6,""confidence"":0,""created_on"":""2026-06-03T15:01:18Z"",""closing_month"":""03-2026""}]}]",,0.150,"[{""company"":{""id"":511616,""name"":""Kahn Media, Inc.""},""history"":[{""10-2025"":5470.6},{""11-2025"":3402.85},{""12-2025"":3270.73},{""01-2026"":4284.6},{""02-2026"":3121.6},{""03-2026"":3371.9}],""avg_absdelta"":0.22,""coefficient_of_variation"":0.62}]",,,,,2026-06-02 19:49:15.364134+00,false,,2,wages
394,61560 401k admin,opex,variable,,,0.150,,,,,,2026-06-02 19:49:15.364134+00,false,,2,dues_and_subscriptions
395,63011 401k admin fees,opex,variable,,,0.150,,,,,,2026-06-02 19:49:15.364134+00,true,,0.25,accounting_fees
396,6402 general liability,opex,fixed,,,0.150,,,,,,2026-06-02 19:49:15.364134+00,true,,0.25,insurance
397,6403 health,opex,fixed,,,0.150,,,,,,2026-06-02 19:49:15.364134+00,true,,0.25,insurance
398,6104 employee pr - health bene...,opex,fixed,,,0.150,,,,,,2026-06-02 19:49:15.364134+00,true,,0.25,insurance
399,6105 employee pr - wellness benefit,opex,variable,,,0.150,,,,,,2026-06-02 19:49:15.364134+00,false,,2,pr_fees
400,3-63020 health,opex,fixed,,,0.150,,,,,,2026-06-02 19:49:15.364134+00,true,,0.25,insurance
401,3-63030 liability,opex,fixed,,,0.150,,,,,,2026-06-02 19:49:15.364134+00,true,,0.25,insurance
402,3-63050 umbrella,opex,variable,,,0.150,,,,,,2026-06-02 19:49:15.364134+00,false,,2,dues_and_subscriptions
403,3-63060 workers compensation,opex,fixed,,,0.150,,,,,,2026-06-02 19:49:15.364134+00,true,,0.25,insurance
404,6035 company contributions,opex,fixed,,,0.150,,,,,,2026-06-02 19:49:15.364134+00,true,,0.25,insurance
405,4-63020 health,opex,fixed,,,0.150,,,,,,2026-06-02 19:49:15.364134+00,true,,0.25,insurance
406,4-63030 liability & property,opex,fixed,,,0.150,,,,,,2026-06-02 19:49:15.364134+00,true,,0.25,insurance
407,4-65560 workers compensation,opex,fixed,,,0.150,,,,,,2026-06-02 19:49:15.364134+00,true,,0.25,insurance
408,60601 health,opex,fixed,,,0.150,,,,,,2026-06-02 19:49:15.364134+00,true,,0.25,insurance
409,60604 workmans comp,opex,fixed,,,0.150,,,,,,2026-06-02 19:49:15.364134+00,true,,0.25,insurance
410,1-63020 health,opex,fixed,,,0.150,,,,,,2026-06-02 19:49:15.364134+00,true,,0.25,insurance
411,1-63030 liability,opex,fixed,,,0.150,,,,,,2026-06-02 19:49:15.364134+00,true,,0.25,insurance
412,1-63060 workers compensation,opex,fixed,,,0.150,,,,,,2026-06-02 19:49:15.364134+00,true,,0.25,insurance
413,6201 general liability insuranc,opex,fixed,"[{""company"":{""id"":290240,""name"":""Orange County Children's Therapeutic Arts Center""},""thresholds"":[{""value"":0.15,""flagrate"":0,""confidence"":0,""created_on"":""2026-06-04T13:05:32Z"",""closing_month"":""03-2026""}]}]",,0.150,"[{""company"":{""id"":290240,""name"":""Orange County Children's Therapeutic Arts Center""},""history"":[{""02-2026"":1608.25},{""03-2026"":1608.25},{""10-2025"":1164.42},{""11-2025"":1164.42},{""12-2025"":1164.38},{""01-2026"":1608.25}],""avg_absdelta"":0.08,""coefficient_of_variation"":2}]",,,,,2026-06-02 19:49:15.364134+00,true,,0.25,insurance
414,62301 liability,opex,fixed,"[{""company"":{""id"":290231,""name"":""SoCal Nautical""},""thresholds"":[{""value"":0.15,""flagrate"":0.27,""confidence"":0,""created_on"":""2026-06-03T15:23:38Z"",""closing_month"":""12-2025""}]}]",,0.150,"[{""company"":{""id"":290231,""name"":""SoCal Nautical""},""history"":[{""03-2025"":7599.15},{""06-2025"":7599.15},{""07-2025"":7599.15},{""09-2025"":7599.15},{""11-2025"":6199.7},{""02-2025"":7599.15},{""04-2025"":5362.15},{""05-2025"":7599.15},{""08-2025"":7599.15},{""10-2025"":6199.7},{""12-2025"":6199.7},{""01-2025"":7599.15}],""avg_absdelta"":0.08,""coefficient_of_variation"":1.74}]",,,,,2026-06-02 19:49:15.364134+00,true,,0.25,insurance
415,62302 workmans comp,opex,fixed,"[{""company"":{""id"":290231,""name"":""SoCal Nautical""},""thresholds"":[{""value"":0.15,""flagrate"":0.45,""confidence"":0,""created_on"":""2026-06-03T15:23:49Z"",""closing_month"":""12-2025""}]}]",,0.150,"[{""company"":{""id"":290231,""name"":""SoCal Nautical""},""history"":[{""11-2025"":419.32},{""01-2025"":682.07},{""02-2025"":990.66},{""05-2025"":546.85},{""07-2025"":634.14},{""09-2025"":365.77},{""12-2025"":1115.33},{""03-2025"":1101.31},{""04-2025"":605.53},{""06-2025"":541.47},{""08-2025"":649.43},{""10-2025"":401.44}],""avg_absdelta"":0.32,""coefficient_of_variation"":1.4}]",,,,,2026-06-02 19:49:15.364134+00,true,,0.25,insurance
416,66080 worker's compensation,opex,fixed,"[{""company"":{""id"":279087,""name"":""Summit Strategy""},""thresholds"":[{""value"":0.15,""flagrate"":0,""confidence"":0,""created_on"":""2026-06-03T15:27:03Z"",""closing_month"":""02-2026""},{""value"":0.15,""flagrate"":0,""confidence"":0,""created_on"":""2026-06-04T12:53:46Z"",""closing_month"":""12-2025""}]}]",,0.150,"[{""company"":{""id"":279087,""name"":""Summit Strategy""},""history"":[{""01-2026"":82},{""02-2026"":73.25},{""07-2025"":82},{""09-2025"":82},{""11-2025"":82},{""12-2025"":82},{""03-2025"":82},{""06-2025"":82},{""08-2025"":82},{""10-2025"":82},{""01-2025"":82},{""02-2025"":82},{""04-2025"":82},{""05-2025"":82}],""avg_absdelta"":0.01,""coefficient_of_variation"":3.46}]",,,,,2026-06-02 19:49:15.364134+00,true,,0.25,insurance
417,66070 life/dental/vision,opex,variable,,,0.150,,,,,,2026-06-02 19:49:15.364134+00,false,,2,dues_and_subscriptions
418,64400 company contributions,opex,fixed,,,0.150,,,,,,2026-06-02 19:49:15.364134+00,true,,0.25,insurance
419,6102 lease,opex,fixed,,,0.150,,,,,,2026-06-02 19:49:15.364134+00,true,,0.25,rent
420,6704 property tax,opex,variable,,,0.150,,,,,,2026-06-02 19:49:15.364134+00,false,,2,pr_fees
422,11700-000 lease deposits,opex,fixed,,,0.150,,,,,,2026-06-02 19:49:15.364134+00,true,,0.25,rent
423,6804 lease expense,opex,fixed,,,0.150,,,,,,2026-06-02 19:49:15.364134+00,true,,0.25,rent
424,3-63040 property,opex,variable,,,0.150,,,,,,2026-06-02 19:49:15.364134+00,false,,2,pr_fees
425,3-64020 cam charges,opex,variable,,,0.150,,,,,,2026-06-02 19:49:15.364134+00,false,,2,dues_and_subscriptions
426,3-67640 property,opex,variable,,,0.150,,,,,,2026-06-02 19:49:15.364134+00,false,,2,pr_fees
427,6051 auto and truck lease,opex,fixed,,,0.150,,,,,,2026-06-02 19:49:15.364134+00,true,,0.25,rent
428,6060 facilities expense,opex,variable,,,0.150,,,,,,2026-06-02 19:49:15.364134+00,false,,2,dues_and_subscriptions
429,4002 lease commission,opex,fixed,,,0.150,,,,,,2026-06-02 19:49:15.364134+00,true,,0.25,rent
430,6107 property websites,opex,variable,,,0.150,,,,,,2026-06-02 19:49:15.364134+00,false,,2,pr_fees
431,6205 us storage,opex,variable,,,0.150,,,,,,2026-06-02 19:49:15.364134+00,false,,2,dues_and_subscriptions
432,6018 lease,opex,fixed,"[{""company"":{""id"":290228,""name"":""FORMM""},""thresholds"":[{""value"":0.15,""flagrate"":0.21,""confidence"":0,""created_on"":""2026-06-03T14:59:37Z"",""closing_month"":""03-2026""},{""value"":0.15,""flagrate"":0.21,""confidence"":0,""created_on"":""2026-06-04T12:34:23Z"",""closing_month"":""12-2025""}]}]",,0.150,"[{""company"":{""id"":290228,""name"":""FORMM""},""history"":[{""01-2026"":2479.31},{""02-2026"":1292.39},{""03-2026"":1292.39},{""06-2025"":2436.5},{""07-2025"":2436.5},{""09-2025"":3666.23},{""11-2025"":2479.31},{""12-2025"":2479.31},{""01-2025"":2436.5},{""02-2025"":2436.5},{""04-2025"":2436.5},{""05-2025"":2436.5},{""08-2025"":2436.5},{""10-2025"":2479.31},{""03-2025"":2436.5}],""avg_absdelta"":0.09,""coefficient_of_variation"":1.96}]",,,,,2026-06-02 19:49:15.364134+00,true,,0.25,rent
433,6060 facilities,opex,variable,,,0.150,,,,,,2026-06-02 19:49:15.364134+00,false,,2,dues_and_subscriptions
434,6066 facility repair & maintenance,opex,variable,,,0.150,,,,,,2026-06-02 19:49:15.364134+00,false,,2,dues_and_subscriptions
435,6088 auto lease,opex,fixed,,,0.150,,,,,,2026-06-02 19:49:15.364134+00,true,,0.25,rent
436,5012 warehouse,opex,variable,,,0.150,,,,,,2026-06-02 19:49:15.364134+00,false,,2,dues_and_subscriptions
437,6250 facilities expenses,opex,variable,,,0.150,,,,,,2026-06-02 19:49:15.364134+00,false,,2,dues_and_subscriptions
438,6252 commercial storage lease,opex,fixed,,,0.150,,,,,,2026-06-02 19:49:15.364134+00,true,,0.25,rent
439,6401 taxes - property,opex,variable,,,0.150,,,,,,2026-06-02 19:49:15.364134+00,false,,2,pr_fees
440,40200-004 storage locker,opex,variable,,,0.150,,,,,,2026-06-02 19:49:15.364134+00,false,,2,dues_and_subscriptions
441,6702 lease,opex,fixed,"[{""company"":{""id"":511616,""name"":""Kahn Media, Inc.""},""thresholds"":[{""value"":0.15,""flagrate"":0,""confidence"":0,""created_on"":""2026-06-03T15:02:44Z"",""closing_month"":""03-2026""}]}]",,0.150,"[{""company"":{""id"":511616,""name"":""Kahn Media, Inc.""},""history"":[{""10-2025"":906.03},{""11-2025"":870.12},{""12-2025"":2234.77},{""01-2026"":983.84},{""02-2026"":983.84},{""03-2026"":983.84}],""avg_absdelta"":0.43,""coefficient_of_variation"":1.4}]",,,,,2026-06-02 19:49:15.364134+00,true,,0.25,rent
442,4-60600 car lease,opex,fixed,,,0.150,,,,,,2026-06-02 19:49:15.364134+00,true,,0.25,rent
443,61402 property,opex,variable,,,0.150,,,,,,2026-06-02 19:49:15.364134+00,false,,2,pr_fees
444,1-54250 meeting facilities,opex,variable,,,0.150,,,,,,2026-06-02 19:49:15.364134+00,false,,2,dues_and_subscriptions
445,1-67640 property,opex,variable,,,0.150,,,,,,2026-06-02 19:49:15.364134+00,false,,2,pr_fees
446,6450 facilities and equipment,opex,variable,,,0.150,,,,,,2026-06-02 19:49:15.364134+00,false,,2,dues_and_subscriptions
447,5006 facilities & tools,opex,variable,"[{""company"":{""id"":290224,""name"":""Pittwater""},""thresholds"":[{""value"":0.15,""flagrate"":0,""confidence"":0,""created_on"":""2026-06-03T15:08:34Z"",""closing_month"":""12-2025""},{""value"":0.15,""flagrate"":0,""confidence"":0,""created_on"":""2026-06-04T13:13:12Z"",""closing_month"":""02-2026""}]}]",,0.150,"[{""company"":{""id"":290224,""name"":""Pittwater""},""history"":[{""02-2025"":192.84},{""08-2025"":250},{""09-2025"":250},{""10-2025"":250},{""11-2025"":250},{""12-2025"":250},{""02-2026"":250},{""01-2026"":262.12}],""avg_absdelta"":0.06,""coefficient_of_variation"":1.8}]",,,,,2026-06-02 19:49:15.364134+00,false,,2,dues_and_subscriptions
448,6650 facility & equipment,opex,variable,,,0.150,,,,,,2026-06-02 19:49:15.364134+00,false,,2,dues_and_subscriptions
449,6100 facility costs,cogs,variable,,,0.150,,,,,,2026-06-02 19:49:15.364134+00,false,,2,wages
450,6115 facilities maintenance,opex,variable,"[{""company"":{""id"":290229,""name"":""Reveille, Inc.""},""thresholds"":[{""value"":0.78,""flagrate"":0.55,""confidence"":0,""created_on"":""2026-06-03T15:15:35Z"",""closing_month"":""05-2025""},{""value"":2.21,""flagrate"":0.27,""confidence"":0,""created_on"":""2026-06-04T13:22:22Z"",""closing_month"":""12-2024""}]}]",,0.150,"[{""company"":{""id"":290229,""name"":""Reveille, Inc.""},""history"":[{""05-2025"":180},{""09-2024"":1760},{""11-2024"":180},{""01-2024"":300},{""03-2024"":300},{""04-2024"":1150},{""05-2024"":150},{""10-2024"":360},{""12-2024"":730},{""06-2024"":180},{""07-2024"":795},{""08-2024"":2145}],""avg_absdelta"":1.3,""coefficient_of_variation"":0.92}]",,,,,2026-06-02 19:49:15.364134+00,false,,2,dues_and_subscriptions
451,63010 lease,opex,fixed,"[{""company"":{""id"":279087,""name"":""Summit Strategy""},""thresholds"":[{""value"":0.15,""flagrate"":0,""confidence"":0,""created_on"":""2026-06-03T15:25:21Z"",""closing_month"":""02-2026""},{""value"":0.15,""flagrate"":0,""confidence"":0,""created_on"":""2026-06-04T11:00:58Z"",""closing_month"":""12-2025""}]}]",,0.150,"[{""company"":{""id"":279087,""name"":""Summit Strategy""},""history"":[{""01-2026"":819.95},{""02-2026"":819.95},{""01-2025"":819.95},{""02-2025"":819.95},{""03-2025"":819.95},{""04-2025"":819.95},{""06-2025"":819.95},{""11-2025"":819.95},{""05-2025"":819.95},{""07-2025"":819.95},{""08-2025"":819.95},{""09-2025"":819.95},{""10-2025"":819.95},{""12-2025"":819.95}],""avg_absdelta"":0,""coefficient_of_variation"":0}]",,,,,2026-06-02 19:49:15.364134+00,true,,0.25,rent
452,50062 fulfillment center lease,opex,fixed,,,0.150,,,,,,2026-06-02 19:49:15.364134+00,true,,0.25,rent
453,64040 cam expenses,opex,variable,,,0.150,,,,,,2026-06-02 19:49:15.364134+00,false,,2,dues_and_subscriptions
454,6450 building repairs,opex,variable,,,0.150,,,,,,2026-06-02 19:49:15.364134+00,false,,2,dues_and_subscriptions
455,11710-000 lease deposits,opex,fixed,,,0.150,,,,,,2026-06-02 19:49:15.364134+00,true,,0.25,rent
456,12500-001 furniture - storage,opex,variable,,,0.150,,,,,,2026-06-02 19:49:15.364134+00,false,,2,dues_and_subscriptions
457,23000-000 short-term lease liabilities,opex,fixed,,,0.150,,,,,,2026-06-02 19:49:15.364134+00,true,,0.25,rent
458,24000-000 long-term lease liabilities,opex,fixed,,,0.150,,,,,,2026-06-02 19:49:15.364134+00,true,,0.25,rent
459,8100 interest expense,opex,fixed,,,0.150,,,,,,2026-06-02 19:49:15.364134+00,false,,2,accounting_fees
460,60400 bank service charges,opex,variable,,,0.150,,,,,,2026-06-02 19:49:15.364134+00,true,,0.25,accounting_fees
461,63400 interest expense,opex,fixed,,,0.150,,,,,,2026-06-02 19:49:15.364134+00,false,,2,accounting_fees
462,6302 quickbooks payments fees,opex,variable,,,0.150,,,,,,2026-06-02 19:49:15.364134+00,true,,0.25,accounting_fees
463,6352 legal services,opex,variable,,,0.150,,,,,,2026-06-02 19:49:15.364134+00,false,,2,dues_and_subscriptions
464,65510-000 legal fees,opex,variable,,,0.150,,,,,,2026-06-02 19:49:15.364134+00,true,,0.25,accounting_fees
465,6502 consulting fees,opex,variable,,,0.150,,,,,,2026-06-02 19:49:15.364134+00,true,,0.25,accounting_fees
466,6600 quickbooks payments fees,opex,variable,,,0.150,,,,,,2026-06-02 19:49:15.364134+00,true,,0.25,accounting_fees
467,8003 interest expense,opex,fixed,"[{""company"":{""id"":290402,""name"":""Dap Media, Inc""},""thresholds"":[{""value"":2.31,""flagrate"":0.09,""confidence"":0,""created_on"":""2026-06-03T14:56:03Z"",""closing_month"":""03-2026""},{""value"":0.17,""flagrate"":0.27,""confidence"":0,""created_on"":""2026-06-04T12:29:50Z"",""closing_month"":""12-2025""}]},{""company"":{""id"":511616,""name"":""Kahn Media, Inc.""},""thresholds"":[{""value"":1.41,""flagrate"":0.2,""confidence"":0,""created_on"":""2026-06-03T15:02:54Z"",""closing_month"":""03-2026""}]},{""company"":{""id"":279086,""name"":""Marketing 32 Group, LLC""},""thresholds"":[{""value"":0.15,""flagrate"":0,""confidence"":0,""created_on"":""2026-06-03T15:05:57Z"",""closing_month"":""03-2026""},{""value"":0.15,""flagrate"":0,""confidence"":0,""created_on"":""2026-06-04T12:48:00Z"",""closing_month"":""05-2025""}]}]",,0.150,"[{""company"":{""id"":290402,""name"":""Dap Media, Inc""},""history"":[{""01-2026"":2321.61},{""02-2026"":1994.2},{""03-2026"":6359.05},{""03-2025"":1061.65},{""08-2025"":211.66},{""04-2025"":1027.39},{""09-2025"":190.77},{""10-2025"":170.21},{""11-2025"":160.39},{""12-2025"":2132.81},{""01-2025"":960.81},{""02-2025"":954.8}],""avg_absdelta"":1.45,""coefficient_of_variation"":2.41},{""company"":{""id"":511616,""name"":""Kahn Media, Inc.""},""history"":[{""10-2025"":4226.69},{""11-2025"":1932.55},{""12-2025"":26793.37},{""01-2026"":10998.43},{""02-2026"":10643.26},{""03-2026"":9930.13}],""avg_absdelta"":2.82,""coefficient_of_variation"":1.78},{""company"":{""id"":279086,""name"":""Marketing 32 Group, LLC""},""history"":[{""02-2026"":694.14},{""03-2026"":680.14},{""01-2026"":687.07}],""avg_absdelta"":0.02,""coefficient_of_variation"":0.32}]",,,,,2026-06-02 19:49:15.364134+00,false,,2,accounting_fees
468,3-60500 bank service charges,opex,variable,,,0.150,,,,,,2026-06-02 19:49:15.364134+00,true,,0.25,accounting_fees
469,3-80000 interest expense,opex,fixed,,,0.150,,,,,,2026-06-02 19:49:15.364134+00,false,,2,accounting_fees
470,6100 bank service charges,opex,variable,,,0.150,,,,,,2026-06-02 19:49:15.364134+00,true,,0.25,accounting_fees
471,6110 bank service fees,opex,variable,,,0.150,,,,,,2026-06-02 19:49:15.364134+00,true,,0.25,accounting_fees
472,82000 interest expense,opex,fixed,"[{""company"":{""id"":290244,""name"":""Carefree Newport""},""thresholds"":[{""value"":0.15,""flagrate"":0.33,""confidence"":0,""created_on"":""2026-06-03T14:49:25Z"",""closing_month"":""12-2025""}]}]",,0.150,"[{""company"":{""id"":290244,""name"":""Carefree Newport""},""history"":[{""01-2026"":3490.32},{""02-2025"":4384.6},{""04-2025"":27224.92},{""06-2025"":3858.62},{""07-2025"":3758.15},{""03-2025"":5162.92},{""05-2025"":3958.38},{""08-2025"":3668.44},{""09-2025"":3566.65},{""10-2025"":3432.3},{""11-2025"":3360.94},{""12-2025"":3378.5},{""01-2025"":6474.86}],""avg_absdelta"":0.49,""coefficient_of_variation"":2.4}]",,,,,2026-06-02 19:49:15.364134+00,false,,2,accounting_fees
473,6210 quickbooks fees,opex,variable,"[{""company"":{""id"":318655,""name"":""Clay Entertainment""},""thresholds"":[{""value"":0.15,""flagrate"":0,""confidence"":0,""created_on"":""2026-06-03T14:53:06Z"",""closing_month"":""12-2025""},{""value"":0.15,""flagrate"":0,""confidence"":0,""created_on"":""2026-06-03T14:55:14Z"",""closing_month"":""03-2026""}]}]",,0.150,"[{""company"":{""id"":318655,""name"":""Clay Entertainment""},""history"":[{""05-2025"":134.8},{""07-2025"":264.13},{""10-2025"":365.81},{""11-2025"":382.93},{""12-2025"":394.86},{""01-2025"":164.65},{""03-2025"":226.57},{""04-2025"":151.92},{""06-2025"":287.33},{""08-2025"":286.96},{""09-2025"":427.07},{""02-2025"":134.65},{""01-2026"":293.6},{""02-2026"":478.98},{""03-2026"":498.98}],""avg_absdelta"":0.3,""coefficient_of_variation"":1.03}]",,,,,2026-06-02 19:49:15.364134+00,true,,0.25,accounting_fees
474,6503 legal services,opex,variable,"[{""company"":{""id"":318655,""name"":""Clay Entertainment""},""thresholds"":[{""value"":1.68,""flagrate"":0.4,""confidence"":0,""created_on"":""2026-06-03T14:53:59Z"",""closing_month"":""12-2025""}]}]",,0.150,"[{""company"":{""id"":318655,""name"":""Clay Entertainment""},""history"":[{""09-2025"":42.25},{""10-2025"":341.8},{""11-2025"":41.82},{""12-2025"":181.76},{""02-2025"":585},{""03-2025"":1430}],""avg_absdelta"":2.75,""coefficient_of_variation"":0.86}]",,,,,2026-06-02 19:49:15.364134+00,false,,2,dues_and_subscriptions
475,6505 consulting fee,opex,variable,,,0.150,,,,,,2026-06-02 19:49:15.364134+00,false,,2,dues_and_subscriptions
476,8004 interest expense,opex,fixed,"[{""company"":{""id"":318655,""name"":""Clay Entertainment""},""thresholds"":[{""value"":0.21,""flagrate"":0,""confidence"":0,""created_on"":""2026-06-03T14:54:09Z"",""closing_month"":""12-2025""}]}]",,0.150,"[{""company"":{""id"":318655,""name"":""Clay Entertainment""},""history"":[{""09-2025"":12.93},{""10-2025"":25.88},{""11-2025"":787.69},{""01-2025"":78.46},{""04-2025"":64.07},{""05-2025"":62.01},{""06-2025"":130.09},{""07-2025"":12.93},{""12-2025"":12.93},{""02-2025"":73.69},{""03-2025"":68.89},{""08-2025"":12.93}],""avg_absdelta"":3.06,""coefficient_of_variation"":2.73}]",,,,,2026-06-02 19:49:15.364134+00,false,,2,accounting_fees
477,6802 legal fees,opex,variable,"[{""company"":{""id"":290402,""name"":""Dap Media, Inc""},""thresholds"":[{""value"":0.15,""flagrate"":1,""confidence"":0,""created_on"":""2026-06-03T14:55:44Z"",""closing_month"":""03-2026""},{""value"":0.15,""flagrate"":1,""confidence"":0,""created_on"":""2026-06-04T12:29:30Z"",""closing_month"":""12-2025""}]}]",,0.150,"[{""company"":{""id"":290402,""name"":""Dap Media, Inc""},""history"":[{""01-2026"":2126.28},{""02-2026"":3575.8},{""03-2026"":1214.85},{""10-2025"":5098.4},{""11-2025"":12151.3},{""12-2025"":6392.36},{""05-2025"":1988.84},{""06-2025"":35088.25},{""09-2025"":28733.91}],""avg_absdelta"":2.69,""coefficient_of_variation"":1.96}]",,,,,2026-06-02 19:49:15.364134+00,true,,0.25,accounting_fees
478,"6506 strategy, consulting & im...",opex,variable,,,0.150,,,,,,2026-06-02 19:49:15.364134+00,false,,2,dues_and_subscriptions
479,8200 interest expense,opex,fixed,,,0.150,,,,,,2026-06-02 19:49:15.364134+00,false,,2,accounting_fees
480,6025 bank service charges & fees,opex,variable,,,0.150,"[{""company"":{""id"":290228,""name"":""FORMM""},""history"":[{""12-2025"":0.06}],""avg_absdelta"":0,""coefficient_of_variation"":0}]",,,,,2026-06-02 19:49:15.364134+00,true,,0.25,accounting_fees
481,6027 finance charge,opex,variable,"[{""company"":{""id"":290228,""name"":""FORMM""},""thresholds"":[{""value"":0.15,""flagrate"":0,""confidence"":0,""created_on"":""2026-06-04T12:34:34Z"",""closing_month"":""12-2025""}]}]",,0.150,"[{""company"":{""id"":290228,""name"":""FORMM""},""history"":[{""07-2025"":31.03},{""09-2025"":1485.48},{""12-2025"":36.91}],""avg_absdelta"":23.92,""coefficient_of_variation"":0.96}]",,,,,2026-06-02 19:49:15.364134+00,false,,2,dues_and_subscriptions
482,6076 legal expenses,opex,variable,"[{""company"":{""id"":290228,""name"":""FORMM""},""thresholds"":[{""value"":0.15,""flagrate"":0.93,""confidence"":0,""created_on"":""2026-06-03T15:00:08Z"",""closing_month"":""03-2026""},{""value"":1.52,""flagrate"":0.29,""confidence"":0,""created_on"":""2026-06-04T12:34:51Z"",""closing_month"":""12-2025""}]}]",,0.150,"[{""company"":{""id"":290228,""name"":""FORMM""},""history"":[{""02-2026"":1500},{""03-2026"":1745},{""01-2026"":1250},{""04-2025"":450},{""06-2025"":3467.25},{""07-2025"":9279.25},{""08-2025"":2655.5},{""10-2025"":6437.5},{""11-2025"":8137.5},{""01-2025"":620.03},{""02-2025"":787.5},{""05-2025"":3939.75},{""09-2025"":2118.75},{""12-2025"":3200},{""03-2025"":3300}],""avg_absdelta"":1.33,""coefficient_of_variation"":1.48}]",,,,,2026-06-02 19:49:15.364134+00,false,,2,dues_and_subscriptions
483,6077 consulting,opex,variable,"[{""company"":{""id"":290228,""name"":""FORMM""},""thresholds"":[{""value"":7.13,""flagrate"":0,""confidence"":0,""created_on"":""2026-06-03T15:00:18Z"",""closing_month"":""03-2026""},{""value"":1.13,""flagrate"":0.17,""confidence"":0,""created_on"":""2026-06-04T12:35:01Z"",""closing_month"":""12-2025""}]}]",,0.150,"[{""company"":{""id"":290228,""name"":""FORMM""},""history"":[{""01-2026"":975},{""02-2026"":1196.37},{""03-2026"":9035.46},{""02-2025"":2925},{""04-2025"":1950},{""08-2025"":975},{""09-2025"":2000},{""12-2025"":1950},{""03-2025"":1950},{""05-2025"":1950},{""10-2025"":2277},{""11-2025"":1410},{""01-2025"":975}],""avg_absdelta"":1.01,""coefficient_of_variation"":1.74}]",,,,,2026-06-02 19:49:15.364134+00,false,,2,dues_and_subscriptions
484,8005 interest expense,opex,fixed,"[{""company"":{""id"":290228,""name"":""FORMM""},""thresholds"":[{""value"":0.32,""flagrate"":0.07,""confidence"":0,""created_on"":""2026-06-03T15:00:46Z"",""closing_month"":""03-2026""},{""value"":0.15,""flagrate"":0.29,""confidence"":0,""created_on"":""2026-06-04T12:35:34Z"",""closing_month"":""12-2025""}]}]",,0.150,"[{""company"":{""id"":290228,""name"":""FORMM""},""history"":[{""01-2026"":4221.73},{""02-2026"":3753.23},{""03-2026"":2282.04},{""08-2025"":5430.75},{""09-2025"":5310.24},{""10-2025"":5168.09},{""01-2025"":5423.51},{""03-2025"":5955.84},{""04-2025"":4831.45},{""06-2025"":5631.39},{""11-2025"":5055.7},{""12-2025"":4775.78},{""02-2025"":6268.6},{""05-2025"":6120.48},{""07-2025"":5490.71}],""avg_absdelta"":0.11,""coefficient_of_variation"":0.98}]",,,,,2026-06-02 19:49:15.364134+00,false,,2,accounting_fees
485,6102 quickbooks payments fees,opex,variable,,,0.150,,,,,,2026-06-02 19:49:15.364134+00,true,,0.25,accounting_fees
486,8001 interest expense,opex,fixed,"[{""company"":{""id"":290224,""name"":""Pittwater""},""thresholds"":[{""value"":0.15,""flagrate"":0,""confidence"":0,""created_on"":""2026-06-03T15:10:55Z"",""closing_month"":""12-2025""},{""value"":0.15,""flagrate"":0.23,""confidence"":0,""created_on"":""2026-06-04T13:17:27Z"",""closing_month"":""02-2026""}]}]",,0.150,"[{""company"":{""id"":290224,""name"":""Pittwater""},""history"":[{""03-2025"":278.26},{""06-2025"":116.59},{""07-2025"":113.63},{""09-2025"":107.65},{""11-2025"":101.62},{""12-2025"":98.58},{""02-2025"":192.32},{""04-2025"":185.33},{""05-2025"":119.54},{""08-2025"":110.65},{""10-2025"":104.64},{""01-2025"":213.62},{""01-2026"":95.52},{""02-2026"":92.45}],""avg_absdelta"":0.11,""coefficient_of_variation"":1.29}]",,,,,2026-06-02 19:49:15.364134+00,false,,2,accounting_fees
487,7051 interest expense,opex,fixed,,,0.150,,,,,,2026-06-02 19:49:15.364134+00,false,,2,accounting_fees
488,6703 quickbooks payments fees,opex,variable,,,0.150,,,,,,2026-06-02 19:49:15.364134+00,true,,0.25,accounting_fees
489,6802 business consulting,opex,variable,,,0.150,,,,,,2026-06-02 19:49:15.364134+00,false,,2,dues_and_subscriptions
490,6152 quickbooks payment fees,opex,variable,,,0.150,,,,,,2026-06-02 19:49:15.364134+00,true,,0.25,accounting_fees
491,6503 consulting,opex,variable,,,0.150,,,,,,2026-06-02 19:49:15.364134+00,false,,2,dues_and_subscriptions
492,6802 legal,opex,variable,,,0.150,,,,,,2026-06-02 19:49:15.364134+00,false,,2,dues_and_subscriptions
493,22400-700 due to attorney share,opex,variable,,,0.150,,,,,,2026-06-02 19:49:15.364134+00,false,,2,dues_and_subscriptions
494,4-80000 interest expense,opex,fixed,,,0.150,,,,,,2026-06-02 19:49:15.364134+00,false,,2,accounting_fees
495,60300 bank service charges,opex,variable,,,0.150,,,,,,2026-06-02 19:49:15.364134+00,true,,0.25,accounting_fees
496,61003 legal,opex,variable,,,0.150,,,,,,2026-06-02 19:49:15.364134+00,false,,2,dues_and_subscriptions
497,81000 interest expense,opex,fixed,,,0.150,,,,,,2026-06-02 19:49:15.364134+00,false,,2,accounting_fees
498,1-60500 bank service charges,opex,variable,,,0.150,,,,,,2026-06-02 19:49:15.364134+00,true,,0.25,accounting_fees
499,1-80000 interest expense,opex,fixed,,,0.150,,,,,,2026-06-02 19:49:15.364134+00,false,,2,accounting_fees
500,6602 legal services,opex,variable,"[{""company"":{""id"":290224,""name"":""Pittwater""},""thresholds"":[{""value"":0.15,""flagrate"":0,""confidence"":0,""created_on"":""2026-06-03T15:09:45Z"",""closing_month"":""12-2025""}]}]",,0.150,"[{""company"":{""id"":290224,""name"":""Pittwater""},""history"":[{""03-2025"":1161},{""05-2025"":64.5},{""12-2025"":368}],""avg_absdelta"":2.82,""coefficient_of_variation"":0.67}]",,,,,2026-06-02 19:49:15.364134+00,false,,2,dues_and_subscriptions
501,6603 business consulting servi...,opex,variable,,,0.150,,,,,,2026-06-02 19:49:15.364134+00,false,,2,dues_and_subscriptions
502,8025 interest expense,opex,fixed,,,0.150,,,,,,2026-06-02 19:49:15.364134+00,false,,2,accounting_fees
503,4200 hr consulting,opex,variable,,,0.150,,,,,,2026-06-02 19:49:15.364134+00,false,,2,dues_and_subscriptions
504,6353 melio cc fees,opex,variable,"[{""company"":{""id"":389099,""name"":""REAL HR HERO - THOMPSON HR CONSULTING""},""thresholds"":[{""value"":0.15,""flagrate"":0.64,""confidence"":0,""created_on"":""2026-06-03T15:13:59Z"",""closing_month"":""03-2026""},{""value"":0.15,""flagrate"":0,""confidence"":0,""created_on"":""2026-06-04T13:18:22Z"",""closing_month"":""12-2025""}]}]",,0.150,"[{""company"":{""id"":389099,""name"":""REAL HR HERO - THOMPSON HR CONSULTING""},""history"":[{""03-2026"":19.5},{""09-2025"":21},{""10-2025"":18},{""11-2025"":16.5},{""12-2025"":24},{""01-2026"":15},{""02-2026"":21},{""07-2025"":16.5},{""01-2025"":21},{""04-2025"":18},{""05-2025"":18},{""06-2025"":22.5},{""08-2025"":19.5},{""02-2025"":15},{""03-2025"":22.5}],""avg_absdelta"":0.23,""coefficient_of_variation"":0.64}]",,,,,2026-06-02 19:49:15.364134+00,true,,0.25,accounting_fees
505,6620 consulting,opex,variable,"[{""company"":{""id"":389099,""name"":""REAL HR HERO - THOMPSON HR CONSULTING""},""thresholds"":[{""value"":0.16,""flagrate"":0.86,""confidence"":0,""created_on"":""2026-06-03T15:14:56Z"",""closing_month"":""03-2026""},{""value"":0.23,""flagrate"":0.79,""confidence"":0,""created_on"":""2026-06-04T13:18:54Z"",""closing_month"":""12-2025""}]}]",,0.150,"[{""company"":{""id"":389099,""name"":""REAL HR HERO - THOMPSON HR CONSULTING""},""history"":[{""09-2025"":2931.25},{""10-2025"":1137.5},{""11-2025"":1706.25},{""12-2025"":875},{""01-2026"":5160},{""02-2026"":2660},{""03-2026"":3447.5},{""02-2025"":5337.5},{""04-2025"":1925},{""05-2025"":1925},{""01-2025"":3700},{""03-2025"":3106.25},{""06-2025"":3375},{""07-2025"":2712.5},{""08-2025"":2362.5}],""avg_absdelta"":0.7,""coefficient_of_variation"":1.68}]",,,,,2026-06-02 19:49:15.364134+00,false,,2,dues_and_subscriptions
506,6630 it tech consulting,opex,variable,"[{""company"":{""id"":389099,""name"":""REAL HR HERO - THOMPSON HR CONSULTING""},""thresholds"":[{""value"":0.15,""flagrate"":0.36,""confidence"":0,""created_on"":""2026-06-03T15:15:06Z"",""closing_month"":""03-2026""},{""value"":0.15,""flagrate"":0.36,""confidence"":0,""created_on"":""2026-06-04T13:19:04Z"",""closing_month"":""12-2025""}]}]",,0.150,"[{""company"":{""id"":389099,""name"":""REAL HR HERO - THOMPSON HR CONSULTING""},""history"":[{""11-2025"":1244},{""12-2025"":1802.6},{""01-2026"":1082.6},{""02-2026"":1154},{""03-2026"":1145.47},{""09-2025"":1217.6},{""10-2025"":1217.6},{""05-2025"":1235.2},{""02-2025"":1980.96},{""03-2025"":1543.14},{""06-2025"":1235.2},{""07-2025"":1235.2},{""08-2025"":1217.6},{""01-2025"":1191.2},{""04-2025"":1235.2}],""avg_absdelta"":0.15,""coefficient_of_variation"":1.42}]",,,,,2026-06-02 19:49:15.364134+00,false,,2,dues_and_subscriptions
507,6640 legal,opex,variable,,,0.150,,,,,,2026-06-02 19:49:15.364134+00,false,,2,dues_and_subscriptions
508,8020 interest expense,opex,fixed,"[{""company"":{""id"":290229,""name"":""Reveille, Inc.""},""thresholds"":[{""value"":0.18,""flagrate"":0,""confidence"":0,""created_on"":""2026-06-03T15:17:10Z"",""closing_month"":""05-2025""},{""value"":0.15,""flagrate"":0,""confidence"":0,""created_on"":""2026-06-04T13:24:12Z"",""closing_month"":""12-2024""}]},{""company"":{""id"":389099,""name"":""REAL HR HERO - THOMPSON HR CONSULTING""},""thresholds"":[{""value"":0.15,""flagrate"":0,""confidence"":0,""created_on"":""2026-06-04T13:19:12Z"",""closing_month"":""12-2025""}]}]",,0.150,"[{""company"":{""id"":290229,""name"":""Reveille, Inc.""},""history"":[{""05-2025"":5995.64},{""09-2024"":5756.68},{""11-2024"":5965.51},{""01-2024"":5675.08},{""04-2024"":6413.51},{""05-2024"":5792.68},{""06-2024"":5826.82},{""08-2024"":6369.32},{""10-2024"":5842.87},{""12-2024"":6027.08},{""02-2024"":5805.94},{""03-2024"":5578.57},{""07-2024"":6249.55}],""avg_absdelta"":0.05,""coefficient_of_variation"":0.97},{""company"":{""id"":389099,""name"":""REAL HR HERO - THOMPSON HR CONSULTING""},""history"":[{""01-2025"":2820.29},{""04-2025"":875.91},{""05-2025"":980.81},{""07-2025"":1213.91},{""08-2025"":1372.63},{""12-2025"":1002.02},{""02-2025"":768.89},{""03-2025"":799.19},{""06-2025"":1105.05},{""09-2025"":1209.05},{""10-2025"":1067.16},{""11-2025"":988.91}],""avg_absdelta"":0.15,""coefficient_of_variation"":1.23}]",,,,,2026-06-02 19:49:15.364134+00,false,,2,accounting_fees
509,5435 cogs-marketing consulting,opex,variable,"[{""company"":{""id"":290229,""name"":""Reveille, Inc.""},""thresholds"":[{""value"":0.59,""flagrate"":0.42,""confidence"":0,""created_on"":""2026-06-03T15:14:19Z"",""closing_month"":""05-2025""},{""value"":0.38,""flagrate"":1,""confidence"":0,""created_on"":""2026-06-04T13:20:49Z"",""closing_month"":""12-2024""}]}]",,0.150,"[{""company"":{""id"":290229,""name"":""Reveille, Inc.""},""history"":[{""05-2025"":4650},{""03-2024"":10175},{""04-2024"":5900},{""09-2024"":8900},{""11-2024"":2975},{""12-2024"":9925},{""01-2024"":2982},{""02-2024"":6375},{""05-2024"":8150},{""06-2024"":3475},{""07-2024"":1300},{""08-2024"":6075},{""10-2024"":5293.75}],""avg_absdelta"":0.97,""coefficient_of_variation"":1.01}]",,,,,2026-06-02 19:49:15.364134+00,false,,2,pr_fees
510,5445 cogs-pr consulting,opex,variable,"[{""company"":{""id"":290229,""name"":""Reveille, Inc.""},""thresholds"":[{""value"":0.36,""flagrate"":0.5,""confidence"":0,""created_on"":""2026-06-03T15:14:28Z"",""closing_month"":""05-2025""},{""value"":0.64,""flagrate"":0.42,""confidence"":0,""created_on"":""2026-06-04T13:20:59Z"",""closing_month"":""12-2024""}]}]",,0.150,"[{""company"":{""id"":290229,""name"":""Reveille, Inc.""},""history"":[{""05-2025"":30070.5},{""01-2024"":15500},{""02-2024"":16840},{""03-2024"":15662.5},{""04-2024"":25},{""07-2024"":5400},{""08-2024"":10787.5},{""10-2024"":11575},{""12-2024"":13675},{""05-2024"":8250},{""06-2024"":5900},{""09-2024"":9005},{""11-2024"":6100}],""avg_absdelta"":27.91,""coefficient_of_variation"":3.25}]",,,,,2026-06-02 19:49:15.364134+00,false,,2,pr_fees
511,6240 it consulting/projects,opex,variable,"[{""company"":{""id"":290229,""name"":""Reveille, Inc.""},""thresholds"":[{""value"":1.48,""flagrate"":0,""confidence"":0,""created_on"":""2026-06-03T15:16:13Z"",""closing_month"":""05-2025""}]}]",,0.150,"[{""company"":{""id"":290229,""name"":""Reveille, Inc.""},""history"":[{""05-2025"":2151}],""avg_absdelta"":0,""coefficient_of_variation"":0}]",,,,,2026-06-02 19:49:15.364134+00,false,,2,pr_fees
512,6260 quickbooks payments fees,opex,variable,"[{""company"":{""id"":290229,""name"":""Reveille, Inc.""},""thresholds"":[{""value"":0.15,""flagrate"":0,""confidence"":0,""created_on"":""2026-06-03T15:16:35Z"",""closing_month"":""05-2025""},{""value"":0.17,""flagrate"":0,""confidence"":0,""created_on"":""2026-06-04T13:23:19Z"",""closing_month"":""12-2024""}]}]",,0.150,"[{""company"":{""id"":290229,""name"":""Reveille, Inc.""},""history"":[{""05-2025"":119},{""02-2024"":15},{""05-2024"":45},{""06-2024"":120},{""08-2024"":15},{""10-2024"":15},{""11-2024"":114},{""01-2024"":15},{""03-2024"":30},{""07-2024"":90},{""09-2024"":15},{""12-2024"":134}],""avg_absdelta"":1.01,""coefficient_of_variation"":1.81}]",,,,,2026-06-02 19:49:15.364134+00,true,,0.25,accounting_fees
513,6700 quickbooks payments fees,opex,variable,,,0.150,,,,,,2026-06-02 19:49:15.364134+00,true,,0.25,accounting_fees
514,80000 interest expense,opex,fixed,"[{""company"":{""id"":290231,""name"":""SoCal Nautical""},""thresholds"":[{""value"":0.37,""flagrate"":0.55,""confidence"":0,""created_on"":""2026-06-03T15:24:35Z"",""closing_month"":""12-2025""}]}]",,0.150,"[{""company"":{""id"":290231,""name"":""SoCal Nautical""},""history"":[{""03-2025"":10132.67},{""04-2025"":15276.54},{""05-2025"":10826.61},{""06-2025"":17405.34},{""07-2025"":6125.37},{""08-2025"":9863.1},{""09-2025"":2947.58},{""10-2025"":8351.03},{""11-2025"":10516.31},{""12-2025"":10008.59},{""01-2025"":9646.96},{""02-2025"":13126.93}],""avg_absdelta"":0.55,""coefficient_of_variation"":0.81}]",,,,,2026-06-02 19:49:15.364134+00,false,,2,accounting_fees
515,68020 consulting,opex,variable,"[{""company"":{""id"":279087,""name"":""Summit Strategy""},""thresholds"":[{""value"":0.71,""flagrate"":0.5,""confidence"":0,""created_on"":""2026-06-04T12:54:08Z"",""closing_month"":""12-2025""}]}]",,0.150,"[{""company"":{""id"":279087,""name"":""Summit Strategy""},""history"":[{""12-2025"":4169.16},{""01-2025"":3500},{""02-2025"":3500},{""03-2025"":-3000},{""04-2025"":1800},{""06-2025"":900},{""08-2025"":900}],""avg_absdelta"":1.26,""coefficient_of_variation"":1.01}]",,,,,2026-06-02 19:49:15.364134+00,false,,2,dues_and_subscriptions
516,68060 legal fees,opex,variable,,,0.150,"[{""company"":{""id"":279087,""name"":""Summit Strategy""},""history"":[{""02-2026"":250}],""avg_absdelta"":0,""coefficient_of_variation"":0}]",,,,,2026-06-02 19:49:15.364134+00,true,,0.25,accounting_fees
517,80020 interest expense,opex,fixed,"[{""company"":{""id"":279087,""name"":""Summit Strategy""},""thresholds"":[{""value"":0.15,""flagrate"":0.54,""confidence"":0,""created_on"":""2026-06-03T15:27:22Z"",""closing_month"":""02-2026""},{""value"":0.37,""flagrate"":0,""confidence"":0,""created_on"":""2026-06-04T12:54:35Z"",""closing_month"":""12-2025""}]}]",,0.150,"[{""company"":{""id"":279087,""name"":""Summit Strategy""},""history"":[{""01-2026"":113.02},{""02-2026"":113.02},{""12-2025"":226.04},{""04-2025"":812.19},{""05-2025"":612.13},{""06-2025"":524.57},{""10-2025"":233.34},{""01-2025"":824.33},{""02-2025"":692.67},{""03-2025"":449.17},{""07-2025"":356.93},{""08-2025"":372.97},{""09-2025"":372.96},{""11-2025"":241.11}],""avg_absdelta"":0.23,""coefficient_of_variation"":0.97}]",,,,,2026-06-02 19:49:15.364134+00,false,,2,accounting_fees
518,68020 consulting fees - heartl...,opex,variable,,,0.150,,,,,,2026-06-02 19:49:15.364134+00,true,,0.25,accounting_fees
519,68025 consulting fees - scord ...,opex,variable,,,0.150,,,,,,2026-06-02 19:49:15.364134+00,true,,0.25,accounting_fees
520,80010 interest expense,opex,fixed,,,0.150,,,,,,2026-06-02 19:49:15.364134+00,false,,2,accounting_fees
521,"63000 adminstrative, legal, & taxes",opex,variable,,,0.150,,,,,,2026-06-02 19:49:15.364134+00,false,,2,pr_taxes
522,81100-000 interest expense,opex,fixed,,,0.150,,,,,,2026-06-02 19:49:15.364134+00,false,,2,accounting_fees
523,11750-800 due from attorney share,opex,variable,,,0.150,,,,,,2026-06-02 19:49:15.364134+00,false,,2,dues_and_subscriptions
524,51000 rent,opex,fixed,"[{""company"":{""id"":290244,""name"":""Carefree Newport""},""thresholds"":[{""value"":0.05,""flagrate"":0,""confidence"":0,""created_on"":""2026-06-03T14:47:56Z"",""closing_month"":""12-2025""}]}]",,0.050,"[{""company"":{""id"":290244,""name"":""Carefree Newport""},""history"":[{""01-2026"":12780},{""09-2025"":12877},{""10-2025"":12877},{""11-2025"":12877},{""02-2025"":12897},{""03-2025"":12853.5},{""04-2025"":12855},{""07-2025"":12875},{""08-2025"":12877},{""12-2025"":12770},{""01-2025"":12897},{""05-2025"":12896},{""06-2025"":12875.5}],""avg_absdelta"":0,""coefficient_of_variation"":1.63}]",,,,2026-06-01 10:31:39.787277+00,2026-06-02 19:49:15.364134+00,true,,0.25,
525,60001 officer wages,opex,semi_variable,"[{""company"":{""id"":290244,""name"":""Carefree Newport""},""thresholds"":[{""value"":0.05,""flagrate"":0,""confidence"":0,""created_on"":""2026-06-03T14:48:17Z"",""closing_month"":""12-2025""}]}]",,0.050,"[{""company"":{""id"":290244,""name"":""Carefree Newport""},""history"":[{""01-2026"":5000},{""07-2025"":5000},{""08-2025"":5000},{""10-2025"":5000},{""11-2025"":5000},{""03-2025"":5000},{""05-2025"":5000},{""09-2025"":5000},{""12-2025"":5000},{""01-2025"":5000},{""02-2025"":5000},{""04-2025"":5000},{""06-2025"":5000}],""avg_absdelta"":0,""coefficient_of_variation"":0}]",,,,2026-06-01 10:31:39.981575+00,2026-06-02 19:49:15.364134+00,true,,0.25,
526,63000 insurance,opex,fixed,"[{""company"":{""id"":290244,""name"":""Carefree Newport""},""thresholds"":[{""value"":0.05,""flagrate"":0.17,""confidence"":0,""created_on"":""2026-06-03T14:48:57Z"",""closing_month"":""12-2025""}]}]",,0.050,"[{""company"":{""id"":290244,""name"":""Carefree Newport""},""history"":[{""01-2026"":3054.57},{""04-2025"":3317.43},{""11-2025"":2669.9},{""12-2025"":2669.9},{""02-2025"":3317.43},{""05-2025"":3317.43},{""06-2025"":3317.43},{""07-2025"":3317.43},{""08-2025"":3317.43},{""09-2025"":3317.43},{""10-2025"":2669.9},{""01-2025"":3317.43},{""03-2025"":3317.43}],""avg_absdelta"":0.03,""coefficient_of_variation"":2.27}]",,,,2026-06-01 10:31:40.052017+00,2026-06-02 19:49:15.364134+00,true,,0.25,
527,63500 legal & accounting services,opex,fixed,"[{""company"":{""id"":290244,""name"":""Carefree Newport""},""thresholds"":[{""value"":0.05,""flagrate"":0.33,""confidence"":0,""created_on"":""2026-06-03T14:49:15Z"",""closing_month"":""12-2025""}]}]",,0.050,"[{""company"":{""id"":290244,""name"":""Carefree Newport""},""history"":[{""01-2026"":2402.07},{""12-2025"":2402.07},{""02-2025"":2357.69},{""03-2025"":2287.69},{""04-2025"":2287.69},{""09-2025"":2681.24},{""01-2025"":2287.69},{""05-2025"":2287.69},{""06-2025"":2706.44},{""07-2025"":2706.44},{""08-2025"":2846.02},{""10-2025"":2402.07},{""11-2025"":2402.07}],""avg_absdelta"":0.04,""coefficient_of_variation"":1.41}]",,,,2026-06-01 10:31:40.125825+00,2026-06-02 19:49:15.364134+00,true,,0.25,
528,83000 depreciation expenses,opex,fixed,"[{""company"":{""id"":290244,""name"":""Carefree Newport""},""thresholds"":[{""value"":0.05,""flagrate"":0,""confidence"":0,""created_on"":""2026-06-03T14:49:36Z"",""closing_month"":""12-2025""}]}]",,0.050,"[{""company"":{""id"":290244,""name"":""Carefree Newport""},""history"":[{""01-2026"":13932.68},{""02-2025"":13932.68},{""04-2025"":13932.68},{""05-2025"":13932.68},{""07-2025"":13932.68},{""08-2025"":13932.68},{""09-2025"":13932.68},{""12-2025"":13932.54},{""03-2025"":13932.68},{""06-2025"":13932.68},{""10-2025"":13932.68},{""11-2025"":13932.68},{""01-2025"":13932.68}],""avg_absdelta"":0,""coefficient_of_variation"":2.24}]",,,,2026-06-01 10:31:40.202418+00,2026-06-02 19:49:15.364134+00,true,,0.25,
531,6040 legal & professional services,opex,semi_variable,"[{""company"":{""id"":290243,""name"":""Choice Builder Solutions - Online Sales""},""thresholds"":[{""value"":0.05,""flagrate"":0.18,""confidence"":0,""created_on"":""2026-06-03T14:51:44Z"",""closing_month"":""12-2023""}]}]",,0.050,"[{""company"":{""id"":290243,""name"":""Choice Builder Solutions - Online Sales""},""history"":[{""07-2023"":865.46},{""09-2023"":865.46},{""10-2023"":865.46},{""11-2023"":865.46},{""01-2023"":824.25},{""05-2023"":865.46},{""08-2023"":865.46},{""12-2023"":865.46},{""02-2023"":1114.46},{""03-2023"":865.46},{""04-2023"":865.46},{""06-2023"":865.46}],""avg_absdelta"":0.05,""coefficient_of_variation"":2.19}]",,,,2026-06-01 13:14:13.831331+00,2026-06-02 19:49:15.364134+00,true,,0.25,
532,8010 depreciation expense,opex,fixed,"[{""company"":{""id"":290243,""name"":""Choice Builder Solutions - Online Sales""},""thresholds"":[{""value"":0.05,""flagrate"":0,""confidence"":0,""created_on"":""2026-06-03T14:52:40Z"",""closing_month"":""12-2023""}]},{""company"":{""id"":290228,""name"":""FORMM""},""thresholds"":[{""value"":0.05,""flagrate"":0.21,""confidence"":0,""created_on"":""2026-06-03T15:00:59Z"",""closing_month"":""03-2026""},{""value"":0.05,""flagrate"":0.21,""confidence"":0,""created_on"":""2026-06-04T12:35:44Z"",""closing_month"":""12-2025""}]},{""company"":{""id"":389099,""name"":""REAL HR HERO - THOMPSON HR CONSULTING""},""thresholds"":[{""value"":0.05,""flagrate"":0,""confidence"":0,""created_on"":""2026-06-03T15:15:17Z"",""closing_month"":""03-2026""},{""value"":0.05,""flagrate"":0,""confidence"":0,""created_on"":""2026-06-04T13:19:12Z"",""closing_month"":""12-2025""}]}]",,0.050,"[{""company"":{""id"":290243,""name"":""Choice Builder Solutions - Online Sales""},""history"":[{""12-2023"":645.19},{""01-2023"":373.78},{""03-2023"":585.67},{""05-2023"":585.67},{""06-2023"":585.67},{""10-2023"":585.67},{""02-2023"":373.78},{""04-2023"":585.67},{""07-2023"":585.67},{""08-2023"":585.67},{""09-2023"":585.67},{""11-2023"":645.19}],""avg_absdelta"":0.06,""coefficient_of_variation"":2.68},{""company"":{""id"":290228,""name"":""FORMM""},""history"":[{""01-2026"":2593.83},{""02-2026"":2545.18},{""03-2026"":2496.27},{""05-2025"":3629.44},{""07-2025"":3592.07},{""11-2025"":2763.33},{""02-2025"":4043.76},{""03-2025"":4043.76},{""04-2025"":3720.51},{""06-2025"":3592.07},{""08-2025"":3592.07},{""09-2025"":3592.07},{""10-2025"":3148.85},{""12-2025"":2695.97},{""01-2025"":4043.76}],""avg_absdelta"":0.03,""coefficient_of_variation"":1.28},{""company"":{""id"":389099,""name"":""REAL HR HERO - THOMPSON HR CONSULTING""},""history"":[{""09-2025"":47.19},{""10-2025"":47.19},{""11-2025"":47.19},{""12-2025"":47.19},{""01-2026"":47.19},{""02-2026"":47.19},{""03-2026"":47.19},{""04-2025"":47.19},{""06-2025"":47.19},{""07-2025"":47.19},{""08-2025"":47.19},{""03-2025"":47.19},{""05-2025"":47.19}],""avg_absdelta"":0,""coefficient_of_variation"":0}]",,,,2026-06-01 13:14:30.108355+00,2026-06-02 19:49:15.364134+00,true,,0.25,
533,6150 insurance expense,opex,fixed,,,0.050,,,,,2026-06-01 13:16:50.286143+00,2026-06-02 19:49:15.364134+00,true,,0.25,
534,6151 auto/business insurance,opex,fixed,"[{""company"":{""id"":318655,""name"":""Clay Entertainment""},""thresholds"":[{""value"":0.08,""flagrate"":0,""confidence"":0,""created_on"":""2026-06-03T14:53:06Z"",""closing_month"":""12-2025""},{""value"":0.21,""flagrate"":0,""confidence"":0,""created_on"":""2026-06-03T14:55:14Z"",""closing_month"":""03-2026""}]}]",,0.050,"[{""company"":{""id"":318655,""name"":""Clay Entertainment""},""history"":[{""10-2025"":699.43},{""11-2025"":226.56},{""12-2025"":255.73},{""02-2025"":314.13},{""03-2025"":491.22},{""04-2025"":200.18},{""05-2025"":268.35},{""01-2025"":447.15},{""06-2025"":317.84},{""07-2025"":401.38},{""08-2025"":266.52},{""09-2025"":255.73},{""01-2026"":226.54},{""02-2026"":215.51},{""03-2026"":545.68}],""avg_absdelta"":0.49,""coefficient_of_variation"":1.03}]",,,,2026-06-01 13:16:50.353326+00,2026-06-02 19:49:15.364134+00,true,,0.25,
535,6225 rent,opex,fixed,"[{""company"":{""id"":318655,""name"":""Clay Entertainment""},""thresholds"":[{""value"":0.05,""flagrate"":0,""confidence"":0,""created_on"":""2026-06-03T14:53:06Z"",""closing_month"":""12-2025""},{""value"":0.48,""flagrate"":0.11,""confidence"":0,""created_on"":""2026-06-03T14:55:14Z"",""closing_month"":""03-2026""}]}]",,0.050,"[{""company"":{""id"":318655,""name"":""Clay Entertainment""},""history"":[{""07-2025"":175},{""08-2025"":175},{""09-2025"":175},{""10-2025"":175},{""11-2025"":175},{""12-2025"":175},{""01-2025"":324.45},{""01-2026"":175},{""02-2026"":175},{""03-2026"":-421.79}],""avg_absdelta"":0.43,""coefficient_of_variation"":2.47}]",,,,2026-06-01 13:16:50.480791+00,2026-06-02 19:49:15.364134+00,true,,0.25,
536,6408 workers' compensation insurance,opex,fixed,,,0.050,,,,,2026-06-01 13:16:50.616801+00,2026-06-02 19:49:15.364134+00,true,,0.25,
537,6500 legal & professional fees,opex,semi_variable,,,0.050,,,,,2026-06-01 13:16:50.668808+00,2026-06-02 19:49:15.364134+00,true,,0.25,
538,6501 accounting services,opex,fixed,"[{""company"":{""id"":318655,""name"":""Clay Entertainment""},""thresholds"":[{""value"":0.06,""flagrate"":0.92,""confidence"":0,""created_on"":""2026-06-03T14:53:48Z"",""closing_month"":""12-2025""},{""value"":0.05,""flagrate"":1,""confidence"":0,""created_on"":""2026-06-03T14:56:20Z"",""closing_month"":""03-2026""}]}]",,0.050,"[{""company"":{""id"":318655,""name"":""Clay Entertainment""},""history"":[{""02-2025"":983.04},{""03-2025"":844.61},{""04-2025"":6164.43},{""06-2025"":3520},{""08-2025"":3520},{""09-2025"":4840},{""11-2025"":2500},{""01-2025"":1034.8},{""07-2025"":4540},{""10-2025"":3121.27},{""12-2025"":6908},{""01-2026"":5326.29},{""02-2026"":2925},{""03-2026"":3371}],""avg_absdelta"":0.84,""coefficient_of_variation"":1.93}]",,,,2026-06-01 13:16:50.718203+00,2026-06-02 19:49:15.364134+00,true,,0.25,
539,8003 depreciation,opex,fixed,"[{""company"":{""id"":318655,""name"":""Clay Entertainment""},""thresholds"":[{""value"":0.05,""flagrate"":0,""confidence"":0,""created_on"":""2026-06-03T14:54:09Z"",""closing_month"":""12-2025""},{""value"":0.05,""flagrate"":0.07,""confidence"":0,""created_on"":""2026-06-03T14:56:41Z"",""closing_month"":""03-2026""}]}]",,0.050,"[{""company"":{""id"":318655,""name"":""Clay Entertainment""},""history"":[{""12-2025"":1032.45},{""01-2025"":928.73},{""02-2025"":928.73},{""03-2025"":928.73},{""04-2025"":928.73},{""09-2025"":1032.45},{""10-2025"":1032.45},{""05-2025"":928.73},{""06-2025"":928.73},{""07-2025"":928.73},{""08-2025"":1032.45},{""11-2025"":1032.45},{""01-2026"":1032.45},{""02-2026"":1032.45},{""03-2026"":1032.45}],""avg_absdelta"":0.01,""coefficient_of_variation"":3.61}]",,,,2026-06-01 13:17:02.35094+00,2026-06-02 19:49:15.364134+00,true,,0.25,
540,6800 legal & professional fees,opex,semi_variable,,,0.050,,,,,2026-06-01 13:41:57.949803+00,2026-06-02 19:49:15.364134+00,true,,0.25,
541,6801 accounting fees,opex,fixed,"[{""company"":{""id"":290402,""name"":""Dap Media, Inc""},""thresholds"":[{""value"":0.15,""flagrate"":0.29,""confidence"":0,""created_on"":""2026-06-03T14:55:32Z"",""closing_month"":""03-2026""},{""value"":0.05,""flagrate"":0.29,""confidence"":0,""created_on"":""2026-06-04T12:29:19Z"",""closing_month"":""12-2025""}]},{""company"":{""id"":279086,""name"":""Marketing 32 Group, LLC""},""thresholds"":[{""value"":0.05,""flagrate"":0.33,""confidence"":0,""created_on"":""2026-06-03T15:05:34Z"",""closing_month"":""03-2026""},{""value"":0.05,""flagrate"":0,""confidence"":0,""created_on"":""2026-06-04T12:47:50Z"",""closing_month"":""05-2025""}]}]",,0.050,"[{""company"":{""id"":290402,""name"":""Dap Media, Inc""},""history"":[{""01-2026"":2500},{""02-2026"":2500},{""03-2026"":5150},{""02-2025"":300},{""03-2025"":300},{""04-2025"":500},{""05-2025"":3500},{""06-2025"":2500},{""07-2025"":2500},{""08-2025"":2500},{""09-2025"":2500},{""01-2025"":300},{""10-2025"":2500},{""11-2025"":2500},{""12-2025"":2500}],""avg_absdelta"":0.57,""coefficient_of_variation"":2.69},{""company"":{""id"":279086,""name"":""Marketing 32 Group, LLC""},""history"":[{""01-2026"":2250},{""02-2026"":2310},{""03-2026"":2250},{""05-2025"":2512.84}],""avg_absdelta"":0.05,""coefficient_of_variation"":0.7}]",,,,2026-06-01 13:41:57.997+00,2026-06-02 19:49:15.364134+00,true,,0.25,
542,6803 professional services fees,opex,semi_variable,"[{""company"":{""id"":290402,""name"":""Dap Media, Inc""},""thresholds"":[{""value"":0.09,""flagrate"":0.88,""confidence"":0,""created_on"":""2026-06-03T14:55:53Z"",""closing_month"":""03-2026""},{""value"":0.05,""flagrate"":0.88,""confidence"":0,""created_on"":""2026-06-04T12:29:40Z"",""closing_month"":""12-2025""}]}]",,0.050,"[{""company"":{""id"":290402,""name"":""Dap Media, Inc""},""history"":[{""01-2026"":6577.16},{""02-2026"":11607.87},{""03-2026"":10392.87},{""03-2025"":665},{""07-2025"":4000},{""08-2025"":12672},{""10-2025"":43741.5},{""11-2025"":19077.16},{""12-2025"":19620.16}],""avg_absdelta"":1.47,""coefficient_of_variation"":1.07}]",,,,2026-06-01 13:42:08.497663+00,2026-06-02 19:49:15.364134+00,true,,0.25,
543,6001 indirect officer wages - km,opex,semi_variable,"[{""company"":{""id"":290228,""name"":""FORMM""},""thresholds"":[{""value"":0.05,""flagrate"":0.71,""confidence"":0,""created_on"":""2026-06-03T14:58:37Z"",""closing_month"":""03-2026""},{""value"":0.05,""flagrate"":0.71,""confidence"":0,""created_on"":""2026-06-04T12:33:18Z"",""closing_month"":""12-2025""}]}]",,0.050,"[{""company"":{""id"":290228,""name"":""FORMM""},""history"":[{""01-2026"":4735.91},{""02-2026"":5312.9},{""03-2026"":4794.72},{""03-2025"":4717.51},{""04-2025"":4598.22},{""06-2025"":6394.92},{""07-2025"":6011.88},{""11-2025"":6177.14},{""05-2025"":6236.5},{""08-2025"":5295.15},{""09-2025"":5287.07},{""10-2025"":4778.29},{""12-2025"":4888.1},{""01-2025"":4533.05},{""02-2025"":5169.71}],""avg_absdelta"":0.12,""coefficient_of_variation"":0.84}]",,,,2026-06-01 13:44:10.569341+00,2026-06-02 19:49:15.364134+00,true,,0.25,
544,6002 indirect officer wages - mm,opex,semi_variable,"[{""company"":{""id"":290228,""name"":""FORMM""},""thresholds"":[{""value"":0.12,""flagrate"":0.86,""confidence"":0,""created_on"":""2026-06-03T14:58:47Z"",""closing_month"":""03-2026""},{""value"":0.05,""flagrate"":1,""confidence"":0,""created_on"":""2026-06-04T12:33:26Z"",""closing_month"":""12-2025""}]}]",,0.050,"[{""company"":{""id"":290228,""name"":""FORMM""},""history"":[{""01-2026"":5178.75},{""02-2026"":4528.81},{""03-2026"":0},{""08-2025"":4952.12},{""11-2025"":4489.19},{""12-2025"":5744.3},{""02-2025"":6033.2},{""03-2025"":5636.93},{""09-2025"":6733.19},{""10-2025"":3266.65},{""01-2025"":7967.98},{""04-2025"":4080.59},{""05-2025"":4880.31},{""06-2025"":5974.27},{""07-2025"":8673.32}],""avg_absdelta"":0.33,""coefficient_of_variation"":0.68}]",,,,2026-06-01 13:44:28.239228+00,2026-06-02 19:49:15.364134+00,true,,0.25,
545,6005 medical insurance,opex,fixed,"[{""company"":{""id"":290228,""name"":""FORMM""},""thresholds"":[{""value"":0.05,""flagrate"":0.71,""confidence"":0,""created_on"":""2026-06-03T14:59:08Z"",""closing_month"":""03-2026""},{""value"":0.05,""flagrate"":0.71,""confidence"":0,""created_on"":""2026-06-04T12:33:50Z"",""closing_month"":""12-2025""}]}]",,0.050,"[{""company"":{""id"":290228,""name"":""FORMM""},""history"":[{""02-2026"":7988.14},{""03-2026"":6941.92},{""01-2026"":8022.14},{""01-2025"":1743.46},{""03-2025"":1471.23},{""07-2025"":5918.31},{""09-2025"":7044.76},{""10-2025"":7242.49},{""11-2025"":7021.78},{""12-2025"":7187.81},{""02-2025"":1916.68},{""04-2025"":7359.2},{""05-2025"":8215.92},{""06-2025"":7481.12},{""08-2025"":8306.22}],""avg_absdelta"":0.4,""coefficient_of_variation"":2.49}]",,,,2026-06-01 13:44:37.510156+00,2026-06-02 19:49:15.364134+00,true,,0.25,
546,6017 insurance,opex,fixed,"[{""company"":{""id"":290228,""name"":""FORMM""},""thresholds"":[{""value"":0.05,""flagrate"":0,""confidence"":0,""created_on"":""2026-06-03T14:59:37Z"",""closing_month"":""03-2026""},{""value"":0.05,""flagrate"":0,""confidence"":0,""created_on"":""2026-06-04T12:34:23Z"",""closing_month"":""12-2025""}]}]",,0.050,"[{""company"":{""id"":290228,""name"":""FORMM""},""history"":[{""01-2026"":459.24},{""02-2026"":484.34},{""03-2026"":303.8},{""07-2025"":513.05},{""08-2025"":446.06},{""09-2025"":464.37},{""10-2025"":459.22},{""03-2025"":514.65},{""05-2025"":513.04},{""06-2025"":513.04},{""11-2025"":459.22},{""12-2025"":459.22},{""01-2025"":602.23},{""02-2025"":578.81},{""04-2025"":513.04}],""avg_absdelta"":0.05,""coefficient_of_variation"":1.79}]",,,,2026-06-01 13:44:49.072964+00,2026-06-02 19:49:15.364134+00,true,,0.25,
547,6060 insurance expense,opex,fixed,,,0.050,,,,,2026-06-01 13:44:49.184833+00,2026-06-02 19:49:15.364134+00,true,,0.25,
548,6070 professional fees,opex,semi_variable,,,0.050,,,,,2026-06-01 13:44:49.228906+00,2026-06-02 19:49:15.364134+00,true,,0.25,
549,6075 accounting,opex,fixed,"[{""company"":{""id"":290228,""name"":""FORMM""},""thresholds"":[{""value"":0.05,""flagrate"":0.29,""confidence"":0,""created_on"":""2026-06-03T14:59:58Z"",""closing_month"":""03-2026""},{""value"":0.05,""flagrate"":0,""confidence"":0,""created_on"":""2026-06-04T12:34:51Z"",""closing_month"":""12-2025""}]}]",,0.050,"[{""company"":{""id"":290228,""name"":""FORMM""},""history"":[{""01-2026"":2297.88},{""02-2026"":2357.88},{""03-2026"":3247.88},{""01-2025"":2188.46},{""03-2025"":2188.46},{""04-2025"":2297.88},{""05-2025"":2297.88},{""07-2025"":2297.88},{""08-2025"":2297.88},{""12-2025"":2297.88},{""02-2025"":2258.46},{""06-2025"":2297.88},{""09-2025"":2772.88},{""10-2025"":2772.88},{""11-2025"":3770.02}],""avg_absdelta"":0.11,""coefficient_of_variation"":1.43}]",,,,2026-06-01 13:44:49.30456+00,2026-06-02 19:49:15.364134+00,true,,0.25,
550,6085 office rent,opex,fixed,"[{""company"":{""id"":290228,""name"":""FORMM""},""thresholds"":[{""value"":0.05,""flagrate"":0.36,""confidence"":0,""created_on"":""2026-06-03T15:00:27Z"",""closing_month"":""03-2026""},{""value"":0.05,""flagrate"":0.36,""confidence"":0,""created_on"":""2026-06-04T12:35:10Z"",""closing_month"":""12-2025""}]}]",,0.050,"[{""company"":{""id"":290228,""name"":""FORMM""},""history"":[{""01-2026"":14425.09},{""02-2026"":11525.09},{""03-2026"":11525.09},{""02-2025"":11761.83},{""03-2025"":11236.25},{""06-2025"":11525.09},{""07-2025"":8885.29},{""08-2025"":11525.09},{""11-2025"":14425.09},{""12-2025"":14425.09},{""01-2025"":13350.77},{""04-2025"":11236.25},{""05-2025"":11525.09},{""09-2025"":11525.09},{""10-2025"":11750.09}],""avg_absdelta"":0.08,""coefficient_of_variation"":1.26}]",,,,2026-06-01 13:44:49.42739+00,2026-06-02 19:49:15.364134+00,true,,0.25,
551,6400 rent & utilities expenses,opex,fixed,,,0.050,,,,,2026-06-01 13:49:39.313546+00,2026-06-02 19:49:15.364134+00,true,,0.25,
552,6401 rent,opex,fixed,"[{""company"":{""id"":290402,""name"":""Dap Media, Inc""},""thresholds"":[{""value"":0.32,""flagrate"":0.6,""confidence"":0,""created_on"":""2026-06-04T12:29:10Z"",""closing_month"":""12-2025""}]}]",,0.050,"[{""company"":{""id"":290402,""name"":""Dap Media, Inc""},""history"":[{""08-2025"":2225.22},{""09-2025"":328.95},{""10-2025"":328.95},{""11-2025"":328.95},{""12-2025"":-1947.49},{""07-2025"":353.95}],""avg_absdelta"":2.61,""coefficient_of_variation"":1.12}]",,,,2026-06-01 13:49:39.361126+00,2026-06-02 19:49:15.364134+00,true,,0.25,
553,6800 legal & professional services,opex,semi_variable,,,0.050,,,,,2026-06-01 13:49:50.251371+00,2026-06-02 19:49:15.364134+00,true,,0.25,
554,6801 accounting,opex,fixed,,,0.050,,,,,2026-06-01 13:49:50.297262+00,2026-06-02 19:49:15.364134+00,true,,0.25,
555,6010 payroll expenses - officer,opex,semi_variable,,,0.050,,,,,2026-06-01 13:52:38.485239+00,2026-06-02 19:49:15.364134+00,true,,0.25,
556,6011 officer pr - wages,opex,semi_variable,"[{""company"":{""id"":511616,""name"":""Kahn Media, Inc.""},""thresholds"":[{""value"":0.05,""flagrate"":1,""confidence"":0,""created_on"":""2026-06-03T15:00:18Z"",""closing_month"":""03-2026""}]}]",,0.050,"[{""company"":{""id"":511616,""name"":""Kahn Media, Inc.""},""history"":[{""02-2026"":9230.76},{""03-2026"":10153.84},{""10-2025"":17884.62},{""11-2025"":12884.62},{""12-2025"":17538.46},{""01-2026"":10153.84}],""avg_absdelta"":0.25,""coefficient_of_variation"":0.54}]",,,,2026-06-01 13:52:38.531591+00,2026-06-02 19:49:15.364134+00,true,,0.25,
557,6012 officer pr - taxes,opex,semi_variable,"[{""company"":{""id"":511616,""name"":""Kahn Media, Inc.""},""thresholds"":[{""value"":0.05,""flagrate"":0,""confidence"":0,""created_on"":""2026-06-03T15:00:28Z"",""closing_month"":""03-2026""}]},{""company"":{""id"":389099,""name"":""REAL HR HERO - THOMPSON HR CONSULTING""},""thresholds"":[{""value"":0.06,""flagrate"":0,""confidence"":0,""created_on"":""2026-06-03T15:13:20Z"",""closing_month"":""03-2026""},{""value"":0.12,""flagrate"":0.67,""confidence"":0,""created_on"":""2026-06-04T13:17:32Z"",""closing_month"":""12-2025""}]}]",,0.050,"[{""company"":{""id"":511616,""name"":""Kahn Media, Inc.""},""history"":[{""12-2025"":1541.06},{""01-2026"":577.39},{""02-2026"":706.14},{""03-2026"":776.77}],""avg_absdelta"":0.32,""coefficient_of_variation"":0.71},{""company"":{""id"":389099,""name"":""REAL HR HERO - THOMPSON HR CONSULTING""},""history"":[{""02-2026"":481.1},{""03-2026"":529.19},{""09-2025"":807.12},{""10-2025"":533},{""11-2025"":531.18},{""12-2025"":1061.86},{""01-2026"":885.77}],""avg_absdelta"":0.34,""coefficient_of_variation"":0.96}]",,,,2026-06-01 13:52:48.787651+00,2026-06-02 19:49:15.364134+00,true,,0.25,
558,6015 officer pr - commissions,opex,semi_variable,,,0.050,,,,,2026-06-01 13:52:48.901596+00,2026-06-02 19:49:15.364134+00,true,,0.25,
559,6300 insurance,opex,fixed,,,0.050,,,,,2026-06-01 13:52:48.948114+00,2026-06-02 19:49:15.364134+00,true,,0.25,
560,6302 officer's life,opex,semi_variable,"[{""company"":{""id"":511616,""name"":""Kahn Media, Inc.""},""thresholds"":[{""value"":0.34,""flagrate"":0.8,""confidence"":0,""created_on"":""2026-06-03T15:01:28Z"",""closing_month"":""03-2026""}]}]",,0.050,"[{""company"":{""id"":511616,""name"":""Kahn Media, Inc.""},""history"":[{""01-2026"":142.69},{""02-2026"":1813.19},{""03-2026"":142.69},{""10-2025"":142.69},{""11-2025"":142.69},{""12-2025"":1813.19}],""avg_absdelta"":5.05,""coefficient_of_variation"":1.08}]",,,,2026-06-01 13:52:48.992264+00,2026-06-02 19:49:15.364134+00,true,,0.25,
561,6450 rent expense,opex,fixed,"[{""company"":{""id"":511616,""name"":""Kahn Media, Inc.""},""thresholds"":[{""value"":0.05,""flagrate"":0.4,""confidence"":0,""created_on"":""2026-06-03T15:02:22Z"",""closing_month"":""03-2026""}]}]",,0.050,"[{""company"":{""id"":511616,""name"":""Kahn Media, Inc.""},""history"":[{""03-2026"":7999.01},{""10-2025"":8000.75},{""11-2025"":8000.75},{""12-2025"":10134.26},{""01-2026"":7999.01},{""02-2026"":7999.01}],""avg_absdelta"":0.1,""coefficient_of_variation"":1.24}]",,,,2026-06-01 13:53:00.05474+00,2026-06-02 19:49:15.364134+00,true,,0.25,
562,6550 legal & professional fees,opex,semi_variable,,,0.050,,,,,2026-06-01 13:53:10.308995+00,2026-06-02 19:49:15.364134+00,true,,0.25,
563,6551 accounting,opex,fixed,"[{""company"":{""id"":511616,""name"":""Kahn Media, Inc.""},""thresholds"":[{""value"":0.12,""flagrate"":0.8,""confidence"":0,""created_on"":""2026-06-03T15:02:31Z"",""closing_month"":""03-2026""}]}]",,0.050,"[{""company"":{""id"":511616,""name"":""Kahn Media, Inc.""},""history"":[{""10-2025"":1888.56},{""11-2025"":1142.52},{""12-2025"":-6948.14},{""01-2026"":6665},{""02-2026"":8690},{""03-2026"":9241.1}],""avg_absdelta"":1.96,""coefficient_of_variation"":1.35}]",,,,2026-06-01 13:53:10.354928+00,2026-06-02 19:49:15.364134+00,true,,0.25,
564,8001 depreciation,opex,fixed,"[{""company"":{""id"":511616,""name"":""Kahn Media, Inc.""},""thresholds"":[{""value"":0.05,""flagrate"":0.33,""confidence"":0,""created_on"":""2026-06-03T15:02:44Z"",""closing_month"":""03-2026""}]},{""company"":{""id"":290224,""name"":""Pittwater""},""thresholds"":[{""value"":0.05,""flagrate"":0.67,""confidence"":0,""created_on"":""2026-06-03T15:14:38Z"",""closing_month"":""12-2023""},{""value"":0.05,""flagrate"":0.67,""confidence"":0,""created_on"":""2026-06-03T15:18:06Z"",""closing_month"":""12-2023""}]}]",,0.050,"[{""company"":{""id"":511616,""name"":""Kahn Media, Inc.""},""history"":[{""12-2025"":11536.86},{""01-2026"":1690.86},{""02-2026"":1690.86},{""03-2026"":1690.86}],""avg_absdelta"":0.28,""coefficient_of_variation"":1.41},{""company"":{""id"":290224,""name"":""Pittwater""},""history"":[{""11-2023"":1258.14},{""12-2023"":1178.93},{""09-2023"":3759.43},{""10-2023"":1258.14}],""avg_absdelta"":0.24,""coefficient_of_variation"":1.24}]",,,,2026-06-01 13:53:20.47327+00,2026-06-02 19:49:15.364134+00,true,,0.25,
565,6600 insurance expenses,opex,fixed,"[{""company"":{""id"":279086,""name"":""Marketing 32 Group, LLC""},""thresholds"":[{""value"":0.05,""flagrate"":1,""confidence"":0,""created_on"":""2026-06-03T15:05:25Z"",""closing_month"":""03-2026""},{""value"":0.05,""flagrate"":0,""confidence"":0,""created_on"":""2026-06-04T12:47:50Z"",""closing_month"":""05-2025""}]}]",,0.050,"[{""company"":{""id"":279086,""name"":""Marketing 32 Group, LLC""},""history"":[{""01-2026"":269.51},{""03-2026"":539.02},{""05-2025"":229.8}],""avg_absdelta"":0.59,""coefficient_of_variation"":0.71}]",,,,2026-06-01 13:58:19.961106+00,2026-06-02 19:49:15.364134+00,true,,0.25,
566,6200 insurance,opex,fixed,"[{""company"":{""id"":290240,""name"":""Orange County Children's Therapeutic Arts Center""},""thresholds"":[{""value"":0.05,""flagrate"":0,""confidence"":0,""created_on"":""2026-06-04T13:05:22Z"",""closing_month"":""03-2026""}]}]",,0.050,"[{""company"":{""id"":290240,""name"":""Orange County Children's Therapeutic Arts Center""},""history"":[{""12-2025"":258.81},{""01-2026"":258.81},{""02-2026"":258.81},{""03-2026"":258.81},{""10-2025"":258.81},{""11-2025"":258.81}],""avg_absdelta"":0,""coefficient_of_variation"":0}]",,,,2026-06-01 14:05:07.400937+00,2026-06-02 19:49:15.364134+00,true,,0.25,
567,6351 accounting & legal fees,opex,fixed,"[{""company"":{""id"":290240,""name"":""Orange County Children's Therapeutic Arts Center""},""thresholds"":[{""value"":0.1,""flagrate"":0.8,""confidence"":0,""created_on"":""2026-06-04T13:05:32Z"",""closing_month"":""03-2026""}]}]",,0.050,"[{""company"":{""id"":290240,""name"":""Orange County Children's Therapeutic Arts Center""},""history"":[{""01-2026"":2339.07},{""02-2026"":2052.28},{""03-2026"":2116.5},{""10-2025"":5043.7},{""11-2025"":3301.73},{""12-2025"":6189.23}],""avg_absdelta"":0.4,""coefficient_of_variation"":0.78}]",,,,2026-06-01 14:05:15.857567+00,2026-06-02 19:49:15.364134+00,true,,0.25,
568,6353 professional & consulting,opex,semi_variable,"[{""company"":{""id"":290240,""name"":""Orange County Children's Therapeutic Arts Center""},""thresholds"":[{""value"":0.06,""flagrate"":0.8,""confidence"":0,""created_on"":""2026-06-04T13:05:41Z"",""closing_month"":""03-2026""}]}]",,0.050,"[{""company"":{""id"":290240,""name"":""Orange County Children's Therapeutic Arts Center""},""history"":[{""01-2026"":5665},{""02-2026"":10213},{""03-2026"":6138.22},{""10-2025"":13585},{""11-2025"":13998.48},{""12-2025"":6165}],""avg_absdelta"":0.37,""coefficient_of_variation"":0.78}]",,,,2026-06-01 14:05:26.430547+00,2026-06-02 19:49:15.364134+00,true,,0.25,
569,6453 rent & maintenance,opex,fixed,"[{""company"":{""id"":290240,""name"":""Orange County Children's Therapeutic Arts Center""},""thresholds"":[{""value"":0.05,""flagrate"":0,""confidence"":0,""created_on"":""2026-06-04T13:06:14Z"",""closing_month"":""03-2026""}]}]",,0.050,"[{""company"":{""id"":290240,""name"":""Orange County Children's Therapeutic Arts Center""},""history"":[{""02-2026"":12423.83},{""03-2026"":12726.59},{""10-2025"":13370.01},{""11-2025"":12997.39},{""12-2025"":12679.12},{""01-2026"":12589.23}],""avg_absdelta"":0.02,""coefficient_of_variation"":0.41}]",,,,2026-06-01 14:05:43.228917+00,2026-06-02 19:49:15.364134+00,true,,0.25,
570,6554 workers comp. insurance,opex,fixed,"[{""company"":{""id"":290240,""name"":""Orange County Children's Therapeutic Arts Center""},""thresholds"":[{""value"":0.05,""flagrate"":0.4,""confidence"":0,""created_on"":""2026-06-04T13:06:42Z"",""closing_month"":""03-2026""}]}]",,0.050,"[{""company"":{""id"":290240,""name"":""Orange County Children's Therapeutic Arts Center""},""history"":[{""10-2025"":4968.46},{""11-2025"":2976.36},{""12-2025"":4098.95},{""01-2026"":3972.41},{""02-2026"":3972.41},{""03-2026"":3972.41}],""avg_absdelta"":0.16,""coefficient_of_variation"":1.15}]",,,,2026-06-01 14:05:50.986921+00,2026-06-02 19:49:15.364134+00,true,,0.25,
571,8005 depreciation expense,opex,fixed,"[{""company"":{""id"":290240,""name"":""Orange County Children's Therapeutic Arts Center""},""thresholds"":[{""value"":0.05,""flagrate"":0,""confidence"":0,""created_on"":""2026-06-04T13:07:04Z"",""closing_month"":""03-2026""}]}]",,0.050,"[{""company"":{""id"":290240,""name"":""Orange County Children's Therapeutic Arts Center""},""history"":[{""10-2025"":170.03},{""11-2025"":152.53},{""12-2025"":152.53},{""01-2026"":199.18},{""02-2026"":199.18},{""03-2026"":199.18}],""avg_absdelta"":0.08,""coefficient_of_variation"":1.45}]",,,,2026-06-01 14:06:00.783581+00,2026-06-02 19:49:15.364134+00,true,,0.25,
572,6500 insurance,opex,fixed,,,0.050,,,,,2026-06-01 14:07:41.310307+00,2026-06-02 19:49:15.364134+00,true,,0.25,
573,6501 general liability insurance,opex,fixed,"[{""company"":{""id"":290224,""name"":""Pittwater""},""thresholds"":[{""value"":0.05,""flagrate"":0,""confidence"":0,""created_on"":""2026-06-03T15:09:27Z"",""closing_month"":""12-2025""},{""value"":0.05,""flagrate"":0.23,""confidence"":0,""created_on"":""2026-06-04T13:14:21Z"",""closing_month"":""02-2026""}]}]",,0.050,"[{""company"":{""id"":290224,""name"":""Pittwater""},""history"":[{""01-2025"":183},{""05-2025"":183},{""07-2025"":299.69},{""08-2025"":299.69},{""09-2025"":299.69},{""02-2025"":183},{""03-2025"":183},{""04-2025"":183},{""06-2025"":504.89},{""10-2025"":299.69},{""11-2025"":299.69},{""12-2025"":520.56},{""02-2026"":520.56},{""01-2026"":520.56}],""avg_absdelta"":0.22,""coefficient_of_variation"":2.21}]",,,,2026-06-01 14:07:41.363995+00,2026-06-02 19:49:15.364134+00,true,,0.25,
574,6502 business insurance,opex,fixed,"[{""company"":{""id"":290224,""name"":""Pittwater""},""thresholds"":[{""value"":0.05,""flagrate"":0,""confidence"":0,""created_on"":""2026-06-03T15:09:27Z"",""closing_month"":""12-2025""},{""value"":0.05,""flagrate"":0,""confidence"":0,""created_on"":""2026-06-03T15:13:05Z"",""closing_month"":""12-2023""},{""value"":0.05,""flagrate"":0,""confidence"":0,""created_on"":""2026-06-03T15:16:43Z"",""closing_month"":""12-2023""},{""value"":0.05,""flagrate"":0.28,""confidence"":0,""created_on"":""2026-06-04T13:14:30Z"",""closing_month"":""02-2026""}]}]",,0.050,"[{""company"":{""id"":290224,""name"":""Pittwater""},""history"":[{""01-2025"":402.05},{""02-2025"":402.05},{""04-2025"":402.05},{""07-2025"":495.05},{""08-2025"":495.05},{""10-2025"":495.05},{""12-2025"":495.05},{""03-2025"":402.05},{""05-2025"":402.05},{""06-2025"":495.05},{""09-2025"":495.05},{""11-2025"":495.05},{""06-2023"":121.08},{""08-2023"":99.59},{""09-2023"":113.58},{""10-2023"":113.58},{""01-2023"":133.46},{""02-2023"":121.08},{""05-2023"":121.08},{""07-2023"":122.83},{""11-2023"":113.58},{""12-2023"":113.58},{""03-2023"":121.08},{""04-2023"":136},{""01-2026"":495.05},{""02-2026"":495.05}],""avg_absdelta"":0.14,""coefficient_of_variation"":3.6}]",,,,2026-06-01 14:07:41.491962+00,2026-06-02 19:49:15.364134+00,true,,0.25,
575,6503 property insurance,opex,fixed,"[{""company"":{""id"":290224,""name"":""Pittwater""},""thresholds"":[{""value"":0.05,""flagrate"":0,""confidence"":0,""created_on"":""2026-06-03T15:09:27Z"",""closing_month"":""12-2025""},{""value"":0.05,""flagrate"":0.23,""confidence"":0,""created_on"":""2026-06-04T13:14:45Z"",""closing_month"":""02-2026""}]}]",,0.050,"[{""company"":{""id"":290224,""name"":""Pittwater""},""history"":[{""07-2025"":138.66},{""08-2025"":138.66},{""09-2025"":138.66},{""10-2025"":138.66},{""11-2025"":138.66},{""01-2025"":84.67},{""04-2025"":84.67},{""06-2025"":233.6},{""12-2025"":240.85},{""02-2025"":84.67},{""03-2025"":84.67},{""05-2025"":84.67},{""01-2026"":240.85},{""02-2026"":240.85}],""avg_absdelta"":0.22,""coefficient_of_variation"":2.21}]",,,,2026-06-01 14:07:41.605614+00,2026-06-02 19:49:15.364134+00,true,,0.25,
576,6505 vehicle insurance,opex,fixed,"[{""company"":{""id"":290224,""name"":""Pittwater""},""thresholds"":[{""value"":0.05,""flagrate"":0.11,""confidence"":0,""created_on"":""2026-06-03T15:09:27Z"",""closing_month"":""12-2025""},{""value"":0.05,""flagrate"":0,""confidence"":0,""created_on"":""2026-06-03T15:13:05Z"",""closing_month"":""12-2023""},{""value"":0.05,""flagrate"":0,""confidence"":0,""created_on"":""2026-06-03T15:16:43Z"",""closing_month"":""12-2023""},{""value"":0.05,""flagrate"":0.15,""confidence"":0,""created_on"":""2026-06-04T13:14:56Z"",""closing_month"":""02-2026""}]}]",,0.050,"[{""company"":{""id"":290224,""name"":""Pittwater""},""history"":[{""03-2025"":312.14},{""04-2025"":312.14},{""06-2025"":330.73},{""07-2025"":318.73},{""09-2025"":318.88},{""12-2025"":331.64},{""05-2025"":312.14},{""08-2025"":318.88},{""10-2025"":318.88},{""11-2025"":318.88},{""01-2025"":311.99},{""02-2025"":307.14},{""09-2023"":255.9},{""10-2023"":255.9},{""11-2023"":255.9},{""12-2023"":255.92},{""06-2023"":269.06},{""07-2023"":255.78},{""08-2023"":255.9},{""01-2026"":409.94},{""02-2026"":410.12}],""avg_absdelta"":0.03,""coefficient_of_variation"":2}]",,,,2026-06-01 14:07:41.721187+00,2026-06-02 19:49:15.364134+00,true,,0.25,
577,6600 professional services,opex,semi_variable,,,0.050,,,,,2026-06-01 14:07:51.684563+00,2026-06-02 19:49:15.364134+00,true,,0.25,
578,6601 tax & accounting services,opex,fixed,"[{""company"":{""id"":290224,""name"":""Pittwater""},""thresholds"":[{""value"":0.05,""flagrate"":0.43,""confidence"":0,""created_on"":""2026-06-03T15:09:35Z"",""closing_month"":""12-2025""},{""value"":0.05,""flagrate"":0.38,""confidence"":0,""created_on"":""2026-06-03T15:13:05Z"",""closing_month"":""12-2023""},{""value"":0.05,""flagrate"":0.43,""confidence"":0,""created_on"":""2026-06-03T15:16:43Z"",""closing_month"":""12-2023""},{""value"":0.05,""flagrate"":0.38,""confidence"":0,""created_on"":""2026-06-04T13:15:06Z"",""closing_month"":""02-2026""}]}]",,0.050,"[{""company"":{""id"":290224,""name"":""Pittwater""},""history"":[{""01-2025"":2829.75},{""04-2025"":2829.75},{""05-2025"":2829.75},{""06-2025"":2829.75},{""08-2025"":2829.75},{""09-2025"":3707.44},{""11-2025"":2829.75},{""02-2025"":2949.75},{""03-2025"":2829.75},{""07-2025"":2829.75},{""10-2025"":3479.75},{""12-2025"":2971.24},{""10-2023"":8695},{""11-2023"":5095},{""12-2023"":2695},{""01-2026"":2971.24},{""02-2026"":3081.24}],""avg_absdelta"":0.1,""coefficient_of_variation"":1.45}]",,,,2026-06-01 14:07:51.730841+00,2026-06-02 19:49:15.364134+00,true,,0.25,
579,6651 building & property rent,opex,fixed,"[{""company"":{""id"":290224,""name"":""Pittwater""},""thresholds"":[{""value"":0.05,""flagrate"":0.13,""confidence"":0,""created_on"":""2026-06-03T15:09:45Z"",""closing_month"":""12-2025""},{""value"":0.05,""flagrate"":0.12,""confidence"":0,""created_on"":""2026-06-03T15:13:25Z"",""closing_month"":""12-2023""},{""value"":0.05,""flagrate"":0.13,""confidence"":0,""created_on"":""2026-06-03T15:16:59Z"",""closing_month"":""12-2023""},{""value"":0.05,""flagrate"":0.12,""confidence"":0,""created_on"":""2026-06-04T13:15:22Z"",""closing_month"":""02-2026""}]}]",,0.050,"[{""company"":{""id"":290224,""name"":""Pittwater""},""history"":[{""04-2025"":9500},{""06-2025"":9500},{""08-2025"":9500},{""09-2025"":9500},{""10-2025"":9500},{""11-2025"":9500},{""12-2025"":9500},{""01-2025"":9500},{""03-2025"":9500},{""05-2025"":9500},{""07-2025"":9500},{""02-2025"":9500},{""02-2023"":750},{""03-2023"":750},{""04-2023"":750},{""09-2023"":3700},{""05-2023"":4450},{""06-2023"":4450},{""07-2023"":3700},{""08-2023"":3700},{""10-2023"":3700},{""11-2023"":3700},{""12-2023"":3700},{""01-2023"":750},{""01-2026"":9500},{""02-2026"":9500}],""avg_absdelta"":0.27,""coefficient_of_variation"":3.75}]",,,,2026-06-01 14:08:07.645689+00,2026-06-02 19:49:15.364134+00,true,,0.25,
580,8002 depreciation,opex,fixed,"[{""company"":{""id"":290224,""name"":""Pittwater""},""thresholds"":[{""value"":0.05,""flagrate"":0,""confidence"":0,""created_on"":""2026-06-03T15:10:55Z"",""closing_month"":""12-2025""},{""value"":0.05,""flagrate"":0.08,""confidence"":0,""created_on"":""2026-06-04T13:17:47Z"",""closing_month"":""02-2026""}]}]",,0.050,"[{""company"":{""id"":290224,""name"":""Pittwater""},""history"":[{""07-2025"":2225.79},{""08-2025"":2225.79},{""09-2025"":2225.79},{""10-2025"":2225.79},{""03-2025"":1832.27},{""04-2025"":2092.85},{""11-2025"":2225.79},{""12-2025"":2225.7},{""01-2025"":1734.9},{""02-2025"":1801.61},{""05-2025"":2180.41},{""06-2025"":2180.41},{""01-2026"":2225.69},{""02-2026"":2225.87}],""avg_absdelta"":0.02,""coefficient_of_variation"":1.91}]",,,,2026-06-01 14:08:17.396663+00,2026-06-02 19:49:15.364134+00,true,,0.25,
581,6656 equipment rental,opex,fixed,,,0.050,,,,,2026-06-01 14:11:28.701463+00,2026-06-02 19:49:15.364134+00,true,,0.25,
582,6000 officer salaries,opex,semi_variable,,,0.050,,,,,2026-06-01 14:13:19.622164+00,2026-06-02 19:49:15.364134+00,true,,0.25,
583,6010 officer pr - wages,opex,semi_variable,"[{""company"":{""id"":389099,""name"":""REAL HR HERO - THOMPSON HR CONSULTING""},""thresholds"":[{""value"":0.05,""flagrate"":0.71,""confidence"":0,""created_on"":""2026-06-03T15:13:11Z"",""closing_month"":""03-2026""},{""value"":0.05,""flagrate"":0.71,""confidence"":0,""created_on"":""2026-06-04T13:17:15Z"",""closing_month"":""12-2025""}]}]",,0.050,"[{""company"":{""id"":389099,""name"":""REAL HR HERO - THOMPSON HR CONSULTING""},""history"":[{""09-2025"":8619.19},{""10-2025"":7023.08},{""11-2025"":6419.13},{""12-2025"":7023.05},{""01-2026"":7342.31},{""02-2026"":6384.62},{""03-2026"":7023.08},{""01-2025"":6384.62},{""03-2025"":9896.16},{""04-2025"":7023.08},{""06-2025"":6703.84},{""02-2025"":6384.62},{""05-2025"":7023.11},{""07-2025"":1941.91},{""08-2025"":7665.82}],""avg_absdelta"":0.38,""coefficient_of_variation"":1.95}]",,,,2026-06-01 14:13:19.674465+00,2026-06-02 19:49:15.364134+00,true,,0.25,
584,6011 officer pr - bonus,opex,semi_variable,,,0.050,"[{""company"":{""id"":389099,""name"":""REAL HR HERO - THOMPSON HR CONSULTING""},""history"":[{""12-2025"":5500}],""avg_absdelta"":0,""coefficient_of_variation"":0}]",,,,2026-06-01 14:13:29.407142+00,2026-06-02 19:49:15.364134+00,true,,0.25,
585,6450 business insurance,opex,fixed,"[{""company"":{""id"":389099,""name"":""REAL HR HERO - THOMPSON HR CONSULTING""},""thresholds"":[{""value"":0.05,""flagrate"":0.36,""confidence"":0,""created_on"":""2026-06-03T15:14:28Z"",""closing_month"":""03-2026""},{""value"":0.05,""flagrate"":0,""confidence"":0,""created_on"":""2026-06-04T13:18:32Z"",""closing_month"":""12-2025""}]}]",,0.050,"[{""company"":{""id"":389099,""name"":""REAL HR HERO - THOMPSON HR CONSULTING""},""history"":[{""12-2025"":576.25},{""01-2026"":582.08},{""02-2026"":1243.08},{""03-2026"":709.58},{""09-2025"":582.08},{""10-2025"":585},{""11-2025"":585},{""02-2025"":582.08},{""03-2025"":582.08},{""04-2025"":1205.08},{""01-2025"":582.08},{""05-2025"":682.08},{""06-2025"":582.08},{""07-2025"":582.08},{""08-2025"":582.08}],""avg_absdelta"":0.23,""coefficient_of_variation"":1.66}]",,,,2026-06-01 14:13:38.466766+00,2026-06-02 19:49:15.364134+00,true,,0.25,
586,6500 rent expense,opex,fixed,"[{""company"":{""id"":389099,""name"":""REAL HR HERO - THOMPSON HR CONSULTING""},""thresholds"":[{""value"":0.05,""flagrate"":0.5,""confidence"":0,""created_on"":""2026-06-03T15:14:38Z"",""closing_month"":""03-2026""},{""value"":0.08,""flagrate"":0.5,""confidence"":0,""created_on"":""2026-06-04T13:18:32Z"",""closing_month"":""12-2025""}]}]",,0.050,"[{""company"":{""id"":389099,""name"":""REAL HR HERO - THOMPSON HR CONSULTING""},""history"":[{""02-2026"":1067.06},{""03-2026"":1067.06},{""09-2025"":841.81},{""10-2025"":1558.77},{""11-2025"":1067.06},{""12-2025"":1073.21},{""01-2026"":1078.81},{""01-2025"":1060.34},{""03-2025"":1668.99},{""04-2025"":1162.09},{""06-2025"":1120.13},{""07-2025"":574.24},{""02-2025"":1069.66},{""05-2025"":1164.86},{""08-2025"":1269.46}],""avg_absdelta"":0.3,""coefficient_of_variation"":1.22}]",,,,2026-06-01 14:13:38.584188+00,2026-06-02 19:49:15.364134+00,true,,0.25,
587,6600 legal & professional fees,opex,semi_variable,,,0.050,,,,,2026-06-01 14:13:46.746539+00,2026-06-02 19:49:15.364134+00,true,,0.25,
588,6610 accounting,opex,fixed,"[{""company"":{""id"":389099,""name"":""REAL HR HERO - THOMPSON HR CONSULTING""},""thresholds"":[{""value"":0.05,""flagrate"":0.36,""confidence"":0,""created_on"":""2026-06-03T15:14:46Z"",""closing_month"":""03-2026""},{""value"":0.05,""flagrate"":0.36,""confidence"":0,""created_on"":""2026-06-04T13:18:43Z"",""closing_month"":""12-2025""}]}]",,0.050,"[{""company"":{""id"":389099,""name"":""REAL HR HERO - THOMPSON HR CONSULTING""},""history"":[{""09-2025"":3685},{""10-2025"":1485},{""11-2025"":1485},{""12-2025"":1485},{""01-2026"":1485},{""02-2026"":1615},{""03-2026"":1485},{""01-2025"":1456},{""06-2025"":1850},{""02-2025"":1850},{""03-2025"":1850},{""04-2025"":1850},{""05-2025"":1850},{""07-2025"":1850},{""08-2025"":1850}],""avg_absdelta"":0.14,""coefficient_of_variation"":1.97}]",,,,2026-06-01 14:13:46.790283+00,2026-06-02 19:49:15.364134+00,true,,0.25,
589,6110 rent/lease costs,opex,fixed,"[{""company"":{""id"":290229,""name"":""Reveille, Inc.""},""thresholds"":[{""value"":0.05,""flagrate"":0.17,""confidence"":0,""created_on"":""2026-06-03T15:15:27Z"",""closing_month"":""05-2025""},{""value"":0.05,""flagrate"":0.17,""confidence"":0,""created_on"":""2026-06-04T13:22:13Z"",""closing_month"":""12-2024""}]}]",,0.050,"[{""company"":{""id"":290229,""name"":""Reveille, Inc.""},""history"":[{""05-2025"":15901.59},{""02-2024"":16577},{""06-2024"":16607},{""08-2024"":16160.2},{""09-2024"":16160.2},{""10-2024"":16160.2},{""11-2024"":16160.2},{""12-2024"":16160.2},{""01-2024"":17027},{""03-2024"":16577},{""04-2024"":15416.8},{""05-2024"":16577},{""07-2024"":16865.2}],""avg_absdelta"":0.02,""coefficient_of_variation"":1.29}]",,,,2026-06-01 14:15:59.187424+00,2026-06-02 19:49:15.364134+00,true,,0.25,
590,6615 accounting and finance support,opex,fixed,"[{""company"":{""id"":290229,""name"":""Reveille, Inc.""},""thresholds"":[{""value"":0.05,""flagrate"":0.17,""confidence"":0,""created_on"":""2026-06-03T15:16:35Z"",""closing_month"":""05-2025""},{""value"":0.05,""flagrate"":0.17,""confidence"":0,""created_on"":""2026-06-04T13:23:19Z"",""closing_month"":""12-2024""}]}]",,0.050,"[{""company"":{""id"":290229,""name"":""Reveille, Inc.""},""history"":[{""05-2025"":7245},{""05-2024"":6950},{""06-2024"":6900},{""07-2024"":6900},{""08-2024"":6900},{""12-2024"":6900},{""01-2024"":6900},{""09-2024"":6900},{""10-2024"":6900},{""11-2024"":6900},{""02-2024"":6900},{""03-2024"":7310},{""04-2024"":6900}],""avg_absdelta"":0.01,""coefficient_of_variation"":1.56}]",,,,2026-06-01 14:16:07.883869+00,2026-06-02 19:49:15.364134+00,true,,0.25,
591,6620 other professional fees,opex,semi_variable,,,0.050,,,,,2026-06-01 14:16:24.698219+00,2026-06-02 19:49:15.364134+00,true,,0.25,
592,6700 insurance,opex,fixed,"[{""company"":{""id"":290229,""name"":""Reveille, Inc.""},""thresholds"":[{""value"":0.05,""flagrate"":0,""confidence"":0,""created_on"":""2026-06-03T15:16:42Z"",""closing_month"":""05-2025""}]}]",,0.050,,,,,2026-06-01 14:16:24.747992+00,2026-06-02 19:49:15.364134+00,true,,0.25,
593,6710 professional liability,opex,semi_variable,"[{""company"":{""id"":290229,""name"":""Reveille, Inc.""},""thresholds"":[{""value"":0.05,""flagrate"":0,""confidence"":0,""created_on"":""2026-06-03T15:16:51Z"",""closing_month"":""05-2025""},{""value"":0.05,""flagrate"":0,""confidence"":0,""created_on"":""2026-06-04T13:23:30Z"",""closing_month"":""12-2024""}]}]",,0.050,"[{""company"":{""id"":290229,""name"":""Reveille, Inc.""},""history"":[{""05-2025"":764},{""07-2024"":1302.8},{""08-2024"":1302.8},{""10-2024"":1302.8},{""01-2024"":1085.75},{""03-2024"":1085.74},{""09-2024"":1302.8},{""11-2024"":1302.8},{""12-2024"":1302.8},{""02-2024"":1085.74},{""04-2024"":781.2},{""05-2024"":781.2},{""06-2024"":1730.8}],""avg_absdelta"":0.18,""coefficient_of_variation"":1.9}]",,,,2026-06-01 14:16:24.789824+00,2026-06-02 19:49:15.364134+00,true,,0.25,
594,6715 life insurance,opex,fixed,"[{""company"":{""id"":290229,""name"":""Reveille, Inc.""},""thresholds"":[{""value"":0.09,""flagrate"":1,""confidence"":0,""created_on"":""2026-06-03T15:16:51Z"",""closing_month"":""05-2025""},{""value"":0.05,""flagrate"":1,""confidence"":0,""created_on"":""2026-06-04T13:23:30Z"",""closing_month"":""12-2024""}]}]",,0.050,"[{""company"":{""id"":290229,""name"":""Reveille, Inc.""},""history"":[{""05-2025"":1549.53},{""08-2024"":2344.03},{""12-2024"":2403.21},{""01-2024"":1526.53},{""02-2024"":1935.28},{""07-2024"":1526.53},{""09-2024"":1097.26},{""10-2024"":2395.87},{""11-2024"":1506.01},{""03-2024"":2344.03},{""04-2024"":1526.53},{""05-2024"":1935.28},{""06-2024"":2344.03}],""avg_absdelta"":0.44,""coefficient_of_variation"":0.59}]",,,,2026-06-01 14:16:24.897114+00,2026-06-02 19:49:15.364134+00,true,,0.25,
595,6720 insurance - workers comp,opex,fixed,"[{""company"":{""id"":290229,""name"":""Reveille, Inc.""},""thresholds"":[{""value"":0.05,""flagrate"":0,""confidence"":0,""created_on"":""2026-06-03T15:17:01Z"",""closing_month"":""05-2025""},{""value"":0.05,""flagrate"":0.33,""confidence"":0,""created_on"":""2026-06-04T13:23:51Z"",""closing_month"":""12-2024""}]}]",,0.050,"[{""company"":{""id"":290229,""name"":""Reveille, Inc.""},""history"":[{""05-2025"":981.29},{""01-2024"":804.5},{""04-2024"":846.51},{""05-2024"":874.46},{""07-2024"":890.11},{""08-2024"":863.22},{""02-2024"":781.76},{""03-2024"":793.21},{""06-2024"":823.37},{""09-2024"":833.22},{""10-2024"":847.73},{""11-2024"":858.81},{""12-2024"":844.52}],""avg_absdelta"":0.05,""coefficient_of_variation"":0.88}]",,,,2026-06-01 14:16:36.530077+00,2026-06-02 19:49:15.364134+00,true,,0.25,
596,8010 depreciation,opex,fixed,"[{""company"":{""id"":290229,""name"":""Reveille, Inc.""},""thresholds"":[{""value"":0.05,""flagrate"":0.25,""confidence"":0,""created_on"":""2026-06-03T15:17:02Z"",""closing_month"":""05-2025""},{""value"":0.05,""flagrate"":0.25,""confidence"":0,""created_on"":""2026-06-04T13:24:01Z"",""closing_month"":""12-2024""}]}]",,0.050,"[{""company"":{""id"":290229,""name"":""Reveille, Inc.""},""history"":[{""05-2025"":1750.22},{""01-2024"":1820.54},{""02-2024"":1820.54},{""05-2024"":1732.21},{""06-2024"":1732.13},{""07-2024"":1310.69},{""11-2024"":1200.9},{""12-2024"":1200.9},{""03-2024"":1820.54},{""04-2024"":1820.68},{""08-2024"":1310.69},{""09-2024"":1310.75},{""10-2024"":1200.9}],""avg_absdelta"":0.07,""coefficient_of_variation"":1.95}]",,,,2026-06-01 14:16:43.600387+00,2026-06-02 19:49:15.364134+00,true,,0.25,
597,6001 - officer compensation,opex,semi_variable,"[{""company"":{""id"":290245,""name"":""SeedCMS""},""thresholds"":[{""value"":0.05,""flagrate"":0.43,""confidence"":0,""created_on"":""2026-06-03T15:15:21Z"",""closing_month"":""01-2024""},{""value"":0.05,""flagrate"":0.42,""confidence"":0,""created_on"":""2026-06-03T15:16:47Z"",""closing_month"":""01-2026""},{""value"":0.05,""flagrate"":0.43,""confidence"":0,""created_on"":""2026-06-03T15:18:43Z"",""closing_month"":""01-2026""},{""value"":0.05,""flagrate"":0.42,""confidence"":0,""created_on"":""2026-06-04T13:26:26Z"",""closing_month"":""01-2025""}]}]",,0.050,"[{""company"":{""id"":290245,""name"":""SeedCMS""},""history"":[{""08-2024"":18542.11},{""07-2024"":17579.44},{""05-2024"":18075.69},{""02-2024"":18213.4},{""01-2024"":16060.86},{""11-2024"":19946.46},{""09-2024"":20097.5},{""06-2024"":18118.21},{""04-2024"":18226.72},{""03-2024"":17855.49},{""12-2024"":19873.5},{""10-2024"":18461.52},{""01-2026"":21518.98},{""03-2026"":21121.73},{""02-2026"":21524.06},{""10-2025"":18232.43},{""09-2025"":19742.13},{""08-2025"":18879.72},{""07-2025"":19377.87},{""04-2025"":17413.18},{""03-2025"":20192.05},{""06-2025"":17922.12},{""05-2025"":18240.05},{""02-2025"":19445.77},{""01-2025"":18350.47},{""12-2025"":21444.73},{""11-2025"":20952.92}],""avg_absdelta"":0.05,""coefficient_of_variation"":0.83}]",,,,2026-06-01 14:20:46.997825+00,2026-06-02 19:49:15.364134+00,true,,0.25,
598,6002 - officer payroll taxes,opex,semi_variable,"[{""company"":{""id"":290245,""name"":""SeedCMS""},""thresholds"":[{""value"":0.05,""flagrate"":0,""confidence"":0,""created_on"":""2026-06-03T15:15:38Z"",""closing_month"":""01-2024""},{""value"":0.05,""flagrate"":0,""confidence"":0,""created_on"":""2026-06-03T15:17:03Z"",""closing_month"":""01-2026""},{""value"":0.05,""flagrate"":0,""confidence"":0,""created_on"":""2026-06-03T15:19:00Z"",""closing_month"":""01-2026""},{""value"":0.05,""flagrate"":0,""confidence"":0,""created_on"":""2026-06-04T13:26:36Z"",""closing_month"":""01-2025""}]}]",,0.050,"[{""company"":{""id"":290245,""name"":""SeedCMS""},""history"":[{""12-2024"":1342.77},{""10-2024"":1265.59},{""08-2024"":1271.26},{""07-2024"":1205.26},{""02-2024"":1270.56},{""01-2024"":1416.79},{""11-2024"":1367.55},{""09-2024"":1377.9},{""06-2024"":1242.2},{""05-2024"":1239.29},{""04-2024"":1249.64},{""03-2024"":1224.19},{""03-2026"":1407.81},{""02-2026"":1434.63},{""01-2026"":1749.25},{""08-2025"":1277.44},{""06-2025"":1212.65},{""01-2025"":1556.93},{""11-2025"":1417.72},{""10-2025"":1162.43},{""09-2025"":1335.8},{""07-2025"":1311.15},{""05-2025"":1234.16},{""04-2025"":1178.22},{""03-2025"":1397.4},{""02-2025"":1315.75},{""12-2025"":1429.34}],""avg_absdelta"":0.08,""coefficient_of_variation"":0.84}]",,,,2026-06-01 14:21:05.059818+00,2026-06-02 19:49:15.364134+00,true,,0.25,
599,6052 - auto expense - insurance,opex,fixed,"[{""company"":{""id"":290245,""name"":""SeedCMS""},""thresholds"":[{""value"":0.05,""flagrate"":0,""confidence"":0,""created_on"":""2026-06-03T15:15:38Z"",""closing_month"":""01-2024""},{""value"":0.05,""flagrate"":0.31,""confidence"":0,""created_on"":""2026-06-03T15:17:03Z"",""closing_month"":""01-2026""},{""value"":0.05,""flagrate"":0.36,""confidence"":0,""created_on"":""2026-06-03T15:19:00Z"",""closing_month"":""01-2026""},{""value"":0.05,""flagrate"":0.31,""confidence"":0,""created_on"":""2026-06-04T13:26:36Z"",""closing_month"":""01-2025""}]}]",,0.050,"[{""company"":{""id"":290245,""name"":""SeedCMS""},""history"":[{""08-2024"":153.41},{""05-2024"":444.28},{""02-2024"":135.5},{""01-2024"":135.5},{""12-2024"":167.91},{""10-2024"":153.58},{""07-2024"":153.41},{""06-2024"":153.41},{""04-2024"":183.28},{""03-2024"":183.28},{""11-2024"":153.58},{""09-2024"":153.41},{""03-2026"":814.67},{""02-2026"":818.11},{""01-2026"":807.9},{""06-2025"":830.46},{""05-2025"":1221.74},{""04-2025"":899.91},{""03-2025"":166.16},{""02-2025"":166.16},{""11-2025"":788.62},{""10-2025"":803.96},{""07-2025"":830.41},{""01-2025"":160.95},{""12-2025"":814.75},{""09-2025"":868.24},{""08-2025"":829.04}],""avg_absdelta"":0.3,""coefficient_of_variation"":2.88}]",,,,2026-06-01 14:21:05.174042+00,2026-06-02 19:49:15.364134+00,true,,0.25,
600,6300 - insurance expense,opex,fixed,"[{""company"":{""id"":290245,""name"":""SeedCMS""},""thresholds"":[{""value"":0.05,""flagrate"":0,""confidence"":0,""created_on"":""2026-06-03T15:15:38Z"",""closing_month"":""01-2024""},{""value"":0.05,""flagrate"":0.31,""confidence"":0,""created_on"":""2026-06-03T15:17:14Z"",""closing_month"":""01-2026""},{""value"":0.05,""flagrate"":0.36,""confidence"":0,""created_on"":""2026-06-03T15:19:23Z"",""closing_month"":""01-2026""},{""value"":0.05,""flagrate"":0.31,""confidence"":0,""created_on"":""2026-06-04T13:26:53Z"",""closing_month"":""01-2025""}]}]",,0.050,"[{""company"":{""id"":290245,""name"":""SeedCMS""},""history"":[{""08-2024"":440.9},{""07-2024"":225.55},{""04-2024"":142.46},{""03-2024"":142.46},{""02-2024"":142.46},{""01-2024"":142.46},{""12-2024"":235.55},{""11-2024"":235.55},{""10-2024"":235.55},{""09-2024"":235.55},{""06-2024"":225.55},{""05-2024"":207.53},{""03-2026"":182.43},{""02-2026"":182.43},{""01-2026"":182.43},{""09-2025"":400.98},{""06-2025"":236.19},{""05-2025"":236.19},{""04-2025"":236.19},{""03-2025"":236.19},{""11-2025"":236.19},{""08-2025"":236.19},{""07-2025"":236.19},{""02-2025"":236.19},{""01-2025"":236.19},{""12-2025"":236.19},{""10-2025"":71.4}],""avg_absdelta"":0.23,""coefficient_of_variation"":2.16}]",,,,2026-06-01 14:21:05.302864+00,2026-06-02 19:49:15.364134+00,true,,0.25,
601,6600 - professional services: accounting,opex,semi_variable,"[{""company"":{""id"":290245,""name"":""SeedCMS""},""thresholds"":[{""value"":0.05,""flagrate"":0,""confidence"":0,""created_on"":""2026-06-03T15:15:38Z"",""closing_month"":""01-2024""},{""value"":0.05,""flagrate"":0,""confidence"":0,""created_on"":""2026-06-03T15:17:24Z"",""closing_month"":""01-2026""},{""value"":0.05,""flagrate"":0,""confidence"":0,""created_on"":""2026-06-03T15:19:33Z"",""closing_month"":""01-2026""},{""value"":0.05,""flagrate"":0,""confidence"":0,""created_on"":""2026-06-04T13:27:14Z"",""closing_month"":""01-2025""}]}]",,0.050,"[{""company"":{""id"":290245,""name"":""SeedCMS""},""history"":[{""11-2024"":2188.46},{""10-2024"":2188.46},{""08-2024"":2241.46},{""03-2024"":2572.67},{""02-2024"":2084.25},{""01-2024"":2084.25},{""12-2024"":2202.86},{""09-2024"":2213.67},{""07-2024"":2226.46},{""06-2024"":2546.77},{""05-2024"":2226.18},{""04-2024"":2226.41},{""01-2026"":2346.76},{""03-2026"":2412.77},{""02-2026"":2682.88},{""04-2025"":2297.88},{""03-2025"":2297.88},{""10-2025"":3047.88},{""09-2025"":2297.88},{""07-2025"":2297.88},{""06-2025"":2297.88},{""02-2025"":2188.46},{""01-2025"":2188.46},{""12-2025"":2297.88},{""11-2025"":2297.88},{""08-2025"":2297.88},{""05-2025"":2297.88}],""avg_absdelta"":0.06,""coefficient_of_variation"":1.51}]",,,,2026-06-01 14:21:05.412358+00,2026-06-02 19:49:15.364134+00,true,,0.25,
602,6601 - professional services: consulting,opex,semi_variable,"[{""company"":{""id"":290245,""name"":""SeedCMS""},""thresholds"":[{""value"":0.05,""flagrate"":1,""confidence"":0,""created_on"":""2026-06-03T15:15:38Z"",""closing_month"":""01-2024""},{""value"":0.05,""flagrate"":1,""confidence"":0,""created_on"":""2026-06-03T15:17:24Z"",""closing_month"":""01-2026""},{""value"":0.05,""flagrate"":1,""confidence"":0,""created_on"":""2026-06-03T15:19:34Z"",""closing_month"":""01-2026""},{""value"":0.05,""flagrate"":1,""confidence"":0,""created_on"":""2026-06-04T13:27:14Z"",""closing_month"":""01-2025""}]}]",,0.050,"[{""company"":{""id"":290245,""name"":""SeedCMS""},""history"":[{""10-2024"":0},{""09-2024"":750},{""08-2024"":2130.17},{""03-2024"":0},{""01-2024"":0},{""11-2024"":208.39},{""07-2024"":0},{""06-2024"":0},{""05-2024"":2703.34},{""04-2024"":0},{""02-2024"":200.71},{""12-2024"":0},{""03-2026"":0},{""02-2026"":214.19},{""01-2026"":0},{""07-2025"":0},{""06-2025"":0},{""02-2025"":210.59},{""11-2025"":219.13},{""09-2025"":1930},{""08-2025"":216.63},{""05-2025"":212.01},{""04-2025"":0},{""03-2025"":0},{""01-2025"":0},{""12-2025"":0},{""10-2025"":0}],""avg_absdelta"":1.6,""coefficient_of_variation"":1.25}]",,,,2026-06-01 14:21:05.525805+00,2026-06-02 19:49:15.364134+00,true,,0.25,
603,6602 - professional services: legal,opex,semi_variable,"[{""company"":{""id"":290245,""name"":""SeedCMS""},""thresholds"":[{""value"":0.05,""flagrate"":0,""confidence"":0,""created_on"":""2026-06-03T15:15:49Z"",""closing_month"":""01-2024""},{""value"":0.05,""flagrate"":0.23,""confidence"":0,""created_on"":""2026-06-03T15:17:39Z"",""closing_month"":""01-2026""},{""value"":0.05,""flagrate"":0.36,""confidence"":0,""created_on"":""2026-06-03T15:19:44Z"",""closing_month"":""01-2026""},{""value"":0.05,""flagrate"":0,""confidence"":0,""created_on"":""2026-06-04T13:27:25Z"",""closing_month"":""01-2025""}]}]",,0.050,"[{""company"":{""id"":290245,""name"":""SeedCMS""},""history"":[{""04-2024"":37.94},{""02-2024"":37.81},{""01-2024"":38.31},{""12-2024"":38.31},{""11-2024"":257.47},{""10-2024"":39.52},{""08-2024"":38.45},{""07-2024"":38.45},{""06-2024"":38.43},{""05-2024"":37.78},{""03-2024"":238.28},{""09-2024"":39.55},{""03-2026"":40.16},{""02-2026"":41.01},{""01-2026"":40.64},{""12-2025"":40.08},{""11-2025"":260.54},{""10-2025"":40.46},{""07-2025"":41.04},{""06-2025"":40.85},{""04-2025"":39.34},{""03-2025"":38.7},{""09-2025"":40.38},{""08-2025"":39.95},{""05-2025"":40.02},{""02-2025"":37.65},{""01-2025"":37.3}],""avg_absdelta"":0.73,""coefficient_of_variation"":2.34}]",,,,2026-06-01 14:21:21.155016+00,2026-06-02 19:49:15.364134+00,true,,0.25,
604,6650 - rent expense: office rent,opex,fixed,"[{""company"":{""id"":290245,""name"":""SeedCMS""},""thresholds"":[{""value"":0.05,""flagrate"":0.29,""confidence"":0,""created_on"":""2026-06-03T15:15:49Z"",""closing_month"":""01-2024""},{""value"":0.05,""flagrate"":0.35,""confidence"":0,""created_on"":""2026-06-03T15:17:49Z"",""closing_month"":""01-2026""},{""value"":0.05,""flagrate"":0.29,""confidence"":0,""created_on"":""2026-06-03T15:20:02Z"",""closing_month"":""01-2026""},{""value"":0.05,""flagrate"":0,""confidence"":0,""created_on"":""2026-06-04T13:27:25Z"",""closing_month"":""01-2025""}]}]",,0.050,"[{""company"":{""id"":290245,""name"":""SeedCMS""},""history"":[{""05-2024"":833.22},{""03-2024"":819.1},{""02-2024"":820.42},{""01-2024"":280.95},{""11-2024"":1260.34},{""10-2024"":1267.65},{""07-2024"":837.61},{""04-2024"":815.83},{""12-2024"":1259.53},{""09-2024"":1665.29},{""08-2024"":839.86},{""06-2024"":831.06},{""03-2026"":922.89},{""02-2026"":923.59},{""01-2026"":924.61},{""03-2025"":1325.61},{""02-2025"":1266.45},{""01-2025"":1253.61},{""12-2025"":923.83},{""11-2025"":1109.27},{""10-2025"":900.06},{""08-2025"":902.05},{""07-2025"":1342.94},{""09-2025"":903.63},{""06-2025"":906.02},{""05-2025"":904.77},{""04-2025"":1077.27}],""avg_absdelta"":0.19,""coefficient_of_variation"":2.2}]",,,,2026-06-01 14:21:21.271952+00,2026-06-02 19:49:15.364134+00,true,,0.25,
605,8100 - depreciation,opex,fixed,"[{""company"":{""id"":290245,""name"":""SeedCMS""},""thresholds"":[{""value"":0.05,""flagrate"":0,""confidence"":0,""created_on"":""2026-06-03T15:16:08Z"",""closing_month"":""01-2024""},{""value"":0.05,""flagrate"":0.27,""confidence"":0,""created_on"":""2026-06-03T15:17:59Z"",""closing_month"":""01-2026""},{""value"":0.05,""flagrate"":0.5,""confidence"":0,""created_on"":""2026-06-03T15:20:13Z"",""closing_month"":""01-2026""},{""value"":0.05,""flagrate"":0,""confidence"":0,""created_on"":""2026-06-04T13:27:25Z"",""closing_month"":""01-2025""}]}]",,0.050,"[{""company"":{""id"":290245,""name"":""SeedCMS""},""history"":[{""12-2024"":-623.29},{""11-2024"":-567.98},{""08-2024"":-548.55},{""06-2024"":-495.89},{""03-2024"":-428.84},{""02-2024"":-410.02},{""01-2024"":-366.46},{""10-2024"":-567.98},{""09-2024"":-548.55},{""07-2024"":-548.55},{""05-2024"":-471.27},{""04-2024"":-446.78},{""01-2026"":-670.2},{""03-2026"":-715.12},{""02-2026"":-670.2},{""05-2025"":-670.2},{""04-2025"":-670.2},{""02-2025"":-623.24},{""10-2025"":-670.2},{""09-2025"":-670.2},{""03-2025"":-623.24},{""01-2025"":-623.24},{""12-2025"":-670.2},{""11-2025"":-670.2},{""08-2025"":-670.2},{""07-2025"":-670.2},{""06-2025"":-670.2}],""avg_absdelta"":0.03,""coefficient_of_variation"":1.42}]",,,,2026-06-01 14:21:32.774064+00,2026-06-02 19:49:15.364134+00,true,,0.25,
606,6001 officers salaries & wages,opex,semi_variable,,,0.050,"[{""company"":{""id"":290236,""name"":""Simple Phone Company""},""history"":[{""10-2025"":0},{""03-2025"":0},{""05-2025"":0},{""06-2025"":0},{""08-2025"":0},{""09-2025"":0},{""11-2025"":0},{""12-2025"":0},{""01-2025"":0},{""02-2025"":0},{""04-2025"":0},{""07-2025"":0}],""avg_absdelta"":0,""coefficient_of_variation"":0}]",,,,2026-06-01 14:26:30.411957+00,2026-06-02 19:49:15.364134+00,true,,0.25,
607,6010 medical insurance,opex,fixed,"[{""company"":{""id"":290236,""name"":""Simple Phone Company""},""thresholds"":[{""value"":0.05,""flagrate"":0,""confidence"":0,""created_on"":""2026-06-03T15:19:59Z"",""closing_month"":""12-2025""},{""value"":0.05,""flagrate"":0,""confidence"":0,""created_on"":""2026-06-03T15:22:36Z"",""closing_month"":""03-2026""}]}]",,0.050,"[{""company"":{""id"":290236,""name"":""Simple Phone Company""},""history"":[{""01-2025"":864},{""02-2025"":977.32},{""03-2025"":961.12},{""05-2025"":938.97},{""06-2025"":976.82},{""09-2025"":-1520.55},{""12-2025"":362.31},{""04-2025"":938.97},{""07-2025"":1277.96},{""08-2025"":1290.86},{""10-2025"":342.98},{""11-2025"":368.75},{""01-2026"":326.09},{""02-2026"":419.66},{""03-2026"":412.18}],""avg_absdelta"":0.32,""coefficient_of_variation"":1.9}]",,,,2026-06-01 14:26:30.487645+00,2026-06-02 19:49:15.364134+00,true,,0.25,
608,6405 insurance,opex,fixed,"[{""company"":{""id"":290236,""name"":""Simple Phone Company""},""thresholds"":[{""value"":0.05,""flagrate"":0,""confidence"":0,""created_on"":""2026-06-03T15:20:29Z"",""closing_month"":""12-2025""},{""value"":0.11,""flagrate"":0,""confidence"":0,""created_on"":""2026-06-03T15:23:07Z"",""closing_month"":""03-2026""}]}]",,0.050,"[{""company"":{""id"":290236,""name"":""Simple Phone Company""},""history"":[{""02-2025"":234.08},{""03-2025"":234.08},{""04-2025"":226.08},{""06-2025"":226.5},{""07-2025"":212.92},{""09-2025"":78.42},{""10-2025"":295.42},{""12-2025"":78.42},{""01-2025"":334.08},{""05-2025"":226.5},{""08-2025"":78.42},{""11-2025"":78.42},{""01-2026"":376.42},{""02-2026"":78.42},{""03-2026"":78.42}],""avg_absdelta"":0.65,""coefficient_of_variation"":1.73}]",,,,2026-06-01 14:26:30.607032+00,2026-06-02 19:49:15.364134+00,true,,0.25,
609,6550 professional fees,opex,semi_variable,,,0.050,,,,,2026-06-01 14:26:30.725422+00,2026-06-02 19:49:15.364134+00,true,,0.25,
610,6551 prof fees - accounting,opex,fixed,"[{""company"":{""id"":290236,""name"":""Simple Phone Company""},""thresholds"":[{""value"":0.05,""flagrate"":0,""confidence"":0,""created_on"":""2026-06-03T15:20:29Z"",""closing_month"":""12-2025""},{""value"":0.05,""flagrate"":0.29,""confidence"":0,""created_on"":""2026-06-03T15:23:07Z"",""closing_month"":""03-2026""}]}]",,0.050,"[{""company"":{""id"":290236,""name"":""Simple Phone Company""},""history"":[{""03-2025"":1250},{""04-2025"":1250},{""07-2025"":1250},{""09-2025"":1250},{""02-2025"":1250},{""05-2025"":1250},{""06-2025"":1250},{""08-2025"":1250},{""10-2025"":1671.25},{""11-2025"":1671.25},{""12-2025"":1671.25},{""01-2025"":1250},{""01-2026"":2921.25},{""02-2026"":1250},{""03-2026"":1000}],""avg_absdelta"":0.13,""coefficient_of_variation"":1.8}]",,,,2026-06-01 14:26:30.769472+00,2026-06-02 19:49:15.364134+00,true,,0.25,
611,8004 depreciation expense,opex,fixed,"[{""company"":{""id"":290236,""name"":""Simple Phone Company""},""thresholds"":[{""value"":0.05,""flagrate"":0,""confidence"":0,""created_on"":""2026-06-03T15:20:48Z"",""closing_month"":""12-2025""},{""value"":0.05,""flagrate"":0.14,""confidence"":0,""created_on"":""2026-06-03T15:23:41Z"",""closing_month"":""03-2026""}]}]",,0.050,"[{""company"":{""id"":290236,""name"":""Simple Phone Company""},""history"":[{""12-2025"":727.29},{""04-2025"":562.12},{""05-2025"":562.12},{""06-2025"":727.29},{""08-2025"":727.29},{""10-2025"":727.29},{""11-2025"":727.29},{""01-2025"":562.12},{""02-2025"":562.12},{""03-2025"":562.12},{""07-2025"":727.29},{""09-2025"":727.29},{""01-2026"":685.42},{""02-2026"":685.42},{""03-2026"":685.42}],""avg_absdelta"":0.03,""coefficient_of_variation"":3.03}]",,,,2026-06-01 14:26:30.880915+00,2026-06-02 19:49:15.364134+00,true,,0.25,
612,54000 rent & lease,opex,fixed,,,0.050,,,,,2026-06-01 14:30:56.533027+00,2026-06-02 19:49:15.364134+00,true,,0.25,
613,60004 medical insurance,opex,fixed,"[{""company"":{""id"":290231,""name"":""SoCal Nautical""},""thresholds"":[{""value"":0.05,""flagrate"":0,""confidence"":0,""created_on"":""2026-06-03T15:22:59Z"",""closing_month"":""12-2025""}]}]",,0.050,"[{""company"":{""id"":290231,""name"":""SoCal Nautical""},""history"":[{""02-2025"":729.72},{""03-2025"":729.72},{""05-2025"":729.72},{""06-2025"":729.72},{""07-2025"":729.72},{""08-2025"":729.72},{""10-2025"":729.72},{""12-2025"":729.72},{""01-2025"":699.79},{""04-2025"":729.72},{""09-2025"":729.72},{""11-2025"":729.72}],""avg_absdelta"":0,""coefficient_of_variation"":3.16}]",,,,2026-06-01 14:31:07.159218+00,2026-06-02 19:49:15.364134+00,true,,0.25,
614,61001 auto insurance,opex,fixed,"[{""company"":{""id"":290231,""name"":""SoCal Nautical""},""thresholds"":[{""value"":0.13,""flagrate"":0.56,""confidence"":0,""created_on"":""2026-06-03T15:23:18Z"",""closing_month"":""12-2025""}]}]",,0.050,"[{""company"":{""id"":290231,""name"":""SoCal Nautical""},""history"":[{""01-2025"":200.63},{""03-2025"":-283.87},{""04-2025"":324},{""07-2025"":371.63},{""08-2025"":370.75},{""11-2025"":370},{""02-2025"":269.5},{""09-2025"":370.75},{""10-2025"":370.75},{""12-2025"":-370}],""avg_absdelta"":0.74,""coefficient_of_variation"":1.27}]",,,,2026-06-01 14:31:17.952564+00,2026-06-02 19:49:15.364134+00,true,,0.25,
615,61004 vehicle rent,opex,fixed,,,0.050,,,,,2026-06-01 14:31:27.837414+00,2026-06-02 19:49:15.364134+00,true,,0.25,
616,62300 insurance,opex,fixed,,,0.050,,,,,2026-06-01 14:31:27.883578+00,2026-06-02 19:49:15.364134+00,true,,0.25,
617,62375 legal & professional services,opex,semi_variable,"[{""company"":{""id"":290231,""name"":""SoCal Nautical""},""thresholds"":[{""value"":0.18,""flagrate"":0.82,""confidence"":0,""created_on"":""2026-06-03T15:23:59Z"",""closing_month"":""12-2025""}]}]",,0.050,"[{""company"":{""id"":290231,""name"":""SoCal Nautical""},""history"":[{""01-2025"":2873.26},{""02-2025"":2873.26},{""03-2025"":2287.69},{""06-2025"":2718.94},{""07-2025"":5912.38},{""08-2025"":2862.69},{""09-2025"":9089.07},{""11-2025"":2402.07},{""04-2025"":7287.69},{""05-2025"":2287.69},{""10-2025"":2402.07},{""12-2025"":5317.27}],""avg_absdelta"":0.83,""coefficient_of_variation"":0.91}]",,,,2026-06-01 14:31:27.930163+00,2026-06-02 19:49:15.364134+00,true,,0.25,
618,81500 depreciation expense,opex,fixed,"[{""company"":{""id"":290231,""name"":""SoCal Nautical""},""thresholds"":[{""value"":0.05,""flagrate"":0.64,""confidence"":0,""created_on"":""2026-06-03T15:24:47Z"",""closing_month"":""12-2025""}]}]",,0.050,"[{""company"":{""id"":290231,""name"":""SoCal Nautical""},""history"":[{""12-2025"":15179.92},{""02-2025"":17398.12},{""03-2025"":15349.32},{""04-2025"":12420.75},{""06-2025"":16710.28},{""07-2025"":15495.71},{""08-2025"":10500.93},{""11-2025"":15179.92},{""01-2025"":17398.12},{""05-2025"":12420.75},{""09-2025"":13639.61},{""10-2025"":13639.61}],""avg_absdelta"":0.13,""coefficient_of_variation"":0.98}]",,,,2026-06-01 14:31:38.016953+00,2026-06-02 19:49:15.364134+00,true,,0.25,
619,80030 depreciation,opex,fixed,,,0.050,,,,,2026-06-01 14:34:00.901468+00,2026-06-02 19:49:15.364134+00,true,,0.25,