id,code,type,volatility,threshold,absolute_threshold,policy_min_threshold,history_and_avg_absdelta,impact_score,missed_flag_sample,false_flag_sample,created_at,updated_at,special_term,mad,k_and_flagrate,categories
2,1-65530 Salaries and Wages,opex,fixed,,,0.15,,,,,2026-05-09 20:17:08.369087+00,2026-05-15 09:27:26.619068+00,FALSE,,"[{""k"":[{""stats"":{""flag_rate"":0,""created_on"":""2026-05-16T00:00:00Z""},""value"":2}],""company"":{""name"":""Summit Strategy""}}]",wages
3,1-65540 Tech Salaries,opex,fixed,,,0.15,,,,,2026-05-09 20:17:08.369087+00,2026-05-15 09:27:26.619068+00,FALSE,,"[{""k"":[{""stats"":{""flag_rate"":0,""created_on"":""2026-05-16T00:00:00Z""},""value"":2}],""company"":{""name"":""Summit Strategy""}}]",wages
16,3-65530 Salaries and Wages,opex,fixed,,,0.15,,,,,2026-05-09 20:17:08.369087+00,2026-05-15 09:27:26.619068+00,FALSE,,"[{""k"":[{""stats"":{""flag_rate"":0,""created_on"":""2026-05-16T00:00:00Z""},""value"":2}],""company"":{""name"":""Summit Strategy""}}]",wages
17,4-65530 Salaries and Wages,opex,fixed,,,0.15,,,,,2026-05-09 20:17:08.369087+00,2026-05-15 09:27:26.619068+00,FALSE,,"[{""k"":[{""stats"":{""flag_rate"":0,""created_on"":""2026-05-16T00:00:00Z""},""value"":2}],""company"":{""name"":""Summit Strategy""}}]",wages
18,5001 Direct Labor - Wages,cogs,fixed,,,0.15,,,,,2026-05-09 20:17:08.369087+00,2026-05-15 09:27:26.619068+00,FALSE,,"[{""k"":[{""stats"":{""flag_rate"":0,""created_on"":""2026-05-16T00:00:00Z""},""value"":2}],""company"":{""name"":""Summit Strategy""}}]",wages
19,5001 Direct Labor Salaries & Wages,cogs,fixed,,,0.15,,,,,2026-05-09 20:17:08.369087+00,2026-05-15 09:27:26.619068+00,FALSE,,"[{""k"":[{""stats"":{""flag_rate"":0,""created_on"":""2026-05-16T00:00:00Z""},""value"":2}],""company"":{""name"":""Summit Strategy""}}]",wages
20,5001 Direct Wages,cogs,fixed,,,0.15,,,,,2026-05-09 20:17:08.369087+00,2026-05-15 09:27:26.619068+00,FALSE,,"[{""k"":[{""stats"":{""flag_rate"":0,""created_on"":""2026-05-16T00:00:00Z""},""value"":2}],""company"":{""name"":""Summit Strategy""}}]",wages
21,50063 Fulfillment Center Wages,cogs,fixed,,,0.15,,,,,2026-05-09 20:17:08.369087+00,2026-05-15 09:27:26.619068+00,FALSE,,"[{""k"":[{""stats"":{""flag_rate"":0,""created_on"":""2026-05-16T00:00:00Z""},""value"":2}],""company"":{""name"":""Summit Strategy""}}]",wages
22,5021 DL - EE Wages,cogs,fixed,,,0.15,,,,,2026-05-09 20:17:08.369087+00,2026-05-15 09:27:26.619068+00,FALSE,,"[{""k"":[{""stats"":{""flag_rate"":0,""created_on"":""2026-05-16T00:00:00Z""},""value"":2}],""company"":{""name"":""Summit Strategy""}}]",wages
23,5021 Employee PR - DL Wages,cogs,fixed,,,0.15,,,,,2026-05-09 20:17:08.369087+00,2026-05-15 09:27:26.619068+00,FALSE,,"[{""k"":[{""stats"":{""flag_rate"":0,""created_on"":""2026-05-16T00:00:00Z""},""value"":2}],""company"":{""name"":""Summit Strategy""}}]",wages
24,5100 Direct Salaries & Benefits,cogs,fixed,,,0.15,,,,,2026-05-09 20:17:08.369087+00,2026-05-15 09:27:26.619068+00,FALSE,,"[{""k"":[{""stats"":{""flag_rate"":0,""created_on"":""2026-05-16T00:00:00Z""},""value"":2}],""company"":{""name"":""Summit Strategy""}}]",wages
25,5101 Direct Labor PR - Wages,cogs,fixed,,,0.15,,,,,2026-05-09 20:17:08.369087+00,2026-05-15 09:27:26.619068+00,FALSE,,"[{""k"":[{""stats"":{""flag_rate"":0,""created_on"":""2026-05-16T00:00:00Z""},""value"":2}],""company"":{""name"":""Summit Strategy""}}]",wages
26,5101 Direct Wages,cogs,fixed,,,0.15,,,,,2026-05-09 20:17:08.369087+00,2026-05-15 09:27:26.619068+00,FALSE,,"[{""k"":[{""stats"":{""flag_rate"":0,""created_on"":""2026-05-16T00:00:00Z""},""value"":2}],""company"":{""name"":""Summit Strategy""}}]",wages
27,5110 Direct Labor - Wages,cogs,fixed,,,0.15,,,,,2026-05-09 20:17:08.369087+00,2026-05-15 09:27:26.619068+00,FALSE,,"[{""k"":[{""stats"":{""flag_rate"":0,""created_on"":""2026-05-16T00:00:00Z""},""value"":2}],""company"":{""name"":""Summit Strategy""}}]",wages
28,51110-000 Salaries and Wages,cogs,fixed,,,0.15,,,,,2026-05-09 20:17:08.369087+00,2026-05-15 09:27:26.619068+00,FALSE,,"[{""k"":[{""stats"":{""flag_rate"":0,""created_on"":""2026-05-16T00:00:00Z""},""value"":2}],""company"":{""name"":""Summit Strategy""}}]",wages
29,5130 Direct Labor - OT,cogs,fixed,,,0.15,,,,,2026-05-09 20:17:08.369087+00,2026-05-15 09:27:26.619068+00,FALSE,,"[{""k"":[{""stats"":{""flag_rate"":0,""created_on"":""2026-05-16T00:00:00Z""},""value"":2}],""company"":{""name"":""Summit Strategy""}}]",wages
30,5140 Direct Labor - PTO,cogs,fixed,,,0.15,,,,,2026-05-09 20:17:08.369087+00,2026-05-15 09:27:26.619068+00,FALSE,,"[{""k"":[{""stats"":{""flag_rate"":0,""created_on"":""2026-05-16T00:00:00Z""},""value"":2}],""company"":{""name"":""Summit Strategy""}}]",wages
31,5185 Direct Labor - Other Benefits,cogs,fixed,,,0.15,,,,,2026-05-09 20:17:08.369087+00,2026-05-15 09:27:26.619068+00,FALSE,,"[{""k"":[{""stats"":{""flag_rate"":0,""created_on"":""2026-05-16T00:00:00Z""},""value"":2}],""company"":{""name"":""Summit Strategy""}}]",wages
32,52101-000 Salaries and Wages,cogs,fixed,,,0.15,,,,,2026-05-09 20:17:08.369087+00,2026-05-15 09:27:26.619068+00,FALSE,,"[{""k"":[{""stats"":{""flag_rate"":0,""created_on"":""2026-05-16T00:00:00Z""},""value"":2}],""company"":{""name"":""Summit Strategy""}}]",wages
33,5221 The TREAD Agency - DL Wages,cogs,fixed,,,0.15,,,,,2026-05-09 20:17:08.369087+00,2026-05-15 09:27:26.619068+00,FALSE,,"[{""k"":[{""stats"":{""flag_rate"":0,""created_on"":""2026-05-16T00:00:00Z""},""value"":2}],""company"":{""name"":""Summit Strategy""}}]",wages
34,53101-000 Salaries and Wages,cogs,fixed,,,0.15,,,,,2026-05-09 20:17:08.369087+00,2026-05-15 09:27:26.619068+00,FALSE,,"[{""k"":[{""stats"":{""flag_rate"":0,""created_on"":""2026-05-16T00:00:00Z""},""value"":2}],""company"":{""name"":""Summit Strategy""}}]",wages
35,5503 Sales - Salary,cogs,fixed,,,0.15,,,,,2026-05-09 20:17:08.369087+00,2026-05-15 09:27:26.619068+00,FALSE,,"[{""k"":[{""stats"":{""flag_rate"":0,""created_on"":""2026-05-16T00:00:00Z""},""value"":2}],""company"":{""name"":""Summit Strategy""}}]",wages
36,60001 Salaries & Wages,opex,fixed,,,0.15,,,,,2026-05-09 20:17:08.369087+00,2026-05-15 09:27:26.619068+00,FALSE,,"[{""k"":[{""stats"":{""flag_rate"":0,""created_on"":""2026-05-16T00:00:00Z""},""value"":2}],""company"":{""name"":""Summit Strategy""}}]",wages
37,60002 Salaries & Wages,opex,fixed,,,0.15,,,,,2026-05-09 20:17:08.369087+00,2026-05-15 09:27:26.619068+00,FALSE,,"[{""k"":[{""stats"":{""flag_rate"":0,""created_on"":""2026-05-16T00:00:00Z""},""value"":2}],""company"":{""name"":""Summit Strategy""}}]",wages
38,6001 Wages,opex,fixed,,,0.15,,,,,2026-05-09 20:17:08.369087+00,2026-05-15 09:27:26.619068+00,FALSE,,"[{""k"":[{""stats"":{""flag_rate"":0,""created_on"":""2026-05-16T00:00:00Z""},""value"":2}],""company"":{""name"":""Summit Strategy""}}]",wages
39,60010 Salaries & Wages,opex,fixed,,,0.15,,,,,2026-05-09 20:17:08.369087+00,2026-05-15 09:27:26.619068+00,FALSE,,"[{""k"":[{""stats"":{""flag_rate"":0,""created_on"":""2026-05-16T00:00:00Z""},""value"":2}],""company"":{""name"":""Summit Strategy""}}]",wages
40,60011-000 Salaries and Wages,opex,fixed,,,0.15,,,,,2026-05-09 20:17:08.369087+00,2026-05-15 09:27:26.619068+00,FALSE,,"[{""k"":[{""stats"":{""flag_rate"":0,""created_on"":""2026-05-16T00:00:00Z""},""value"":2}],""company"":{""name"":""Summit Strategy""}}]",wages
41,6002 Salaries & Wages,opex,fixed,,,0.15,,,,,2026-05-09 20:17:08.369087+00,2026-05-15 09:27:26.619068+00,FALSE,,"[{""k"":[{""stats"":{""flag_rate"":0,""created_on"":""2026-05-16T00:00:00Z""},""value"":2}],""company"":{""name"":""Summit Strategy""}}]",wages
42,60020 Wages,opex,fixed,"[{""company"":{""name"":""Summit Strategy""},""thresholds"":[{""value"":0.5823290730616664,""confidence"":0,""created_on"":""2026-05-16T11:38:56Z"",""closing_month"":""03-2026""},{""value"":0.39,""confidence"":0,""created_on"":""2026-05-20T13:56:07Z"",""closing_month"":""03-2026""},{""value"":0.39,""confidence"":0,""created_on"":""2026-05-20T14:57:36Z"",""closing_month"":""03-2026""}]}]",,0.15,"[{""company"":{""name"":""Summit Strategy""},""history"":[{""12-2025"":18345.82},{""01-2026"":24096.35},{""02-2026"":14389.22},{""03-2026"":13538.47},{""10-2025"":22442.1},{""11-2025"":18345.82}],""avg_absdelta"":0.19,""coefficient_of_variation"":0.79}]",,,,2026-05-09 20:17:08.369087+00,2026-05-15 09:27:26.619068+00,FALSE,,"[{""k"":[{""stats"":{""flag_rate"":0.2,""created_on"":""2026-05-16T00:00:00Z""},""value"":2}],""company"":{""name"":""Summit Strategy""}}]",wages
43,6003 Indirect Salaries & Wages,opex,fixed,,,0.15,,,,,2026-05-09 20:17:08.369087+00,2026-05-15 09:27:26.619068+00,FALSE,,"[{""k"":[{""stats"":{""flag_rate"":0,""created_on"":""2026-05-16T00:00:00Z""},""value"":2}],""company"":{""name"":""Summit Strategy""}}]",wages
44,6021 Employee PR - Wages,opex,fixed,,,0.15,,,,,2026-05-09 20:17:08.369087+00,2026-05-15 09:27:26.619068+00,FALSE,,"[{""k"":[{""stats"":{""flag_rate"":0,""created_on"":""2026-05-16T00:00:00Z""},""value"":2}],""company"":{""name"":""Summit Strategy""}}]",wages
45,6021 Employee Wages,opex,fixed,,,0.15,,,,,2026-05-09 20:17:08.369087+00,2026-05-15 09:27:26.619068+00,FALSE,,"[{""k"":[{""stats"":{""flag_rate"":0,""created_on"":""2026-05-16T00:00:00Z""},""value"":2}],""company"":{""name"":""Summit Strategy""}}]",wages
46,6022 Wages,opex,fixed,,,0.15,,,,,2026-05-09 20:17:08.369087+00,2026-05-15 09:27:26.619068+00,FALSE,,"[{""k"":[{""stats"":{""flag_rate"":0,""created_on"":""2026-05-16T00:00:00Z""},""value"":2}],""company"":{""name"":""Summit Strategy""}}]",wages
47,6030 Wages,opex,fixed,,,0.15,,,,,2026-05-09 20:17:08.369087+00,2026-05-15 09:27:26.619068+00,FALSE,,"[{""k"":[{""stats"":{""flag_rate"":0,""created_on"":""2026-05-16T00:00:00Z""},""value"":2}],""company"":{""name"":""Summit Strategy""}}]",wages
48,6100 Indirect Salaries & Benefits,opex,fixed,,,0.15,,,,,2026-05-09 20:17:08.369087+00,2026-05-15 09:27:26.619068+00,FALSE,,"[{""k"":[{""stats"":{""flag_rate"":0,""created_on"":""2026-05-16T00:00:00Z""},""value"":2}],""company"":{""name"":""Summit Strategy""}}]",wages
49,6101 Employee PR - Wages,opex,fixed,,,0.15,,,,,2026-05-09 20:17:08.369087+00,2026-05-15 09:27:26.619068+00,FALSE,,"[{""k"":[{""stats"":{""flag_rate"":0,""created_on"":""2026-05-16T00:00:00Z""},""value"":2}],""company"":{""name"":""Summit Strategy""}}]",wages
50,6101.2 Wages - Social Media Ma...,opex,fixed,,,0.15,,,,,2026-05-09 20:17:08.369087+00,2026-05-15 09:27:26.619068+00,FALSE,,"[{""k"":[{""stats"":{""flag_rate"":0,""created_on"":""2026-05-16T00:00:00Z""},""value"":2}],""company"":{""name"":""Summit Strategy""}}]",wages
51,6101.3 Wages - Social Media Ad...,opex,fixed,,,0.15,,,,,2026-05-09 20:17:08.369087+00,2026-05-15 09:27:26.619068+00,FALSE,,"[{""k"":[{""stats"":{""flag_rate"":0,""created_on"":""2026-05-16T00:00:00Z""},""value"":2}],""company"":{""name"":""Summit Strategy""}}]",wages
52,6101.4 Wages - SEM,opex,fixed,,,0.15,,,,,2026-05-09 20:17:08.369087+00,2026-05-15 09:27:26.619068+00,FALSE,,"[{""k"":[{""stats"":{""flag_rate"":0,""created_on"":""2026-05-16T00:00:00Z""},""value"":2}],""company"":{""name"":""Summit Strategy""}}]",wages
53,6101.5 Wages - Sales,opex,fixed,,,0.15,,,,,2026-05-09 20:17:08.369087+00,2026-05-15 09:27:26.619068+00,FALSE,,"[{""k"":[{""stats"":{""flag_rate"":0,""created_on"":""2026-05-16T00:00:00Z""},""value"":2}],""company"":{""name"":""Summit Strategy""}}]",wages
54,6101.6 Wages - Video,opex,fixed,,,0.15,,,,,2026-05-09 20:17:08.369087+00,2026-05-15 09:27:26.619068+00,FALSE,,"[{""k"":[{""stats"":{""flag_rate"":0,""created_on"":""2026-05-16T00:00:00Z""},""value"":2}],""company"":{""name"":""Summit Strategy""}}]",wages
55,6110 Employee PR - Wages,opex,fixed,,,0.15,,,,,2026-05-09 20:17:08.369087+00,2026-05-15 09:27:26.619068+00,FALSE,,"[{""k"":[{""stats"":{""flag_rate"":0,""created_on"":""2026-05-16T00:00:00Z""},""value"":2}],""company"":{""name"":""Summit Strategy""}}]",wages
56,6356 Salaries & Wages,opex,fixed,,,0.15,,,,,2026-05-09 20:17:08.369087+00,2026-05-15 09:27:26.619068+00,FALSE,,"[{""k"":[{""stats"":{""flag_rate"":0,""created_on"":""2026-05-16T00:00:00Z""},""value"":2}],""company"":{""name"":""Summit Strategy""}}]",wages
57,6401 Employee Wages,opex,fixed,,,0.15,,,,,2026-05-09 20:17:08.369087+00,2026-05-15 09:27:26.619068+00,FALSE,,"[{""k"":[{""stats"":{""flag_rate"":0,""created_on"":""2026-05-16T00:00:00Z""},""value"":2}],""company"":{""name"":""Summit Strategy""}}]",wages
58,64100 Wages,opex,fixed,,,0.15,,,,,2026-05-09 20:17:08.369087+00,2026-05-15 09:27:26.619068+00,FALSE,,"[{""k"":[{""stats"":{""flag_rate"":0,""created_on"":""2026-05-16T00:00:00Z""},""value"":2}],""company"":{""name"":""Summit Strategy""}}]",wages
59,6451 Salaries and Wages,opex,fixed,,,0.15,,,,,2026-05-09 20:17:08.369087+00,2026-05-15 09:27:26.619068+00,FALSE,,"[{""k"":[{""stats"":{""flag_rate"":0,""created_on"":""2026-05-16T00:00:00Z""},""value"":2}],""company"":{""name"":""Summit Strategy""}}]",wages
60,65101-000 Salaries and Wages,opex,fixed,,,0.15,,,,,2026-05-09 20:17:08.369087+00,2026-05-15 09:27:26.619068+00,FALSE,,"[{""k"":[{""stats"":{""flag_rate"":0,""created_on"":""2026-05-16T00:00:00Z""},""value"":2}],""company"":{""name"":""Summit Strategy""}}]",wages
61,6551 Salaries & Wages,opex,fixed,,,0.15,,,,,2026-05-09 20:17:08.369087+00,2026-05-15 09:27:26.619068+00,FALSE,,"[{""k"":[{""stats"":{""flag_rate"":0,""created_on"":""2026-05-16T00:00:00Z""},""value"":2}],""company"":{""name"":""Summit Strategy""}}]",wages
62,6701 Salaries & Wages,opex,fixed,,,0.15,,,,,2026-05-09 20:17:08.369087+00,2026-05-15 09:27:26.619068+00,FALSE,,"[{""k"":[{""stats"":{""flag_rate"":0,""created_on"":""2026-05-16T00:00:00Z""},""value"":2}],""company"":{""name"":""Summit Strategy""}}]",wages
63,5150 Direct Labor - Bonus,cogs,variable,,,0.15,,,,,2026-05-09 20:17:08.369087+00,2026-05-15 09:27:26.619068+00,FALSE,,"[{""k"":[{""stats"":{""flag_rate"":0,""created_on"":""2026-05-16T00:00:00Z""},""value"":2}],""company"":{""name"":""Summit Strategy""}}]",wages
64,5150 Direct Labor - Bonuses,cogs,variable,,,0.15,,,,,2026-05-09 20:17:08.369087+00,2026-05-15 09:27:26.619068+00,FALSE,,"[{""k"":[{""stats"":{""flag_rate"":0,""created_on"":""2026-05-16T00:00:00Z""},""value"":2}],""company"":{""name"":""Summit Strategy""}}]",wages
65,1-65520 Bonuses,opex,variable,,,0.15,,,,,2026-05-09 20:17:08.369087+00,2026-05-15 09:27:26.619068+00,FALSE,,"[{""k"":[{""stats"":{""flag_rate"":0,""created_on"":""2026-05-16T00:00:00Z""},""value"":2}],""company"":{""name"":""Summit Strategy""}}]",wages
67,3-65520 Bonuses,opex,variable,,,0.15,,,,,2026-05-09 20:17:08.369087+00,2026-05-15 09:27:26.619068+00,FALSE,,"[{""k"":[{""stats"":{""flag_rate"":0,""created_on"":""2026-05-16T00:00:00Z""},""value"":2}],""company"":{""name"":""Summit Strategy""}}]",wages
68,5023 DL - Bonus,cogs,variable,,,0.15,,,,,2026-05-09 20:17:08.369087+00,2026-05-15 09:27:26.619068+00,FALSE,,"[{""k"":[{""stats"":{""flag_rate"":0,""created_on"":""2026-05-16T00:00:00Z""},""value"":2}],""company"":{""name"":""Summit Strategy""}}]",wages
69,60005 Bonus,opex,variable,,,0.15,,,,,2026-05-09 20:17:08.369087+00,2026-05-15 09:27:26.619068+00,FALSE,,"[{""k"":[{""stats"":{""flag_rate"":0,""created_on"":""2026-05-16T00:00:00Z""},""value"":2}],""company"":{""name"":""Summit Strategy""}}]",wages
70,60006 Bonus,opex,variable,,,0.15,,,,,2026-05-09 20:17:08.369087+00,2026-05-15 09:27:26.619068+00,FALSE,,"[{""k"":[{""stats"":{""flag_rate"":0,""created_on"":""2026-05-16T00:00:00Z""},""value"":2}],""company"":{""name"":""Summit Strategy""}}]",wages
71,6004 Employee Bonus,opex,variable,,,0.15,,,,,2026-05-09 20:17:08.369087+00,2026-05-15 09:27:26.619068+00,FALSE,,"[{""k"":[{""stats"":{""flag_rate"":0,""created_on"":""2026-05-16T00:00:00Z""},""value"":2}],""company"":{""name"":""Summit Strategy""}}]",wages
72,60040 Bonus,opex,variable,,,0.15,,,,,2026-05-09 20:17:08.369087+00,2026-05-15 09:27:26.619068+00,FALSE,,"[{""k"":[{""stats"":{""flag_rate"":0,""created_on"":""2026-05-16T00:00:00Z""},""value"":2}],""company"":{""name"":""Summit Strategy""}}]",wages
73,60050 Bonus,opex,variable,"[{""company"":{""name"":""Summit Strategy""},""thresholds"":[{""value"":0.05,""confidence"":0,""created_on"":""2026-05-16T11:38:56Z"",""closing_month"":""03-2026""}]}]",,0.15,"[{""company"":{""name"":""Summit Strategy""},""history"":[{""12-2025"":26000},{""02-2026"":0}],""avg_absdelta"":1}]",,,,2026-05-09 20:17:08.369087+00,2026-05-15 09:27:26.619068+00,FALSE,,"[{""k"":[{""stats"":{""flag_rate"":1,""created_on"":""2026-05-16T00:00:00Z""},""value"":2}],""company"":{""name"":""Summit Strategy""}}]",wages
74,6009 Bonus,opex,variable,,,0.15,,,,,2026-05-09 20:17:08.369087+00,2026-05-15 09:27:26.619068+00,FALSE,,"[{""k"":[{""stats"":{""flag_rate"":0,""created_on"":""2026-05-16T00:00:00Z""},""value"":2}],""company"":{""name"":""Summit Strategy""}}]",wages
75,6023 Employee Bonus,opex,variable,,,0.15,,,,,2026-05-09 20:17:08.369087+00,2026-05-15 09:27:26.619068+00,FALSE,,"[{""k"":[{""stats"":{""flag_rate"":0,""created_on"":""2026-05-16T00:00:00Z""},""value"":2}],""company"":{""name"":""Summit Strategy""}}]",wages
76,6024 Employee PR - Bonuses,opex,variable,,,0.15,,,,,2026-05-09 20:17:08.369087+00,2026-05-15 09:27:26.619068+00,FALSE,,"[{""k"":[{""stats"":{""flag_rate"":0,""created_on"":""2026-05-16T00:00:00Z""},""value"":2}],""company"":{""name"":""Summit Strategy""}}]",wages
77,6025 Employee Bonuses,opex,variable,,,0.15,,,,,2026-05-09 20:17:08.369087+00,2026-05-15 09:27:26.619068+00,FALSE,,"[{""k"":[{""stats"":{""flag_rate"":0,""created_on"":""2026-05-16T00:00:00Z""},""value"":2}],""company"":{""name"":""Summit Strategy""}}]",wages
78,6111 Employee PR - Bonus,opex,variable,,,0.15,,,,,2026-05-09 20:17:08.369087+00,2026-05-15 09:27:26.619068+00,FALSE,,"[{""k"":[{""stats"":{""flag_rate"":0,""created_on"":""2026-05-16T00:00:00Z""},""value"":2}],""company"":{""name"":""Summit Strategy""}}]",wages
79,6359 Margin Bonus,opex,variable,,,0.15,,,,,2026-05-09 20:17:08.369087+00,2026-05-15 09:27:26.619068+00,FALSE,,"[{""k"":[{""stats"":{""flag_rate"":0,""created_on"":""2026-05-16T00:00:00Z""},""value"":2}],""company"":{""name"":""Summit Strategy""}}]",wages
80,6361 Bonus & Incentives,opex,variable,,,0.15,,,,,2026-05-09 20:17:08.369087+00,2026-05-15 09:27:26.619068+00,FALSE,,"[{""k"":[{""stats"":{""flag_rate"":0,""created_on"":""2026-05-16T00:00:00Z""},""value"":2}],""company"":{""name"":""Summit Strategy""}}]",wages
81,6404 Employee Bonus,opex,variable,,,0.15,,,,,2026-05-09 20:17:08.369087+00,2026-05-15 09:27:26.619068+00,FALSE,,"[{""k"":[{""stats"":{""flag_rate"":0,""created_on"":""2026-05-16T00:00:00Z""},""value"":2}],""company"":{""name"":""Summit Strategy""}}]",wages
82,64500 Bonus,opex,variable,,,0.15,,,,,2026-05-09 20:17:08.369087+00,2026-05-15 09:27:26.619068+00,FALSE,,"[{""k"":[{""stats"":{""flag_rate"":0,""created_on"":""2026-05-16T00:00:00Z""},""value"":2}],""company"":{""name"":""Summit Strategy""}}]",wages
83,6555 Bonus,opex,variable,,,0.15,,,,,2026-05-09 20:17:08.369087+00,2026-05-15 09:27:26.619068+00,FALSE,,"[{""k"":[{""stats"":{""flag_rate"":0,""created_on"":""2026-05-16T00:00:00Z""},""value"":2}],""company"":{""name"":""Summit Strategy""}}]",wages
84,6709 Bonus,opex,variable,,,0.15,,,,,2026-05-09 20:17:08.369087+00,2026-05-15 09:27:26.619068+00,FALSE,,"[{""k"":[{""stats"":{""flag_rate"":0,""created_on"":""2026-05-16T00:00:00Z""},""value"":2}],""company"":{""name"":""Summit Strategy""}}]",wages
85,60002 Officer Bonus,opex,variable,,,0.15,,,,,2026-05-09 20:17:08.369087+00,2026-05-15 09:27:26.619068+00,FALSE,,"[{""k"":[{""stats"":{""flag_rate"":0,""created_on"":""2026-05-16T00:00:00Z""},""value"":2}],""company"":{""name"":""Summit Strategy""}}]",
86,1-65550 Payroll Taxes,opex,fixed,,,0.15,,,,,2026-05-09 20:17:08.369087+00,2026-05-15 09:27:26.619068+00,FALSE,,"[{""k"":[{""stats"":{""flag_rate"":0,""created_on"":""2026-05-16T00:00:00Z""},""value"":2}],""company"":{""name"":""Summit Strategy""}}]",pr_taxes
115,3-65550 Payroll Taxes,opex,fixed,,,0.15,,,,,2026-05-09 20:17:08.369087+00,2026-05-15 09:27:26.619068+00,FALSE,,"[{""k"":[{""stats"":{""flag_rate"":0,""created_on"":""2026-05-16T00:00:00Z""},""value"":2}],""company"":{""name"":""Summit Strategy""}}]",pr_taxes
117,4-65550 Payroll Taxes,opex,fixed,,,0.15,,,,,2026-05-09 20:17:08.369087+00,2026-05-15 09:27:26.619068+00,FALSE,,"[{""k"":[{""stats"":{""flag_rate"":0,""created_on"":""2026-05-16T00:00:00Z""},""value"":2}],""company"":{""name"":""Summit Strategy""}}]",pr_taxes
118,5002 Direct Labor - Taxes,cogs,fixed,,,0.15,,,,,2026-05-09 20:17:08.369087+00,2026-05-15 09:27:26.619068+00,FALSE,,"[{""k"":[{""stats"":{""flag_rate"":0,""created_on"":""2026-05-16T00:00:00Z""},""value"":2}],""company"":{""name"":""Summit Strategy""}}]",pr_taxes
119,5002 Direct Payroll Taxes,cogs,fixed,,,0.15,,,,,2026-05-09 20:17:08.369087+00,2026-05-15 09:27:26.619068+00,FALSE,,"[{""k"":[{""stats"":{""flag_rate"":0,""created_on"":""2026-05-16T00:00:00Z""},""value"":2}],""company"":{""name"":""Summit Strategy""}}]",pr_taxes
120,5005 Direct Support Payroll Taxes,cogs,fixed,,,0.15,,,,,2026-05-09 20:17:08.369087+00,2026-05-15 09:27:26.619068+00,FALSE,,"[{""k"":[{""stats"":{""flag_rate"":0,""created_on"":""2026-05-16T00:00:00Z""},""value"":2}],""company"":{""name"":""Summit Strategy""}}]",pr_taxes
121,5102 Direct Labor PR - Taxes,cogs,fixed,,,0.15,,,,,2026-05-09 20:17:08.369087+00,2026-05-15 09:27:26.619068+00,FALSE,,"[{""k"":[{""stats"":{""flag_rate"":0,""created_on"":""2026-05-16T00:00:00Z""},""value"":2}],""company"":{""name"":""Summit Strategy""}}]",pr_taxes
122,5102 Direct Payroll Taxes,cogs,fixed,,,0.15,,,,,2026-05-09 20:17:08.369087+00,2026-05-15 09:27:26.619068+00,FALSE,,"[{""k"":[{""stats"":{""flag_rate"":0,""created_on"":""2026-05-16T00:00:00Z""},""value"":2}],""company"":{""name"":""Summit Strategy""}}]",pr_taxes
123,51120-000 Payroll Taxes,cogs,fixed,,,0.15,,,,,2026-05-09 20:17:08.369087+00,2026-05-15 09:27:26.619068+00,FALSE,,"[{""k"":[{""stats"":{""flag_rate"":0,""created_on"":""2026-05-16T00:00:00Z""},""value"":2}],""company"":{""name"":""Summit Strategy""}}]",pr_taxes
124,5120 Direct Labor - Taxes,cogs,fixed,,,0.15,,,,,2026-05-09 20:17:08.369087+00,2026-05-15 09:27:26.619068+00,FALSE,,"[{""k"":[{""stats"":{""flag_rate"":0,""created_on"":""2026-05-16T00:00:00Z""},""value"":2}],""company"":{""name"":""Summit Strategy""}}]",pr_taxes
125,52103-000 Payroll Taxes,cogs,fixed,,,0.15,,,,,2026-05-09 20:17:08.369087+00,2026-05-15 09:27:26.619068+00,FALSE,,"[{""k"":[{""stats"":{""flag_rate"":0,""created_on"":""2026-05-16T00:00:00Z""},""value"":2}],""company"":{""name"":""Summit Strategy""}}]",pr_taxes
126,53103-000 Payroll Taxes,cogs,fixed,,,0.15,,,,,2026-05-09 20:17:08.369087+00,2026-05-15 09:27:26.619068+00,FALSE,,"[{""k"":[{""stats"":{""flag_rate"":0,""created_on"":""2026-05-16T00:00:00Z""},""value"":2}],""company"":{""name"":""Summit Strategy""}}]",pr_taxes
127,5320 Payroll Taxes - Direct,cogs,fixed,,,0.15,,,,,2026-05-09 20:17:08.369087+00,2026-05-15 09:27:26.619068+00,FALSE,,"[{""k"":[{""stats"":{""flag_rate"":0,""created_on"":""2026-05-16T00:00:00Z""},""value"":2}],""company"":{""name"":""Summit Strategy""}}]",pr_taxes
128,60003 Payroll Taxes,opex,fixed,,,0.15,,,,,2026-05-09 20:17:08.369087+00,2026-05-15 09:27:26.619068+00,FALSE,,"[{""k"":[{""stats"":{""flag_rate"":0,""created_on"":""2026-05-16T00:00:00Z""},""value"":2}],""company"":{""name"":""Summit Strategy""}}]",pr_taxes
129,60005 Payroll Taxes,opex,fixed,,,0.15,,,,,2026-05-09 20:17:08.369087+00,2026-05-15 09:27:26.619068+00,FALSE,,"[{""k"":[{""stats"":{""flag_rate"":0,""created_on"":""2026-05-16T00:00:00Z""},""value"":2}],""company"":{""name"":""Summit Strategy""}}]",pr_taxes
130,60014-000 Payroll Taxes,opex,fixed,,,0.15,,,,,2026-05-09 20:17:08.369087+00,2026-05-15 09:27:26.619068+00,FALSE,,"[{""k"":[{""stats"":{""flag_rate"":0,""created_on"":""2026-05-16T00:00:00Z""},""value"":2}],""company"":{""name"":""Summit Strategy""}}]",pr_taxes
131,6002 Payroll Taxes,opex,fixed,,,0.15,,,,,2026-05-09 20:17:08.369087+00,2026-05-15 09:27:26.619068+00,FALSE,,"[{""k"":[{""stats"":{""flag_rate"":0,""created_on"":""2026-05-16T00:00:00Z""},""value"":2}],""company"":{""name"":""Summit Strategy""}}]",pr_taxes
132,60020 Payroll Taxes,opex,fixed,,,0.15,,,,,2026-05-09 20:17:08.369087+00,2026-05-15 09:27:26.619068+00,FALSE,,"[{""k"":[{""stats"":{""flag_rate"":0,""created_on"":""2026-05-16T00:00:00Z""},""value"":2}],""company"":{""name"":""Summit Strategy""}}]",pr_taxes
133,60030 Payroll Taxes,opex,fixed,"[{""company"":{""name"":""Summit Strategy""},""thresholds"":[{""value"":0.9628779175583333,""confidence"":0,""created_on"":""2026-05-16T11:38:56Z"",""closing_month"":""03-2026""},{""value"":0.64,""confidence"":0,""created_on"":""2026-05-20T13:56:14Z"",""closing_month"":""03-2026""},{""value"":0.64,""confidence"":0,""created_on"":""2026-05-20T14:57:45Z"",""closing_month"":""03-2026""}]}]",,0.15,"[{""company"":{""name"":""Summit Strategy""},""history"":[{""11-2025"":2211.45},{""12-2025"":2974.76},{""01-2026"":5383.17},{""02-2026"":2359.73},{""03-2026"":2401.57},{""10-2025"":2543.11}],""avg_absdelta"":0.37,""coefficient_of_variation"":0.77}]",,,,2026-05-09 20:17:08.369087+00,2026-05-15 09:27:26.619068+00,FALSE,,"[{""k"":[{""stats"":{""flag_rate"":0.2,""created_on"":""2026-05-16T00:00:00Z""},""value"":2}],""company"":{""name"":""Summit Strategy""}}]",pr_taxes
134,6007 Payroll Taxes,opex,fixed,,,0.15,,,,,2026-05-09 20:17:08.369087+00,2026-05-15 09:27:26.619068+00,FALSE,,"[{""k"":[{""stats"":{""flag_rate"":0,""created_on"":""2026-05-16T00:00:00Z""},""value"":2}],""company"":{""name"":""Summit Strategy""}}]",pr_taxes
135,6022 Employee PR - Taxes,opex,variable,,,0.15,,,,,2026-05-09 20:17:08.369087+00,2026-05-15 09:27:26.619068+00,FALSE,,"[{""k"":[{""stats"":{""flag_rate"":0,""created_on"":""2026-05-16T00:00:00Z""},""value"":2}],""company"":{""name"":""Summit Strategy""}}]",pr_taxes
136,6022 Employee Taxes,opex,variable,,,0.15,,,,,2026-05-09 20:17:08.369087+00,2026-05-15 09:27:26.619068+00,FALSE,,"[{""k"":[{""stats"":{""flag_rate"":0,""created_on"":""2026-05-16T00:00:00Z""},""value"":2}],""company"":{""name"":""Summit Strategy""}}]",pr_taxes
137,6023 Payroll Tax Expense,opex,fixed,,,0.15,,,,,2026-05-09 20:17:08.369087+00,2026-05-15 09:27:26.619068+00,FALSE,,"[{""k"":[{""stats"":{""flag_rate"":0,""created_on"":""2026-05-16T00:00:00Z""},""value"":2}],""company"":{""name"":""Summit Strategy""}}]",pr_taxes
138,6102 Employee PR - Taxes,opex,variable,,,0.15,,,,,2026-05-09 20:17:08.369087+00,2026-05-15 09:27:26.619068+00,FALSE,,"[{""k"":[{""stats"":{""flag_rate"":0,""created_on"":""2026-05-16T00:00:00Z""},""value"":2}],""company"":{""name"":""Summit Strategy""}}]",pr_taxes
139,6120 Employee PR - Taxes,opex,variable,,,0.15,,,,,2026-05-09 20:17:08.369087+00,2026-05-15 09:27:26.619068+00,FALSE,,"[{""k"":[{""stats"":{""flag_rate"":0,""created_on"":""2026-05-16T00:00:00Z""},""value"":2}],""company"":{""name"":""Summit Strategy""}}]",pr_taxes
140,6354 Payroll Taxes,opex,fixed,,,0.15,,,,,2026-05-09 20:17:08.369087+00,2026-05-15 09:27:26.619068+00,FALSE,,"[{""k"":[{""stats"":{""flag_rate"":0,""created_on"":""2026-05-16T00:00:00Z""},""value"":2}],""company"":{""name"":""Summit Strategy""}}]",pr_taxes
141,6402 Employee Taxes,opex,variable,,,0.15,,,,,2026-05-09 20:17:08.369087+00,2026-05-15 09:27:26.619068+00,FALSE,,"[{""k"":[{""stats"":{""flag_rate"":0,""created_on"":""2026-05-16T00:00:00Z""},""value"":2}],""company"":{""name"":""Summit Strategy""}}]",pr_taxes
142,6452 Payroll Taxes,opex,fixed,,,0.15,,,,,2026-05-09 20:17:08.369087+00,2026-05-15 09:27:26.619068+00,FALSE,,"[{""k"":[{""stats"":{""flag_rate"":0,""created_on"":""2026-05-16T00:00:00Z""},""value"":2}],""company"":{""name"":""Summit Strategy""}}]",pr_taxes
143,65102-000 Payroll Taxes,opex,fixed,,,0.15,,,,,2026-05-09 20:17:08.369087+00,2026-05-15 09:27:26.619068+00,FALSE,,"[{""k"":[{""stats"":{""flag_rate"":0,""created_on"":""2026-05-16T00:00:00Z""},""value"":2}],""company"":{""name"":""Summit Strategy""}}]",pr_taxes
144,6703 Payroll Taxes,opex,fixed,,,0.15,,,,,2026-05-09 20:17:08.369087+00,2026-05-15 09:27:26.619068+00,FALSE,,"[{""k"":[{""stats"":{""flag_rate"":0,""created_on"":""2026-05-16T00:00:00Z""},""value"":2}],""company"":{""name"":""Summit Strategy""}}]",pr_taxes
145,62000 Business Licenses and Taxes,opex,variable,,,0.15,,,,,2026-05-09 20:17:08.369087+00,2026-05-15 09:27:26.619068+00,FALSE,,"[{""k"":[{""stats"":{""flag_rate"":0,""created_on"":""2026-05-16T00:00:00Z""},""value"":2}],""company"":{""name"":""Summit Strategy""}}]",
146,1-65510 Payroll Processing Fees,opex,fixed,,,0.15,,,,,2026-05-09 20:17:08.369087+00,2026-05-15 09:27:26.619068+00,FALSE,,"[{""k"":[{""stats"":{""flag_rate"":0,""created_on"":""2026-05-16T00:00:00Z""},""value"":2}],""company"":{""name"":""Summit Strategy""}}]",pr_fees
147,3-65510 Payroll Processing Fees,opex,fixed,,,0.15,,,,,2026-05-09 20:17:08.369087+00,2026-05-15 09:27:26.619068+00,FALSE,,"[{""k"":[{""stats"":{""flag_rate"":0,""created_on"":""2026-05-16T00:00:00Z""},""value"":2}],""company"":{""name"":""Summit Strategy""}}]",pr_fees
148,4-65510 Payroll Processing Fees,opex,fixed,,,0.15,,,,,2026-05-09 20:17:08.369087+00,2026-05-15 09:27:26.619068+00,FALSE,,"[{""k"":[{""stats"":{""flag_rate"":0,""created_on"":""2026-05-16T00:00:00Z""},""value"":2}],""company"":{""name"":""Summit Strategy""}}]",pr_fees
149,60004 Payroll Processing Fee,opex,fixed,,,0.15,,,,,2026-05-09 20:17:08.369087+00,2026-05-15 09:27:26.619068+00,FALSE,,"[{""k"":[{""stats"":{""flag_rate"":0,""created_on"":""2026-05-16T00:00:00Z""},""value"":2}],""company"":{""name"":""Summit Strategy""}}]",pr_fees
150,60005 Payroll Fee,opex,fixed,,,0.15,,,,,2026-05-09 20:17:08.369087+00,2026-05-15 09:27:26.619068+00,FALSE,,"[{""k"":[{""stats"":{""flag_rate"":0,""created_on"":""2026-05-16T00:00:00Z""},""value"":2}],""company"":{""name"":""Summit Strategy""}}]",pr_fees
151,60006 Payroll Processing Fees,opex,fixed,,,0.15,,,,,2026-05-09 20:17:08.369087+00,2026-05-15 09:27:26.619068+00,FALSE,,"[{""k"":[{""stats"":{""flag_rate"":0,""created_on"":""2026-05-16T00:00:00Z""},""value"":2}],""company"":{""name"":""Summit Strategy""}}]",pr_fees
152,6004 Payroll Fees,opex,fixed,,,0.15,,,,,2026-05-09 20:17:08.369087+00,2026-05-15 09:27:26.619068+00,FALSE,,"[{""k"":[{""stats"":{""flag_rate"":0,""created_on"":""2026-05-16T00:00:00Z""},""value"":2}],""company"":{""name"":""Summit Strategy""}}]",pr_fees
153,6006 Payroll Processing Fees,opex,fixed,,,0.15,,,,,2026-05-09 20:17:08.369087+00,2026-05-15 09:27:26.619068+00,FALSE,,"[{""k"":[{""stats"":{""flag_rate"":0,""created_on"":""2026-05-16T00:00:00Z""},""value"":2}],""company"":{""name"":""Summit Strategy""}}]",pr_fees
154,60060 Payroll Fees,opex,fixed,"[{""company"":{""name"":""Summit Strategy""},""thresholds"":[{""value"":0.05,""confidence"":0,""created_on"":""2026-05-16T11:38:56Z"",""closing_month"":""03-2026""},{""value"":0.15,""confidence"":0,""created_on"":""2026-05-20T13:56:23Z"",""closing_month"":""03-2026""},{""value"":0.15,""confidence"":0,""created_on"":""2026-05-20T14:57:55Z"",""closing_month"":""03-2026""}]}]",,0.15,"[{""company"":{""name"":""Summit Strategy""},""history"":[{""10-2025"":300.47},{""11-2025"":140},{""12-2025"":140},{""01-2026"":140},{""02-2026"":140},{""03-2026"":140}],""avg_absdelta"":0.11,""coefficient_of_variation"":2}]",,,,2026-05-09 20:17:08.369087+00,2026-05-15 09:27:26.619068+00,FALSE,,"[{""k"":[{""stats"":{""flag_rate"":0.2,""created_on"":""2026-05-16T00:00:00Z""},""value"":2}],""company"":{""name"":""Summit Strategy""}}]",pr_fees
155,6008 Payroll Fees,opex,fixed,,,0.15,,,,,2026-05-09 20:17:08.369087+00,2026-05-15 09:27:26.619068+00,FALSE,,"[{""k"":[{""stats"":{""flag_rate"":0,""created_on"":""2026-05-16T00:00:00Z""},""value"":2}],""company"":{""name"":""Summit Strategy""}}]",pr_fees
156,6009 401K Processing Fee,opex,variable,,,0.15,,,,,2026-05-09 20:17:08.369087+00,2026-05-15 09:27:26.619068+00,FALSE,,"[{""k"":[{""stats"":{""flag_rate"":0,""created_on"":""2026-05-16T00:00:00Z""},""value"":2}],""company"":{""name"":""Summit Strategy""}}]",pr_fees
157,6025 Payroll Fees,opex,fixed,,,0.15,,,,,2026-05-09 20:17:08.369087+00,2026-05-15 09:27:26.619068+00,FALSE,,"[{""k"":[{""stats"":{""flag_rate"":0,""created_on"":""2026-05-16T00:00:00Z""},""value"":2}],""company"":{""name"":""Summit Strategy""}}]",pr_fees
158,6030 Payroll Fees,opex,fixed,,,0.15,,,,,2026-05-09 20:17:08.369087+00,2026-05-15 09:27:26.619068+00,FALSE,,"[{""k"":[{""stats"":{""flag_rate"":0,""created_on"":""2026-05-16T00:00:00Z""},""value"":2}],""company"":{""name"":""Summit Strategy""}}]",pr_fees
159,6030 Payroll Processing Fees,opex,fixed,,,0.15,,,,,2026-05-09 20:17:08.369087+00,2026-05-15 09:27:26.619068+00,FALSE,,"[{""k"":[{""stats"":{""flag_rate"":0,""created_on"":""2026-05-16T00:00:00Z""},""value"":2}],""company"":{""name"":""Summit Strategy""}}]",pr_fees
160,6031 401K Processing Fee,opex,variable,,,0.15,,,,,2026-05-09 20:17:08.369087+00,2026-05-15 09:27:26.619068+00,FALSE,,"[{""k"":[{""stats"":{""flag_rate"":0,""created_on"":""2026-05-16T00:00:00Z""},""value"":2}],""company"":{""name"":""Summit Strategy""}}]",pr_fees
161,6032 Payroll Fees - HSA,opex,fixed,,,0.15,,,,,2026-05-09 20:17:08.369087+00,2026-05-15 09:27:26.619068+00,FALSE,,"[{""k"":[{""stats"":{""flag_rate"":0,""created_on"":""2026-05-16T00:00:00Z""},""value"":2}],""company"":{""name"":""Summit Strategy""}}]",pr_fees
162,6110 Payroll Fees,opex,fixed,,,0.15,,,,,2026-05-09 20:17:08.369087+00,2026-05-15 09:27:26.619068+00,FALSE,,"[{""k"":[{""stats"":{""flag_rate"":0,""created_on"":""2026-05-16T00:00:00Z""},""value"":2}],""company"":{""name"":""Summit Strategy""}}]",pr_fees
163,6200 Payroll Processing Fees,opex,fixed,,,0.15,,,,,2026-05-09 20:17:08.369087+00,2026-05-15 09:27:26.619068+00,FALSE,,"[{""k"":[{""stats"":{""flag_rate"":0,""created_on"":""2026-05-16T00:00:00Z""},""value"":2}],""company"":{""name"":""Summit Strategy""}}]",pr_fees
164,6355 Payroll Fees,opex,fixed,,,0.15,,,,,2026-05-09 20:17:08.369087+00,2026-05-15 09:27:26.619068+00,FALSE,,"[{""k"":[{""stats"":{""flag_rate"":0,""created_on"":""2026-05-16T00:00:00Z""},""value"":2}],""company"":{""name"":""Summit Strategy""}}]",pr_fees
165,6403 Payroll Fees,opex,fixed,,,0.15,,,,,2026-05-09 20:17:08.369087+00,2026-05-15 09:27:26.619068+00,FALSE,,"[{""k"":[{""stats"":{""flag_rate"":0,""created_on"":""2026-05-16T00:00:00Z""},""value"":2}],""company"":{""name"":""Summit Strategy""}}]",pr_fees
166,6407 ADP Payroll Fees,opex,fixed,,,0.15,,,,,2026-05-09 20:17:08.369087+00,2026-05-15 09:27:26.619068+00,FALSE,,"[{""k"":[{""stats"":{""flag_rate"":0,""created_on"":""2026-05-16T00:00:00Z""},""value"":2}],""company"":{""name"":""Summit Strategy""}}]",pr_fees
167,6453 Payroll Processing Fees,opex,fixed,,,0.15,,,,,2026-05-09 20:17:08.369087+00,2026-05-15 09:27:26.619068+00,FALSE,,"[{""k"":[{""stats"":{""flag_rate"":0,""created_on"":""2026-05-16T00:00:00Z""},""value"":2}],""company"":{""name"":""Summit Strategy""}}]",pr_fees
168,65108-000 Payroll Processing Fees,opex,fixed,,,0.15,,,,,2026-05-09 20:17:08.369087+00,2026-05-15 09:27:26.619068+00,FALSE,,"[{""k"":[{""stats"":{""flag_rate"":0,""created_on"":""2026-05-16T00:00:00Z""},""value"":2}],""company"":{""name"":""Summit Strategy""}}]",pr_fees
169,6558 Payroll Processing Fee,opex,fixed,,,0.15,,,,,2026-05-09 20:17:08.369087+00,2026-05-15 09:27:26.619068+00,FALSE,,"[{""k"":[{""stats"":{""flag_rate"":0,""created_on"":""2026-05-16T00:00:00Z""},""value"":2}],""company"":{""name"":""Summit Strategy""}}]",pr_fees
170,6708 Payroll Processing Fees,opex,fixed,,,0.15,,,,,2026-05-09 20:17:08.369087+00,2026-05-15 09:27:26.619068+00,FALSE,,"[{""k"":[{""stats"":{""flag_rate"":0,""created_on"":""2026-05-16T00:00:00Z""},""value"":2}],""company"":{""name"":""Summit Strategy""}}]",pr_fees
172,1-61000 Dues and Subscriptions,opex,fixed,,,0.15,,,,,2026-05-09 20:17:08.369087+00,2026-05-15 09:27:26.619068+00,FALSE,,"[{""k"":[{""stats"":{""flag_rate"":0,""created_on"":""2026-05-16T00:00:00Z""},""value"":2}],""company"":{""name"":""Summit Strategy""}}]",subscriptions
181,2-61000 Dues and Subscriptions,opex,fixed,,,0.15,,,,,2026-05-09 20:17:08.369087+00,2026-05-15 09:27:26.619068+00,FALSE,,"[{""k"":[{""stats"":{""flag_rate"":0,""created_on"":""2026-05-16T00:00:00Z""},""value"":2}],""company"":{""name"":""Summit Strategy""}}]",subscriptions
182,3-61000 Dues and Subscriptions,opex,fixed,,,0.15,,,,,2026-05-09 20:17:08.369087+00,2026-05-15 09:27:26.619068+00,FALSE,,"[{""k"":[{""stats"":{""flag_rate"":0,""created_on"":""2026-05-16T00:00:00Z""},""value"":2}],""company"":{""name"":""Summit Strategy""}}]",subscriptions
183,4-64600 Dues & Subscriptions,opex,fixed,,,0.15,,,,,2026-05-09 20:17:08.369087+00,2026-05-15 09:27:26.619068+00,FALSE,,"[{""k"":[{""stats"":{""flag_rate"":0,""created_on"":""2026-05-16T00:00:00Z""},""value"":2}],""company"":{""name"":""Summit Strategy""}}]",subscriptions
184,40000 Membership Dues,revenue,variable,,,0.15,,,,,2026-05-09 20:17:08.369087+00,2026-05-15 09:27:26.619068+00,FALSE,,"[{""k"":[{""stats"":{""flag_rate"":0,""created_on"":""2026-05-16T00:00:00Z""},""value"":2}],""company"":{""name"":""Summit Strategy""}}]",subscriptions
185,40100-000 Membership Dues,revenue,variable,,,0.15,,,,,2026-05-09 20:17:08.369087+00,2026-05-15 09:27:26.619068+00,FALSE,,"[{""k"":[{""stats"":{""flag_rate"":0,""created_on"":""2026-05-16T00:00:00Z""},""value"":2}],""company"":{""name"":""Summit Strategy""}}]",subscriptions
186,40100-008 Community Subscription,revenue,variable,,,0.15,,,,,2026-05-09 20:17:08.369087+00,2026-05-15 09:27:26.619068+00,FALSE,,"[{""k"":[{""stats"":{""flag_rate"":0,""created_on"":""2026-05-16T00:00:00Z""},""value"":2}],""company"":{""name"":""Summit Strategy""}}]",subscriptions
187,50020 Software and Tools Subsc...,cogs,fixed,,,0.15,,,,,2026-05-09 20:17:08.369087+00,2026-05-15 09:27:26.619068+00,FALSE,,"[{""k"":[{""stats"":{""flag_rate"":0,""created_on"":""2026-05-16T00:00:00Z""},""value"":2}],""company"":{""name"":""Summit Strategy""}}]",subscriptions
188,5003 Software & Apps - COGS,cogs,variable,,,0.15,,,,,2026-05-09 20:17:08.369087+00,2026-05-15 09:27:26.619068+00,FALSE,,"[{""k"":[{""stats"":{""flag_rate"":0,""created_on"":""2026-05-16T00:00:00Z""},""value"":2}],""company"":{""name"":""Summit Strategy""}}]",subscriptions
189,5004 SaaS Software,cogs,fixed,,,0.15,,,,,2026-05-09 20:17:08.369087+00,2026-05-15 09:27:26.619068+00,FALSE,,"[{""k"":[{""stats"":{""flag_rate"":0,""created_on"":""2026-05-16T00:00:00Z""},""value"":2}],""company"":{""name"":""Summit Strategy""}}]",subscriptions
190,5004 Software & App COGS,cogs,variable,,,0.15,,,,,2026-05-09 20:17:08.369087+00,2026-05-15 09:27:26.619068+00,FALSE,,"[{""k"":[{""stats"":{""flag_rate"":0,""created_on"":""2026-05-16T00:00:00Z""},""value"":2}],""company"":{""name"":""Summit Strategy""}}]",subscriptions
191,5005 Software & App COGS,cogs,variable,,,0.15,,,,,2026-05-09 20:17:08.369087+00,2026-05-15 09:27:26.619068+00,FALSE,,"[{""k"":[{""stats"":{""flag_rate"":0,""created_on"":""2026-05-16T00:00:00Z""},""value"":2}],""company"":{""name"":""Summit Strategy""}}]",subscriptions
192,5040 Software COGS - Apps & Other,cogs,variable,,,0.15,,,,,2026-05-09 20:17:08.369087+00,2026-05-15 09:27:26.619068+00,FALSE,,"[{""k"":[{""stats"":{""flag_rate"":0,""created_on"":""2026-05-16T00:00:00Z""},""value"":2}],""company"":{""name"":""Summit Strategy""}}]",subscriptions
193,5200 Production Software,cogs,variable,,,0.15,,,,,2026-05-09 20:17:08.369087+00,2026-05-15 09:27:26.619068+00,FALSE,,"[{""k"":[{""stats"":{""flag_rate"":0,""created_on"":""2026-05-16T00:00:00Z""},""value"":2}],""company"":{""name"":""Summit Strategy""}}]",subscriptions
194,5210 Software & Subscriptions,cogs,fixed,,,0.15,,,,,2026-05-09 20:17:08.369087+00,2026-05-15 09:27:26.619068+00,FALSE,,"[{""k"":[{""stats"":{""flag_rate"":0,""created_on"":""2026-05-16T00:00:00Z""},""value"":2}],""company"":{""name"":""Summit Strategy""}}]",subscriptions
195,6004 Office Supplies & Software,opex,variable,,,0.15,,,,,2026-05-09 20:17:08.369087+00,2026-05-15 09:27:26.619068+00,FALSE,,"[{""k"":[{""stats"":{""flag_rate"":0,""created_on"":""2026-05-16T00:00:00Z""},""value"":2}],""company"":{""name"":""Summit Strategy""}}]",subscriptions
196,60101-000 Dues and Subscriptions,opex,fixed,,,0.15,,,,,2026-05-09 20:17:08.369087+00,2026-05-15 09:27:26.619068+00,FALSE,,"[{""k"":[{""stats"":{""flag_rate"":0,""created_on"":""2026-05-16T00:00:00Z""},""value"":2}],""company"":{""name"":""Summit Strategy""}}]",subscriptions
197,6040 Dues & Membership,opex,fixed,,,0.15,,,,,2026-05-09 20:17:08.369087+00,2026-05-15 09:27:26.619068+00,FALSE,,"[{""k"":[{""stats"":{""flag_rate"":0,""created_on"":""2026-05-16T00:00:00Z""},""value"":2}],""company"":{""name"":""Summit Strategy""}}]",subscriptions
198,6041 Douglas Elliman Dues,opex,fixed,,,0.15,,,,,2026-05-09 20:17:08.369087+00,2026-05-15 09:27:26.619068+00,FALSE,,"[{""k"":[{""stats"":{""flag_rate"":0,""created_on"":""2026-05-16T00:00:00Z""},""value"":2}],""company"":{""name"":""Summit Strategy""}}]",subscriptions
199,6045 Other Dues & Memberships,opex,fixed,,,0.15,,,,,2026-05-09 20:17:08.369087+00,2026-05-15 09:27:26.619068+00,FALSE,,"[{""k"":[{""stats"":{""flag_rate"":0,""created_on"":""2026-05-16T00:00:00Z""},""value"":2}],""company"":{""name"":""Summit Strategy""}}]",subscriptions
200,60500 Dues and Subscriptions,opex,fixed,,,0.15,,,,,2026-05-09 20:17:08.369087+00,2026-05-15 09:27:26.619068+00,FALSE,,"[{""k"":[{""stats"":{""flag_rate"":0,""created_on"":""2026-05-16T00:00:00Z""},""value"":2}],""company"":{""name"":""Summit Strategy""}}]",subscriptions
201,6052 Association Dues,opex,fixed,,,0.15,,,,,2026-05-09 20:17:08.369087+00,2026-05-15 09:27:26.619068+00,FALSE,,"[{""k"":[{""stats"":{""flag_rate"":0,""created_on"":""2026-05-16T00:00:00Z""},""value"":2}],""company"":{""name"":""Summit Strategy""}}]",subscriptions
202,6055 Dues and Subscriptions,opex,fixed,,,0.15,,,,,2026-05-09 20:17:08.369087+00,2026-05-15 09:27:26.619068+00,FALSE,,"[{""k"":[{""stats"":{""flag_rate"":0,""created_on"":""2026-05-16T00:00:00Z""},""value"":2}],""company"":{""name"":""Summit Strategy""}}]",subscriptions
203,6063 Software Expenses,opex,fixed,,,0.15,,,,,2026-05-09 20:17:08.369087+00,2026-05-15 09:27:26.619068+00,FALSE,,"[{""k"":[{""stats"":{""flag_rate"":0,""created_on"":""2026-05-16T00:00:00Z""},""value"":2}],""company"":{""name"":""Summit Strategy""}}]",subscriptions
204,6100 Dues and Subscriptions,opex,fixed,,,0.15,,,,,2026-05-09 20:17:08.369087+00,2026-05-15 09:27:26.619068+00,FALSE,,"[{""k"":[{""stats"":{""flag_rate"":0,""created_on"":""2026-05-16T00:00:00Z""},""value"":2}],""company"":{""name"":""Summit Strategy""}}]",subscriptions
205,6101 Computer Software,opex,fixed,,,0.15,,,,,2026-05-09 20:17:08.369087+00,2026-05-15 09:27:26.619068+00,FALSE,,"[{""k"":[{""stats"":{""flag_rate"":0,""created_on"":""2026-05-16T00:00:00Z""},""value"":2}],""company"":{""name"":""Summit Strategy""}}]",subscriptions
206,6101 Dues & Subscriptions,opex,fixed,,,0.15,,,,,2026-05-09 20:17:08.369087+00,2026-05-15 09:27:26.619068+00,FALSE,,"[{""k"":[{""stats"":{""flag_rate"":0,""created_on"":""2026-05-16T00:00:00Z""},""value"":2}],""company"":{""name"":""Summit Strategy""}}]",subscriptions
207,6130 Dues & Subscriptions,opex,fixed,,,0.15,,,,,2026-05-09 20:17:08.369087+00,2026-05-15 09:27:26.619068+00,FALSE,,"[{""k"":[{""stats"":{""flag_rate"":0,""created_on"":""2026-05-16T00:00:00Z""},""value"":2}],""company"":{""name"":""Summit Strategy""}}]",subscriptions
208,6151 Dues & Subscriptions,opex,fixed,,,0.15,,,,,2026-05-09 20:17:08.369087+00,2026-05-15 09:27:26.619068+00,FALSE,,"[{""k"":[{""stats"":{""flag_rate"":0,""created_on"":""2026-05-16T00:00:00Z""},""value"":2}],""company"":{""name"":""Summit Strategy""}}]",subscriptions
209,6152 Software & Applications,opex,fixed,,,0.15,,,,,2026-05-09 20:17:08.369087+00,2026-05-15 09:27:26.619068+00,FALSE,,"[{""k"":[{""stats"":{""flag_rate"":0,""created_on"":""2026-05-16T00:00:00Z""},""value"":2}],""company"":{""name"":""Summit Strategy""}}]",subscriptions
210,6153 Dues & Subscriptions,opex,fixed,,,0.15,,,,,2026-05-09 20:17:08.369087+00,2026-05-15 09:27:26.619068+00,FALSE,,"[{""k"":[{""stats"":{""flag_rate"":0,""created_on"":""2026-05-16T00:00:00Z""},""value"":2}],""company"":{""name"":""Summit Strategy""}}]",subscriptions
211,6155 Office Software,opex,fixed,,,0.15,,,,,2026-05-09 20:17:08.369087+00,2026-05-15 09:27:26.619068+00,FALSE,,"[{""k"":[{""stats"":{""flag_rate"":0,""created_on"":""2026-05-16T00:00:00Z""},""value"":2}],""company"":{""name"":""Summit Strategy""}}]",subscriptions
212,6155 Software & Apps,opex,fixed,,,0.15,,,,,2026-05-09 20:17:08.369087+00,2026-05-15 09:27:26.619068+00,FALSE,,"[{""k"":[{""stats"":{""flag_rate"":0,""created_on"":""2026-05-16T00:00:00Z""},""value"":2}],""company"":{""name"":""Summit Strategy""}}]",subscriptions
213,61550 Software & Apps,opex,fixed,"[{""company"":{""name"":""Summit Strategy""},""thresholds"":[{""value"":0.4696327651234009,""confidence"":0,""created_on"":""2026-05-16T11:38:56Z"",""closing_month"":""03-2026""},{""value"":0.31,""confidence"":0,""created_on"":""2026-05-20T13:56:23Z"",""closing_month"":""03-2026""},{""value"":0.31,""confidence"":0,""created_on"":""2026-05-20T14:57:55Z"",""closing_month"":""03-2026""}]}]",,0.15,"[{""company"":{""name"":""Summit Strategy""},""history"":[{""02-2026"":2949.16},{""03-2026"":3773.41},{""10-2025"":1481.31},{""11-2025"":1616.26},{""12-2025"":2578.11},{""01-2026"":3026.44}],""avg_absdelta"":0.23,""coefficient_of_variation"":0.86}]",,,,2026-05-09 20:17:08.369087+00,2026-05-15 09:27:26.619068+00,FALSE,,"[{""k"":[{""stats"":{""flag_rate"":0.2,""created_on"":""2026-05-16T00:00:00Z""},""value"":2}],""company"":{""name"":""Summit Strategy""}}]",subscriptions
214,6158 Software & Apps,opex,fixed,,,0.15,,,,,2026-05-09 20:17:08.369087+00,2026-05-15 09:27:26.619068+00,FALSE,,"[{""k"":[{""stats"":{""flag_rate"":0,""created_on"":""2026-05-16T00:00:00Z""},""value"":2}],""company"":{""name"":""Summit Strategy""}}]",subscriptions
215,6158 Software & apps,opex,fixed,,,0.15,,,,,2026-05-09 20:17:08.369087+00,2026-05-15 09:27:26.619068+00,FALSE,,"[{""k"":[{""stats"":{""flag_rate"":0,""created_on"":""2026-05-16T00:00:00Z""},""value"":2}],""company"":{""name"":""Summit Strategy""}}]",subscriptions
216,6200 Computer Software & Inter...,opex,fixed,,,0.15,,,,,2026-05-09 20:17:08.369087+00,2026-05-15 09:27:26.619068+00,FALSE,,"[{""k"":[{""stats"":{""flag_rate"":0,""created_on"":""2026-05-16T00:00:00Z""},""value"":2}],""company"":{""name"":""Summit Strategy""}}]",subscriptions
217,6200 Dues and Subscriptions,opex,fixed,,,0.15,,,,,2026-05-09 20:17:08.369087+00,2026-05-15 09:27:26.619068+00,FALSE,,"[{""k"":[{""stats"":{""flag_rate"":0,""created_on"":""2026-05-16T00:00:00Z""},""value"":2}],""company"":{""name"":""Summit Strategy""}}]",subscriptions
218,6201 Dues & Subscription,opex,fixed,,,0.15,,,,,2026-05-09 20:17:08.369087+00,2026-05-15 09:27:26.619068+00,FALSE,,"[{""k"":[{""stats"":{""flag_rate"":0,""created_on"":""2026-05-16T00:00:00Z""},""value"":2}],""company"":{""name"":""Summit Strategy""}}]",subscriptions
219,6203 Dues & Subscriptions,opex,fixed,,,0.15,,,,,2026-05-09 20:17:08.369087+00,2026-05-15 09:27:26.619068+00,FALSE,,"[{""k"":[{""stats"":{""flag_rate"":0,""created_on"":""2026-05-16T00:00:00Z""},""value"":2}],""company"":{""name"":""Summit Strategy""}}]",subscriptions
220,6204 Software Subscriptions,opex,fixed,,,0.15,,,,,2026-05-09 20:17:08.369087+00,2026-05-15 09:27:26.619068+00,FALSE,,"[{""k"":[{""stats"":{""flag_rate"":0,""created_on"":""2026-05-16T00:00:00Z""},""value"":2}],""company"":{""name"":""Summit Strategy""}}]",subscriptions
221,6205 Software & Computer Expen...,opex,fixed,,,0.15,,,,,2026-05-09 20:17:08.369087+00,2026-05-15 09:27:26.619068+00,FALSE,,"[{""k"":[{""stats"":{""flag_rate"":0,""created_on"":""2026-05-16T00:00:00Z""},""value"":2}],""company"":{""name"":""Summit Strategy""}}]",subscriptions
222,6206 Software & Apps,opex,fixed,,,0.15,,,,,2026-05-09 20:17:08.369087+00,2026-05-15 09:27:26.619068+00,FALSE,,"[{""k"":[{""stats"":{""flag_rate"":0,""created_on"":""2026-05-16T00:00:00Z""},""value"":2}],""company"":{""name"":""Summit Strategy""}}]",subscriptions
223,6215 Computer Software,opex,fixed,,,0.15,,,,,2026-05-09 20:17:08.369087+00,2026-05-15 09:27:26.619068+00,FALSE,,"[{""k"":[{""stats"":{""flag_rate"":0,""created_on"":""2026-05-16T00:00:00Z""},""value"":2}],""company"":{""name"":""Summit Strategy""}}]",subscriptions
224,62275 Dues & Subscription,opex,fixed,,,0.15,,,,,2026-05-09 20:17:08.369087+00,2026-05-15 09:27:26.619068+00,FALSE,,"[{""k"":[{""stats"":{""flag_rate"":0,""created_on"":""2026-05-16T00:00:00Z""},""value"":2}],""company"":{""name"":""Summit Strategy""}}]",subscriptions
225,6250 Dues and Subscriptions,opex,fixed,,,0.15,,,,,2026-05-09 20:17:08.369087+00,2026-05-15 09:27:26.619068+00,FALSE,,"[{""k"":[{""stats"":{""flag_rate"":0,""created_on"":""2026-05-16T00:00:00Z""},""value"":2}],""company"":{""name"":""Summit Strategy""}}]",subscriptions
226,62500 Dues & Subscriptions,opex,fixed,,,0.15,,,,,2026-05-09 20:17:08.369087+00,2026-05-15 09:27:26.619068+00,FALSE,,"[{""k"":[{""stats"":{""flag_rate"":0,""created_on"":""2026-05-16T00:00:00Z""},""value"":2}],""company"":{""name"":""Summit Strategy""}}]",subscriptions
227,62500 Dues and Subscriptions,opex,fixed,,,0.15,,,,,2026-05-09 20:17:08.369087+00,2026-05-15 09:27:26.619068+00,FALSE,,"[{""k"":[{""stats"":{""flag_rate"":0,""created_on"":""2026-05-16T00:00:00Z""},""value"":2}],""company"":{""name"":""Summit Strategy""}}]",subscriptions
228,62500 Office Supplies & Software,opex,fixed,,,0.15,,,,,2026-05-09 20:17:08.369087+00,2026-05-15 09:27:26.619068+00,FALSE,,"[{""k"":[{""stats"":{""flag_rate"":0,""created_on"":""2026-05-16T00:00:00Z""},""value"":2}],""company"":{""name"":""Summit Strategy""}}]",subscriptions
229,6255 Subscriptions,opex,fixed,,,0.15,,,,,2026-05-09 20:17:08.369087+00,2026-05-15 09:27:26.619068+00,FALSE,,"[{""k"":[{""stats"":{""flag_rate"":0,""created_on"":""2026-05-16T00:00:00Z""},""value"":2}],""company"":{""name"":""Summit Strategy""}}]",subscriptions
230,"6275 Software, Apps, Subscriptions",opex,fixed,,,0.15,,,,,2026-05-09 20:17:08.369087+00,2026-05-15 09:27:26.619068+00,FALSE,,"[{""k"":[{""stats"":{""flag_rate"":0,""created_on"":""2026-05-16T00:00:00Z""},""value"":2}],""company"":{""name"":""Summit Strategy""}}]",subscriptions
231,6300 Dues & Subscriptions,opex,fixed,,,0.15,,,,,2026-05-09 20:17:08.369087+00,2026-05-15 09:27:26.619068+00,FALSE,,"[{""k"":[{""stats"":{""flag_rate"":0,""created_on"":""2026-05-16T00:00:00Z""},""value"":2}],""company"":{""name"":""Summit Strategy""}}]",subscriptions
232,6300 Memberships & Subscriptions,opex,fixed,,,0.15,,,,,2026-05-09 20:17:08.369087+00,2026-05-15 09:27:26.619068+00,FALSE,,"[{""k"":[{""stats"":{""flag_rate"":0,""created_on"":""2026-05-16T00:00:00Z""},""value"":2}],""company"":{""name"":""Summit Strategy""}}]",subscriptions
233,6300 Systems & Software,opex,fixed,,,0.15,,,,,2026-05-09 20:17:08.369087+00,2026-05-15 09:27:26.619068+00,FALSE,,"[{""k"":[{""stats"":{""flag_rate"":0,""created_on"":""2026-05-16T00:00:00Z""},""value"":2}],""company"":{""name"":""Summit Strategy""}}]",subscriptions
234,6301 Software & Applications,opex,fixed,,,0.15,,,,,2026-05-09 20:17:08.369087+00,2026-05-15 09:27:26.619068+00,FALSE,,"[{""k"":[{""stats"":{""flag_rate"":0,""created_on"":""2026-05-16T00:00:00Z""},""value"":2}],""company"":{""name"":""Summit Strategy""}}]",subscriptions
235,6302 Dues & Subscriptions,opex,fixed,,,0.15,,,,,2026-05-09 20:17:08.369087+00,2026-05-15 09:27:26.619068+00,FALSE,,"[{""k"":[{""stats"":{""flag_rate"":0,""created_on"":""2026-05-16T00:00:00Z""},""value"":2}],""company"":{""name"":""Summit Strategy""}}]",subscriptions
236,63031 Dues & Subscriptions,opex,fixed,,,0.15,,,,,2026-05-09 20:17:08.369087+00,2026-05-15 09:27:26.619068+00,FALSE,,"[{""k"":[{""stats"":{""flag_rate"":0,""created_on"":""2026-05-16T00:00:00Z""},""value"":2}],""company"":{""name"":""Summit Strategy""}}]",subscriptions
237,6307 Software & Apps,opex,fixed,,,0.15,,,,,2026-05-09 20:17:08.369087+00,2026-05-15 09:27:26.619068+00,FALSE,,"[{""k"":[{""stats"":{""flag_rate"":0,""created_on"":""2026-05-16T00:00:00Z""},""value"":2}],""company"":{""name"":""Summit Strategy""}}]",subscriptions
238,6352 Apps & Software,opex,fixed,,,0.15,,,,,2026-05-09 20:17:08.369087+00,2026-05-15 09:27:26.619068+00,FALSE,,"[{""k"":[{""stats"":{""flag_rate"":0,""created_on"":""2026-05-16T00:00:00Z""},""value"":2}],""company"":{""name"":""Summit Strategy""}}]",subscriptions
239,6353 Dues & Subscriptions,opex,fixed,,,0.15,,,,,2026-05-09 20:17:08.369087+00,2026-05-15 09:27:26.619068+00,FALSE,,"[{""k"":[{""stats"":{""flag_rate"":0,""created_on"":""2026-05-16T00:00:00Z""},""value"":2}],""company"":{""name"":""Summit Strategy""}}]",subscriptions
240,6401 Dues & Subscriptions,opex,fixed,,,0.15,,,,,2026-05-09 20:17:08.369087+00,2026-05-15 09:27:26.619068+00,FALSE,,"[{""k"":[{""stats"":{""flag_rate"":0,""created_on"":""2026-05-16T00:00:00Z""},""value"":2}],""company"":{""name"":""Summit Strategy""}}]",subscriptions
241,6404 Software Expenses,opex,fixed,,,0.15,,,,,2026-05-09 20:17:08.369087+00,2026-05-15 09:27:26.619068+00,FALSE,,"[{""k"":[{""stats"":{""flag_rate"":0,""created_on"":""2026-05-16T00:00:00Z""},""value"":2}],""company"":{""name"":""Summit Strategy""}}]",subscriptions
242,6405 Software,opex,fixed,,,0.15,,,,,2026-05-09 20:17:08.369087+00,2026-05-15 09:27:26.619068+00,FALSE,,"[{""k"":[{""stats"":{""flag_rate"":0,""created_on"":""2026-05-16T00:00:00Z""},""value"":2}],""company"":{""name"":""Summit Strategy""}}]",subscriptions
243,6450 Office Supplies & Software,opex,fixed,,,0.15,,,,,2026-05-09 20:17:08.369087+00,2026-05-15 09:27:26.619068+00,FALSE,,"[{""k"":[{""stats"":{""flag_rate"":0,""created_on"":""2026-05-16T00:00:00Z""},""value"":2}],""company"":{""name"":""Summit Strategy""}}]",subscriptions
244,65270-000 Dues and Subscriptions,opex,fixed,,,0.15,,,,,2026-05-09 20:17:08.369087+00,2026-05-15 09:27:26.619068+00,FALSE,,"[{""k"":[{""stats"":{""flag_rate"":0,""created_on"":""2026-05-16T00:00:00Z""},""value"":2}],""company"":{""name"":""Summit Strategy""}}]",subscriptions
245,6600 Office Supplies & Software,opex,fixed,,,0.15,,,,,2026-05-09 20:17:08.369087+00,2026-05-15 09:27:26.619068+00,FALSE,,"[{""k"":[{""stats"":{""flag_rate"":0,""created_on"":""2026-05-16T00:00:00Z""},""value"":2}],""company"":{""name"":""Summit Strategy""}}]",subscriptions
246,6715 Software Expense,opex,fixed,,,0.15,,,,,2026-05-09 20:17:08.369087+00,2026-05-15 09:27:26.619068+00,FALSE,,"[{""k"":[{""stats"":{""flag_rate"":0,""created_on"":""2026-05-16T00:00:00Z""},""value"":2}],""company"":{""name"":""Summit Strategy""}}]",subscriptions
247,6903 Dues & Subscriptions,opex,fixed,,,0.15,,,,,2026-05-09 20:17:08.369087+00,2026-05-15 09:27:26.619068+00,FALSE,,"[{""k"":[{""stats"":{""flag_rate"":0,""created_on"":""2026-05-16T00:00:00Z""},""value"":2}],""company"":{""name"":""Summit Strategy""}}]",subscriptions
248,69030 Dues & Subscriptions,opex,fixed,,,0.15,,,,,2026-05-09 20:17:08.369087+00,2026-05-15 09:27:26.619068+00,FALSE,,"[{""k"":[{""stats"":{""flag_rate"":0,""created_on"":""2026-05-16T00:00:00Z""},""value"":2}],""company"":{""name"":""Summit Strategy""}}]",subscriptions
249,69030 Dues and Subscriptions,opex,fixed,"[{""company"":{""name"":""Summit Strategy""},""thresholds"":[{""value"":0.5872179078031383,""confidence"":0,""created_on"":""2026-05-16T11:38:57Z"",""closing_month"":""03-2026""},{""value"":0.39,""confidence"":0,""created_on"":""2026-05-20T13:57:31Z"",""closing_month"":""03-2026""},{""value"":0.39,""confidence"":0,""created_on"":""2026-05-20T14:59:02Z"",""closing_month"":""03-2026""}]}]",,0.15,"[{""company"":{""name"":""Summit Strategy""},""history"":[{""10-2025"":386.53},{""11-2025"":886.53},{""12-2025"":1116.53},{""01-2026"":679.45},{""02-2026"":634.22},{""03-2026"":484.45}],""avg_absdelta"":0.45,""coefficient_of_variation"":0.97}]",,,,2026-05-09 20:17:08.369087+00,2026-05-15 09:27:26.619068+00,FALSE,,"[{""k"":[{""stats"":{""flag_rate"":0.4,""created_on"":""2026-05-16T00:00:00Z""},""value"":2}],""company"":{""name"":""Summit Strategy""}}]",subscriptions
250,1-67000 Telephone Expense,opex,fixed,,,0.15,,,,,2026-05-09 20:17:08.369087+00,2026-05-15 09:27:26.619068+00,FALSE,,"[{""k"":[{""stats"":{""flag_rate"":0,""created_on"":""2026-05-16T00:00:00Z""},""value"":2}],""company"":{""name"":""Summit Strategy""}}]",utilities
251,1-67700 Utilities,opex,variable,,,0.15,,,,,2026-05-09 20:17:08.369087+00,2026-05-15 09:27:26.619068+00,FALSE,,"[{""k"":[{""stats"":{""flag_rate"":0,""created_on"":""2026-05-16T00:00:00Z""},""value"":2}],""company"":{""name"":""Summit Strategy""}}]",utilities
253,3-61750 Computer and Internet Expenses,opex,fixed,,,0.15,,,,,2026-05-09 20:17:08.369087+00,2026-05-15 09:27:26.619068+00,FALSE,,"[{""k"":[{""stats"":{""flag_rate"":0,""created_on"":""2026-05-16T00:00:00Z""},""value"":2}],""company"":{""name"":""Summit Strategy""}}]",utilities
254,3-67000 Telephone Expense,opex,fixed,,,0.15,,,,,2026-05-09 20:17:08.369087+00,2026-05-15 09:27:26.619068+00,FALSE,,"[{""k"":[{""stats"":{""flag_rate"":0,""created_on"":""2026-05-16T00:00:00Z""},""value"":2}],""company"":{""name"":""Summit Strategy""}}]",utilities
255,3-67700 Utilities,opex,variable,,,0.15,,,,,2026-05-09 20:17:08.369087+00,2026-05-15 09:27:26.619068+00,FALSE,,"[{""k"":[{""stats"":{""flag_rate"":0,""created_on"":""2026-05-16T00:00:00Z""},""value"":2}],""company"":{""name"":""Summit Strategy""}}]",utilities
256,4-67000 Telephone Expense,opex,fixed,,,0.15,,,,,2026-05-09 20:17:08.369087+00,2026-05-15 09:27:26.619068+00,FALSE,,"[{""k"":[{""stats"":{""flag_rate"":0,""created_on"":""2026-05-16T00:00:00Z""},""value"":2}],""company"":{""name"":""Summit Strategy""}}]",utilities
257,4-67700 Utilities,opex,variable,,,0.15,,,,,2026-05-09 20:17:08.369087+00,2026-05-15 09:27:26.619068+00,FALSE,,"[{""k"":[{""stats"":{""flag_rate"":0,""created_on"":""2026-05-16T00:00:00Z""},""value"":2}],""company"":{""name"":""Summit Strategy""}}]",utilities
258,5511 Cell Phone Expense - Sales,cogs,variable,,,0.15,,,,,2026-05-09 20:17:08.369087+00,2026-05-15 09:27:26.619068+00,FALSE,,"[{""k"":[{""stats"":{""flag_rate"":0,""created_on"":""2026-05-16T00:00:00Z""},""value"":2}],""company"":{""name"":""Summit Strategy""}}]",utilities
259,6045 Computer and Internet Expen...,opex,fixed,,,0.15,,,,,2026-05-09 20:17:08.369087+00,2026-05-15 09:27:26.619068+00,FALSE,,"[{""k"":[{""stats"":{""flag_rate"":0,""created_on"":""2026-05-16T00:00:00Z""},""value"":2}],""company"":{""name"":""Summit Strategy""}}]",utilities
260,6062 Utilities,opex,variable,,,0.15,,,,,2026-05-09 20:17:08.369087+00,2026-05-15 09:27:26.619068+00,FALSE,,"[{""k"":[{""stats"":{""flag_rate"":0,""created_on"":""2026-05-16T00:00:00Z""},""value"":2}],""company"":{""name"":""Summit Strategy""}}]",utilities
261,6063 Telephone,opex,fixed,,,0.15,,,,,2026-05-09 20:17:08.369087+00,2026-05-15 09:27:26.619068+00,FALSE,,"[{""k"":[{""stats"":{""flag_rate"":0,""created_on"":""2026-05-16T00:00:00Z""},""value"":2}],""company"":{""name"":""Summit Strategy""}}]",utilities
262,6064 Internet Expense,opex,fixed,,,0.15,,,,,2026-05-09 20:17:08.369087+00,2026-05-15 09:27:26.619068+00,FALSE,,"[{""k"":[{""stats"":{""flag_rate"":0,""created_on"":""2026-05-16T00:00:00Z""},""value"":2}],""company"":{""name"":""Summit Strategy""}}]",utilities
263,6065 Utilities,opex,variable,,,0.15,,,,,2026-05-09 20:17:08.369087+00,2026-05-15 09:27:26.619068+00,FALSE,,"[{""k"":[{""stats"":{""flag_rate"":0,""created_on"":""2026-05-16T00:00:00Z""},""value"":2}],""company"":{""name"":""Summit Strategy""}}]",utilities
264,6100 Computer and Internet,opex,fixed,,,0.15,,,,,2026-05-09 20:17:08.369087+00,2026-05-15 09:27:26.619068+00,FALSE,,"[{""k"":[{""stats"":{""flag_rate"":0,""created_on"":""2026-05-16T00:00:00Z""},""value"":2}],""company"":{""name"":""Summit Strategy""}}]",utilities
265,6101 Gas,opex,variable,,,0.15,,,,,2026-05-09 20:17:08.369087+00,2026-05-15 09:27:26.619068+00,FALSE,,"[{""k"":[{""stats"":{""flag_rate"":0,""created_on"":""2026-05-16T00:00:00Z""},""value"":2}],""company"":{""name"":""Summit Strategy""}}]",utilities
266,6103 Phone service,opex,fixed,,,0.15,,,,,2026-05-09 20:17:08.369087+00,2026-05-15 09:27:26.619068+00,FALSE,,"[{""k"":[{""stats"":{""flag_rate"":0,""created_on"":""2026-05-16T00:00:00Z""},""value"":2}],""company"":{""name"":""Summit Strategy""}}]",utilities
267,6115 Utilities,opex,variable,,,0.15,,,,,2026-05-09 20:17:08.369087+00,2026-05-15 09:27:26.619068+00,FALSE,,"[{""k"":[{""stats"":{""flag_rate"":0,""created_on"":""2026-05-16T00:00:00Z""},""value"":2}],""company"":{""name"":""Summit Strategy""}}]",utilities
268,6117 Internet & Telephone,opex,fixed,,,0.15,,,,,2026-05-09 20:17:08.369087+00,2026-05-15 09:27:26.619068+00,FALSE,,"[{""k"":[{""stats"":{""flag_rate"":0,""created_on"":""2026-05-16T00:00:00Z""},""value"":2}],""company"":{""name"":""Summit Strategy""}}]",utilities
269,6154 Electric & Gas,opex,variable,,,0.15,,,,,2026-05-09 20:17:08.369087+00,2026-05-15 09:27:26.619068+00,FALSE,,"[{""k"":[{""stats"":{""flag_rate"":0,""created_on"":""2026-05-16T00:00:00Z""},""value"":2}],""company"":{""name"":""Summit Strategy""}}]",utilities
270,6155 Phone & Internet Expenses,opex,fixed,,,0.15,,,,,2026-05-09 20:17:08.369087+00,2026-05-15 09:27:26.619068+00,FALSE,,"[{""k"":[{""stats"":{""flag_rate"":0,""created_on"":""2026-05-16T00:00:00Z""},""value"":2}],""company"":{""name"":""Summit Strategy""}}]",utilities
271,61600 Utilities,opex,variable,,,0.15,,,,,2026-05-09 20:17:08.369087+00,2026-05-15 09:27:26.619068+00,FALSE,,"[{""k"":[{""stats"":{""flag_rate"":0,""created_on"":""2026-05-16T00:00:00Z""},""value"":2}],""company"":{""name"":""Summit Strategy""}}]",utilities
272,61700 Computer and Internet Expe...,opex,fixed,,,0.15,,,,,2026-05-09 20:17:08.369087+00,2026-05-15 09:27:26.619068+00,FALSE,,"[{""k"":[{""stats"":{""flag_rate"":0,""created_on"":""2026-05-16T00:00:00Z""},""value"":2}],""company"":{""name"":""Summit Strategy""}}]",utilities
273,61700 Telephone Expense,opex,fixed,,,0.15,,,,,2026-05-09 20:17:08.369087+00,2026-05-15 09:27:26.619068+00,FALSE,,"[{""k"":[{""stats"":{""flag_rate"":0,""created_on"":""2026-05-16T00:00:00Z""},""value"":2}],""company"":{""name"":""Summit Strategy""}}]",utilities
274,6200 Computer and Internet Expenses,opex,fixed,,,0.15,,,,,2026-05-09 20:17:08.369087+00,2026-05-15 09:27:26.619068+00,FALSE,,"[{""k"":[{""stats"":{""flag_rate"":0,""created_on"":""2026-05-16T00:00:00Z""},""value"":2}],""company"":{""name"":""Summit Strategy""}}]",utilities
275,62000 Office & Utility Expenses,opex,variable,,,0.15,,,,,2026-05-09 20:17:08.369087+00,2026-05-15 09:27:26.619068+00,FALSE,,"[{""k"":[{""stats"":{""flag_rate"":0,""created_on"":""2026-05-16T00:00:00Z""},""value"":2}],""company"":{""name"":""Summit Strategy""}}]",utilities
276,6203 Phone/Internet,opex,fixed,,,0.15,,,,,2026-05-09 20:17:08.369087+00,2026-05-15 09:27:26.619068+00,FALSE,,"[{""k"":[{""stats"":{""flag_rate"":0,""created_on"":""2026-05-16T00:00:00Z""},""value"":2}],""company"":{""name"":""Summit Strategy""}}]",utilities
277,62030 Gas/Mileage,opex,variable,,,0.15,,,,,2026-05-09 20:17:08.369087+00,2026-05-15 09:27:26.619068+00,FALSE,,"[{""k"":[{""stats"":{""flag_rate"":0,""created_on"":""2026-05-16T00:00:00Z""},""value"":2}],""company"":{""name"":""Summit Strategy""}}]",utilities
278,6204 Internet & Telephone Expe...,opex,fixed,,,0.15,,,,,2026-05-09 20:17:08.369087+00,2026-05-15 09:27:26.619068+00,FALSE,,"[{""k"":[{""stats"":{""flag_rate"":0,""created_on"":""2026-05-16T00:00:00Z""},""value"":2}],""company"":{""name"":""Summit Strategy""}}]",utilities
279,62051 Utilities,opex,variable,,,0.15,,,,,2026-05-09 20:17:08.369087+00,2026-05-15 09:27:26.619068+00,FALSE,,"[{""k"":[{""stats"":{""flag_rate"":0,""created_on"":""2026-05-16T00:00:00Z""},""value"":2}],""company"":{""name"":""Summit Strategy""}}]",utilities
280,6207 Vehicle Gas & Fuel,opex,variable,,,0.15,,,,,2026-05-09 20:17:08.369087+00,2026-05-15 09:27:26.619068+00,FALSE,,"[{""k"":[{""stats"":{""flag_rate"":0,""created_on"":""2026-05-16T00:00:00Z""},""value"":2}],""company"":{""name"":""Summit Strategy""}}]",utilities
281,6225 Utilities,opex,variable,,,0.15,,,,,2026-05-09 20:17:08.369087+00,2026-05-15 09:27:26.619068+00,FALSE,,"[{""k"":[{""stats"":{""flag_rate"":0,""created_on"":""2026-05-16T00:00:00Z""},""value"":2}],""company"":{""name"":""Summit Strategy""}}]",utilities
282,6230 Cell Phone,opex,fixed,,,0.15,,,,,2026-05-09 20:17:08.369087+00,2026-05-15 09:27:26.619068+00,FALSE,,"[{""k"":[{""stats"":{""flag_rate"":0,""created_on"":""2026-05-16T00:00:00Z""},""value"":2}],""company"":{""name"":""Summit Strategy""}}]",utilities
283,6231 Internet,opex,fixed,,,0.15,,,,,2026-05-09 20:17:08.369087+00,2026-05-15 09:27:26.619068+00,FALSE,,"[{""k"":[{""stats"":{""flag_rate"":0,""created_on"":""2026-05-16T00:00:00Z""},""value"":2}],""company"":{""name"":""Summit Strategy""}}]",utilities
284,6233 Phone Service,opex,fixed,,,0.15,,,,,2026-05-09 20:17:08.369087+00,2026-05-15 09:27:26.619068+00,FALSE,,"[{""k"":[{""stats"":{""flag_rate"":0,""created_on"":""2026-05-16T00:00:00Z""},""value"":2}],""company"":{""name"":""Summit Strategy""}}]",utilities
285,6256 Telephone & Internet,opex,fixed,,,0.15,,,,,2026-05-09 20:17:08.369087+00,2026-05-15 09:27:26.619068+00,FALSE,,"[{""k"":[{""stats"":{""flag_rate"":0,""created_on"":""2026-05-16T00:00:00Z""},""value"":2}],""company"":{""name"":""Summit Strategy""}}]",utilities
286,6257 Utilities,opex,variable,,,0.15,,,,,2026-05-09 20:17:08.369087+00,2026-05-15 09:27:26.619068+00,FALSE,,"[{""k"":[{""stats"":{""flag_rate"":0,""created_on"":""2026-05-16T00:00:00Z""},""value"":2}],""company"":{""name"":""Summit Strategy""}}]",utilities
287,62850 Utilities,opex,variable,,,0.15,,,,,2026-05-09 20:17:08.369087+00,2026-05-15 09:27:26.619068+00,FALSE,,"[{""k"":[{""stats"":{""flag_rate"":0,""created_on"":""2026-05-16T00:00:00Z""},""value"":2}],""company"":{""name"":""Summit Strategy""}}]",utilities
288,6301 Gas,opex,variable,,,0.15,,,,,2026-05-09 20:17:08.369087+00,2026-05-15 09:27:26.619068+00,FALSE,,"[{""k"":[{""stats"":{""flag_rate"":0,""created_on"":""2026-05-16T00:00:00Z""},""value"":2}],""company"":{""name"":""Summit Strategy""}}]",utilities
289,63020 Gas / Electric Charging,opex,variable,"[{""company"":{""name"":""Summit Strategy""},""thresholds"":[{""value"":0.05,""confidence"":0,""created_on"":""2026-05-16T11:38:56Z"",""closing_month"":""03-2026""},{""value"":0.15,""confidence"":0,""created_on"":""2026-05-20T13:56:34Z"",""closing_month"":""03-2026""},{""value"":0.15,""confidence"":0,""created_on"":""2026-05-20T14:58:03Z"",""closing_month"":""03-2026""}]}]",,0.15,"[{""company"":{""name"":""Summit Strategy""},""history"":[{""12-2025"":100},{""01-2026"":100},{""02-2026"":100},{""03-2026"":202.52},{""10-2025"":106.56},{""11-2025"":100}],""avg_absdelta"":0.22,""coefficient_of_variation"":1.86}]",,,,2026-05-09 20:17:08.369087+00,2026-05-15 09:27:26.619068+00,FALSE,,"[{""k"":[{""stats"":{""flag_rate"":0.2,""created_on"":""2026-05-16T00:00:00Z""},""value"":2}],""company"":{""name"":""Summit Strategy""}}]",utilities
290,6308 Telephone & Internet,opex,fixed,,,0.15,,,,,2026-05-09 20:17:08.369087+00,2026-05-15 09:27:26.619068+00,FALSE,,"[{""k"":[{""stats"":{""flag_rate"":0,""created_on"":""2026-05-16T00:00:00Z""},""value"":2}],""company"":{""name"":""Summit Strategy""}}]",utilities
291,6366 Telephone,opex,fixed,,,0.15,,,,,2026-05-09 20:17:08.369087+00,2026-05-15 09:27:26.619068+00,FALSE,,"[{""k"":[{""stats"":{""flag_rate"":0,""created_on"":""2026-05-16T00:00:00Z""},""value"":2}],""company"":{""name"":""Summit Strategy""}}]",utilities
292,6367 Utilities,opex,variable,,,0.15,,,,,2026-05-09 20:17:08.369087+00,2026-05-15 09:27:26.619068+00,FALSE,,"[{""k"":[{""stats"":{""flag_rate"":0,""created_on"":""2026-05-16T00:00:00Z""},""value"":2}],""company"":{""name"":""Summit Strategy""}}]",utilities
293,6375 Utilities,opex,variable,,,0.15,,,,,2026-05-09 20:17:08.369087+00,2026-05-15 09:27:26.619068+00,FALSE,,"[{""k"":[{""stats"":{""flag_rate"":0,""created_on"":""2026-05-16T00:00:00Z""},""value"":2}],""company"":{""name"":""Summit Strategy""}}]",utilities
294,64020 Utilities,opex,variable,"[{""company"":{""name"":""Summit Strategy""},""thresholds"":[{""value"":0.28882774216845686,""confidence"":0,""created_on"":""2026-05-16T11:38:56Z"",""closing_month"":""03-2026""},{""value"":0.17,""confidence"":0,""created_on"":""2026-05-20T13:56:43Z"",""closing_month"":""03-2026""},{""value"":0.17,""confidence"":0,""created_on"":""2026-05-20T14:58:12Z"",""closing_month"":""03-2026""}]}]",,0.15,"[{""company"":{""name"":""Summit Strategy""},""history"":[{""03-2026"":86.15},{""10-2025"":59.53},{""11-2025"":76.93},{""12-2025"":92.14},{""01-2026"":93.28},{""02-2026"":79.8}],""avg_absdelta"":0.15,""coefficient_of_variation"":0.66}]",,,,2026-05-09 20:17:08.369087+00,2026-05-15 09:27:26.619068+00,FALSE,,"[{""k"":[{""stats"":{""flag_rate"":0.4,""created_on"":""2026-05-16T00:00:00Z""},""value"":2}],""company"":{""name"":""Summit Strategy""}}]",utilities
295,6403 Internet,opex,fixed,,,0.15,,,,,2026-05-09 20:17:08.369087+00,2026-05-15 09:27:26.619068+00,FALSE,,"[{""k"":[{""stats"":{""flag_rate"":0,""created_on"":""2026-05-16T00:00:00Z""},""value"":2}],""company"":{""name"":""Summit Strategy""}}]",utilities
296,64030 Telephone,opex,fixed,"[{""company"":{""name"":""Summit Strategy""},""thresholds"":[{""value"":0.05,""confidence"":0,""created_on"":""2026-05-16T11:38:56Z"",""closing_month"":""03-2026""},{""value"":0.15,""confidence"":0,""created_on"":""2026-05-20T13:56:50Z"",""closing_month"":""03-2026""},{""value"":0.15,""confidence"":0,""created_on"":""2026-05-20T14:58:20Z"",""closing_month"":""03-2026""}]}]",,0.15,"[{""company"":{""name"":""Summit Strategy""},""history"":[{""01-2026"":251.34},{""02-2026"":264.31},{""03-2026"":242.31},{""10-2025"":251.63},{""11-2025"":250.61},{""12-2025"":250.36}],""avg_absdelta"":0.03,""coefficient_of_variation"":1.15}]",,,,2026-05-09 20:17:08.369087+00,2026-05-15 09:27:26.619068+00,FALSE,,"[{""k"":[{""stats"":{""flag_rate"":0,""created_on"":""2026-05-16T00:00:00Z""},""value"":2}],""company"":{""name"":""Summit Strategy""}}]",utilities
297,6404 Telephone,opex,fixed,,,0.15,,,,,2026-05-09 20:17:08.369087+00,2026-05-15 09:27:26.619068+00,FALSE,,"[{""k"":[{""stats"":{""flag_rate"":0,""created_on"":""2026-05-16T00:00:00Z""},""value"":2}],""company"":{""name"":""Summit Strategy""}}]",utilities
298,64040 Internet,opex,fixed,"[{""company"":{""name"":""Summit Strategy""},""thresholds"":[{""value"":0.1530627695696063,""confidence"":0,""created_on"":""2026-05-16T11:38:57Z"",""closing_month"":""03-2026""},{""value"":0.15,""confidence"":0,""created_on"":""2026-05-20T13:56:57Z"",""closing_month"":""03-2026""},{""value"":0.15,""confidence"":0,""created_on"":""2026-05-20T14:58:29Z"",""closing_month"":""03-2026""}]}]",,0.15,"[{""company"":{""name"":""Summit Strategy""},""history"":[{""01-2026"":112.72},{""02-2026"":112.72},{""03-2026"":112.72},{""10-2025"":275.87},{""11-2025"":167.88},{""12-2025"":108.97}],""avg_absdelta"":0.16,""coefficient_of_variation"":1.14}]",,,,2026-05-09 20:17:08.369087+00,2026-05-15 09:27:26.619068+00,FALSE,,"[{""k"":[{""stats"":{""flag_rate"":0.4,""created_on"":""2026-05-16T00:00:00Z""},""value"":2}],""company"":{""name"":""Summit Strategy""}}]",utilities
299,65240-001 Telephone Expense,opex,fixed,,,0.15,,,,,2026-05-09 20:17:08.369087+00,2026-05-15 09:27:26.619068+00,FALSE,,"[{""k"":[{""stats"":{""flag_rate"":0,""created_on"":""2026-05-16T00:00:00Z""},""value"":2}],""company"":{""name"":""Summit Strategy""}}]",utilities
300,6653 Electricity,opex,variable,,,0.15,,,,,2026-05-09 20:17:08.369087+00,2026-05-15 09:27:26.619068+00,FALSE,,"[{""k"":[{""stats"":{""flag_rate"":0,""created_on"":""2026-05-16T00:00:00Z""},""value"":2}],""company"":{""name"":""Summit Strategy""}}]",utilities
301,6654 Internet & TV Services,opex,fixed,,,0.15,,,,,2026-05-09 20:17:08.369087+00,2026-05-15 09:27:26.619068+00,FALSE,,"[{""k"":[{""stats"":{""flag_rate"":0,""created_on"":""2026-05-16T00:00:00Z""},""value"":2}],""company"":{""name"":""Summit Strategy""}}]",utilities
302,6655 Other Utilities,opex,variable,,,0.15,,,,,2026-05-09 20:17:08.369087+00,2026-05-15 09:27:26.619068+00,FALSE,,"[{""k"":[{""stats"":{""flag_rate"":0,""created_on"":""2026-05-16T00:00:00Z""},""value"":2}],""company"":{""name"":""Summit Strategy""}}]",utilities
303,6750 Telephone Expense,opex,fixed,,,0.15,,,,,2026-05-09 20:17:08.369087+00,2026-05-15 09:27:26.619068+00,FALSE,,"[{""k"":[{""stats"":{""flag_rate"":0,""created_on"":""2026-05-16T00:00:00Z""},""value"":2}],""company"":{""name"":""Summit Strategy""}}]",utilities
304,6800 Telephone Expense,opex,fixed,,,0.15,,,,,2026-05-09 20:17:08.369087+00,2026-05-15 09:27:26.619068+00,FALSE,,"[{""k"":[{""stats"":{""flag_rate"":0,""created_on"":""2026-05-16T00:00:00Z""},""value"":2}],""company"":{""name"":""Summit Strategy""}}]",utilities
305,6800 Utilities,opex,variable,,,0.15,,,,,2026-05-09 20:17:08.369087+00,2026-05-15 09:27:26.619068+00,FALSE,,"[{""k"":[{""stats"":{""flag_rate"":0,""created_on"":""2026-05-16T00:00:00Z""},""value"":2}],""company"":{""name"":""Summit Strategy""}}]",utilities
306,6801 Cable & Internet,opex,fixed,,,0.15,,,,,2026-05-09 20:17:08.369087+00,2026-05-15 09:27:26.619068+00,FALSE,,"[{""k"":[{""stats"":{""flag_rate"":0,""created_on"":""2026-05-16T00:00:00Z""},""value"":2}],""company"":{""name"":""Summit Strategy""}}]",utilities
307,6801 Gas & Car Charge,opex,variable,,,0.15,,,,,2026-05-09 20:17:08.369087+00,2026-05-15 09:27:26.619068+00,FALSE,,"[{""k"":[{""stats"":{""flag_rate"":0,""created_on"":""2026-05-16T00:00:00Z""},""value"":2}],""company"":{""name"":""Summit Strategy""}}]",utilities
308,6801 Gas & Fuel,opex,variable,,,0.15,,,,,2026-05-09 20:17:08.369087+00,2026-05-15 09:27:26.619068+00,FALSE,,"[{""k"":[{""stats"":{""flag_rate"":0,""created_on"":""2026-05-16T00:00:00Z""},""value"":2}],""company"":{""name"":""Summit Strategy""}}]",utilities
309,6806 Telephone,opex,fixed,,,0.15,,,,,2026-05-09 20:17:08.369087+00,2026-05-15 09:27:26.619068+00,FALSE,,"[{""k"":[{""stats"":{""flag_rate"":0,""created_on"":""2026-05-16T00:00:00Z""},""value"":2}],""company"":{""name"":""Summit Strategy""}}]",utilities
310,68100 Telephone Expense,opex,fixed,,,0.15,,,,,2026-05-09 20:17:08.369087+00,2026-05-15 09:27:26.619068+00,FALSE,,"[{""k"":[{""stats"":{""flag_rate"":0,""created_on"":""2026-05-16T00:00:00Z""},""value"":2}],""company"":{""name"":""Summit Strategy""}}]",utilities
311,6850 Telephone,opex,fixed,,,0.15,,,,,2026-05-09 20:17:08.369087+00,2026-05-15 09:27:26.619068+00,FALSE,,"[{""k"":[{""stats"":{""flag_rate"":0,""created_on"":""2026-05-16T00:00:00Z""},""value"":2}],""company"":{""name"":""Summit Strategy""}}]",utilities
312,68600 Utilities,opex,variable,,,0.15,,,,,2026-05-09 20:17:08.369087+00,2026-05-15 09:27:26.619068+00,FALSE,,"[{""k"":[{""stats"":{""flag_rate"":0,""created_on"":""2026-05-16T00:00:00Z""},""value"":2}],""company"":{""name"":""Summit Strategy""}}]",utilities
313,6900 Utilities,opex,variable,,,0.15,,,,,2026-05-09 20:17:08.369087+00,2026-05-15 09:27:26.619068+00,FALSE,,"[{""k"":[{""stats"":{""flag_rate"":0,""created_on"":""2026-05-16T00:00:00Z""},""value"":2}],""company"":{""name"":""Summit Strategy""}}]",utilities
314,6950 Utilities,opex,variable,,,0.15,,,,,2026-05-09 20:17:08.369087+00,2026-05-15 09:27:26.619068+00,FALSE,,"[{""k"":[{""stats"":{""flag_rate"":0,""created_on"":""2026-05-16T00:00:00Z""},""value"":2}],""company"":{""name"":""Summit Strategy""}}]",utilities
315,60004 Officer Commissions,opex,variable,,,0.15,,,,,2026-05-09 20:17:08.369087+00,2026-05-15 09:27:26.619068+00,FALSE,,"[{""k"":[{""stats"":{""flag_rate"":0,""created_on"":""2026-05-16T00:00:00Z""},""value"":2}],""company"":{""name"":""Summit Strategy""}}]",
316,6602 Equipment Insurance,opex,fixed,,,0.15,,,,,2026-05-09 20:17:08.369087+00,2026-05-15 09:27:26.619068+00,FALSE,,"[{""k"":[{""stats"":{""flag_rate"":0,""created_on"":""2026-05-16T00:00:00Z""},""value"":2}],""company"":{""name"":""Summit Strategy""}}]",
317,6603 Dental Insurance,opex,fixed,,,0.15,,,,,2026-05-09 20:17:08.369087+00,2026-05-15 09:27:26.619068+00,FALSE,,"[{""k"":[{""stats"":{""flag_rate"":0,""created_on"":""2026-05-16T00:00:00Z""},""value"":2}],""company"":{""name"":""Summit Strategy""}}]",
318,6604 Health insurance,opex,fixed,,,0.15,,,,,2026-05-09 20:17:08.369087+00,2026-05-15 09:27:26.619068+00,FALSE,,"[{""k"":[{""stats"":{""flag_rate"":0,""created_on"":""2026-05-16T00:00:00Z""},""value"":2}],""company"":{""name"":""Summit Strategy""}}]",
319,6605 Life & Vision Insurance,opex,fixed,,,0.15,,,,,2026-05-09 20:17:08.369087+00,2026-05-15 09:27:26.619068+00,FALSE,,"[{""k"":[{""stats"":{""flag_rate"":0,""created_on"":""2026-05-16T00:00:00Z""},""value"":2}],""company"":{""name"":""Summit Strategy""}}]",
320,6606 Workers Comp Insurance,opex,fixed,,,0.15,,,,,2026-05-09 20:17:08.369087+00,2026-05-15 09:27:26.619068+00,FALSE,,"[{""k"":[{""stats"":{""flag_rate"":0,""created_on"":""2026-05-16T00:00:00Z""},""value"":2}],""company"":{""name"":""Summit Strategy""}}]",
321,6601 General Liability Insurance,opex,fixed,,,0.15,,,,,2026-05-09 20:17:08.369087+00,2026-05-15 09:27:26.619068+00,FALSE,,"[{""k"":[{""stats"":{""flag_rate"":0,""created_on"":""2026-05-16T00:00:00Z""},""value"":2}],""company"":{""name"":""Summit Strategy""}}]",
326,gross profit,other,semi_variable,"[{""company"":{""name"":""Summit Strategy""},""thresholds"":[{""value"":5,""confidence"":0,""created_on"":""2026-05-16T11:38:56Z"",""closing_month"":""03-2026""},{""value"":5,""confidence"":0,""created_on"":""2026-05-20T10:26:44Z"",""closing_month"":""03-2026""},{""value"":0.05,""confidence"":0,""created_on"":""2026-05-20T11:40:31Z"",""closing_month"":""03-2026""},{""value"":0.05,""confidence"":0,""created_on"":""2026-05-20T13:55:50Z"",""closing_month"":""03-2026""},{""value"":0.05,""confidence"":0,""created_on"":""2026-05-20T14:57:20Z"",""closing_month"":""03-2026""}]}]",,0.05,"[{""company"":{""name"":""Summit Strategy""},""history"":[{""11-2025"":40655.31},{""12-2025"":68985.79},{""01-2026"":85247.85},{""02-2026"":100691.24},{""03-2026"":105372.68},{""10-2025"":135090.16}],""avg_absdelta"":0.37,""coefficient_of_variation"":0.73}]",,,,2026-05-10 17:24:41.986055+00,2026-05-15 09:27:26.619068+00,TRUE,,"[{""k"":[{""stats"":{""flag_rate"":0.8,""created_on"":""2026-05-16T00:00:00Z""},""value"":2}],""company"":{""name"":""Summit Strategy""}}]",
327,60010 officer wages,opex,semi_variable,"[{""company"":{""name"":""Summit Strategy""},""thresholds"":[{""value"":5,""confidence"":0,""created_on"":""2026-05-16T11:38:56Z"",""closing_month"":""03-2026""},{""value"":5,""confidence"":0,""created_on"":""2026-05-20T10:26:54Z"",""closing_month"":""03-2026""},{""value"":0.19,""confidence"":0,""created_on"":""2026-05-20T11:40:43Z"",""closing_month"":""03-2026""},{""value"":0.19,""confidence"":0,""created_on"":""2026-05-20T13:55:59Z"",""closing_month"":""03-2026""},{""value"":0.19,""confidence"":0,""created_on"":""2026-05-20T14:57:29Z"",""closing_month"":""03-2026""}]}]",,0.05,"[{""company"":{""name"":""Summit Strategy""},""history"":[{""12-2025"":7912.5},{""01-2026"":11862.5},{""02-2026"":10235},{""03-2026"":10900},{""10-2025"":8360},{""11-2025"":7912.5}],""avg_absdelta"":0.15,""coefficient_of_variation"":1.19}]",,,,2026-05-10 17:24:42.044351+00,2026-05-15 09:27:26.619068+00,TRUE,,"[{""k"":[{""stats"":{""flag_rate"":0.2,""created_on"":""2026-05-16T00:00:00Z""},""value"":2}],""company"":{""name"":""Summit Strategy""}}]",
328,64000 rent & utility expenses,opex,fixed,,,0.05,,,,,2026-05-10 17:24:42.261505+00,2026-05-15 09:27:26.619068+00,TRUE,,"[{""k"":[{""stats"":{""flag_rate"":0,""created_on"":""2026-05-16T00:00:00Z""},""value"":2}],""company"":{""name"":""Summit Strategy""}}]",
329,64010 rent,opex,fixed,"[{""company"":{""name"":""Summit Strategy""},""thresholds"":[{""value"":5,""confidence"":0,""created_on"":""2026-05-16T11:38:56Z"",""closing_month"":""03-2026""},{""value"":5,""confidence"":0,""created_on"":""2026-05-20T10:27:05Z"",""closing_month"":""03-2026""},{""value"":0.07,""confidence"":0,""created_on"":""2026-05-20T11:40:50Z"",""closing_month"":""03-2026""},{""value"":0.07,""confidence"":0,""created_on"":""2026-05-20T13:56:34Z"",""closing_month"":""03-2026""},{""value"":0.07,""confidence"":0,""created_on"":""2026-05-20T14:58:04Z"",""closing_month"":""03-2026""}]}]",,0.05,"[{""company"":{""name"":""Summit Strategy""},""history"":[{""03-2026"":1437.13},{""10-2025"":1421.08},{""11-2025"":1389.28},{""12-2025"":1539.51},{""01-2026"":1437.13},{""02-2026"":1437.13}],""avg_absdelta"":0.04,""coefficient_of_variation"":1.07}]",,,,2026-05-10 17:24:42.311449+00,2026-05-15 09:27:26.619068+00,TRUE,,"[{""k"":[{""stats"":{""flag_rate"":0.2,""created_on"":""2026-05-16T00:00:00Z""},""value"":2}],""company"":{""name"":""Summit Strategy""}}]",
330,66000 insurance expenses,opex,fixed,,,0.05,,,,,2026-05-10 17:24:42.434911+00,2026-05-15 09:27:26.619068+00,TRUE,,"[{""k"":[{""stats"":{""flag_rate"":0,""created_on"":""2026-05-16T00:00:00Z""},""value"":2}],""company"":{""name"":""Summit Strategy""}}]",
331,66010 auto insurance,opex,fixed,"[{""company"":{""name"":""Summit Strategy""},""thresholds"":[{""value"":5,""confidence"":0,""created_on"":""2026-05-16T11:38:57Z"",""closing_month"":""03-2026""},{""value"":5,""confidence"":0,""created_on"":""2026-05-20T10:27:13Z"",""closing_month"":""03-2026""},{""value"":0.09,""confidence"":0,""created_on"":""2026-05-20T11:40:59Z"",""closing_month"":""03-2026""},{""value"":0.09,""confidence"":0,""created_on"":""2026-05-20T13:56:57Z"",""closing_month"":""03-2026""},{""value"":0.09,""confidence"":0,""created_on"":""2026-05-20T14:58:29Z"",""closing_month"":""03-2026""}]}]",,0.05,"[{""company"":{""name"":""Summit Strategy""},""history"":[{""11-2025"":316.28},{""12-2025"":408.28},{""01-2026"":316.28},{""02-2026"":316.28},{""03-2026"":316.28},{""10-2025"":326.66}],""avg_absdelta"":0.11,""coefficient_of_variation"":1.13}]",,,,2026-05-10 17:24:42.479053+00,2026-05-15 09:27:26.619068+00,TRUE,,"[{""k"":[{""stats"":{""flag_rate"":0.4,""created_on"":""2026-05-16T00:00:00Z""},""value"":2}],""company"":{""name"":""Summit Strategy""}}]",
332,66020 business insurance,opex,fixed,"[{""company"":{""name"":""Summit Strategy""},""thresholds"":[{""value"":5,""confidence"":0,""created_on"":""2026-05-16T11:38:57Z"",""closing_month"":""03-2026""},{""value"":5,""confidence"":0,""created_on"":""2026-05-20T10:27:22Z"",""closing_month"":""03-2026""},{""value"":0.16,""confidence"":0,""created_on"":""2026-05-20T11:41:08Z"",""closing_month"":""03-2026""},{""value"":0.16,""confidence"":0,""created_on"":""2026-05-20T13:57:06Z"",""closing_month"":""03-2026""},{""value"":0.16,""confidence"":0,""created_on"":""2026-05-20T14:58:38Z"",""closing_month"":""03-2026""}]}]",,0.05,"[{""company"":{""name"":""Summit Strategy""},""history"":[{""10-2025"":39.58},{""11-2025"":39.58},{""12-2025"":39.58},{""01-2026"":47.66},{""02-2026"":31.51},{""03-2026"":39.58}],""avg_absdelta"":0.16,""coefficient_of_variation"":0.86}]",,,,2026-05-10 17:24:42.521191+00,2026-05-15 09:27:26.619068+00,TRUE,,"[{""k"":[{""stats"":{""flag_rate"":0.6,""created_on"":""2026-05-16T00:00:00Z""},""value"":2}],""company"":{""name"":""Summit Strategy""}}]",
333,66030 cyber insurance,opex,fixed,"[{""company"":{""name"":""Summit Strategy""},""thresholds"":[{""value"":5,""confidence"":0,""created_on"":""2026-05-16T11:38:57Z"",""closing_month"":""03-2026""},{""value"":5,""confidence"":0,""created_on"":""2026-05-20T10:27:31Z"",""closing_month"":""03-2026""},{""value"":0.05,""confidence"":0,""created_on"":""2026-05-20T11:41:18Z"",""closing_month"":""03-2026""},{""value"":0.05,""confidence"":0,""created_on"":""2026-05-20T13:57:16Z"",""closing_month"":""03-2026""},{""value"":0.05,""confidence"":0,""created_on"":""2026-05-20T14:58:46Z"",""closing_month"":""03-2026""}]}]",,0.05,"[{""company"":{""name"":""Summit Strategy""},""history"":[{""01-2026"":310},{""02-2026"":310},{""03-2026"":310},{""10-2025"":227.09},{""11-2025"":227.09},{""12-2025"":227.09}],""avg_absdelta"":0.07,""coefficient_of_variation"":2}]",,,,2026-05-10 17:24:42.571426+00,2026-05-15 09:27:26.619068+00,TRUE,,"[{""k"":[{""stats"":{""flag_rate"":0.2,""created_on"":""2026-05-16T00:00:00Z""},""value"":2}],""company"":{""name"":""Summit Strategy""}}]",
334,66040 disability insurance,opex,fixed,"[{""company"":{""name"":""Summit Strategy""},""thresholds"":[{""value"":5,""confidence"":0,""created_on"":""2026-05-16T11:38:57Z"",""closing_month"":""03-2026""},{""value"":5,""confidence"":0,""created_on"":""2026-05-20T10:27:40Z"",""closing_month"":""03-2026""},{""value"":0.05,""confidence"":0,""created_on"":""2026-05-20T11:41:18Z"",""closing_month"":""03-2026""},{""value"":0.05,""confidence"":0,""created_on"":""2026-05-20T13:57:17Z"",""closing_month"":""03-2026""},{""value"":0.05,""confidence"":0,""created_on"":""2026-05-20T14:58:46Z"",""closing_month"":""03-2026""}]}]",,0.05,"[{""company"":{""name"":""Summit Strategy""},""history"":[{""10-2025"":170.54},{""11-2025"":170.54},{""12-2025"":170.54},{""01-2026"":170.54},{""02-2026"":170.54},{""03-2026"":170.54}],""avg_absdelta"":0,""coefficient_of_variation"":0}]",,,,2026-05-10 17:24:42.61394+00,2026-05-15 09:27:26.619068+00,TRUE,,"[{""k"":[{""stats"":{""flag_rate"":0,""created_on"":""2026-05-16T00:00:00Z""},""value"":2}],""company"":{""name"":""Summit Strategy""}}]",
335,66060 liability insurance,opex,fixed,"[{""company"":{""name"":""Summit Strategy""},""thresholds"":[{""value"":5,""confidence"":0,""created_on"":""2026-05-16T11:38:57Z"",""closing_month"":""03-2026""},{""value"":5,""confidence"":0,""created_on"":""2026-05-20T10:27:53Z"",""closing_month"":""03-2026""},{""value"":0.05,""confidence"":0,""created_on"":""2026-05-20T11:41:25Z"",""closing_month"":""03-2026""},{""value"":0.05,""confidence"":0,""created_on"":""2026-05-20T13:57:24Z"",""closing_month"":""03-2026""},{""value"":0.05,""confidence"":0,""created_on"":""2026-05-20T14:58:52Z"",""closing_month"":""03-2026""}]}]",,0.05,"[{""company"":{""name"":""Summit Strategy""},""history"":[{""01-2026"":175.25},{""02-2026"":175.26},{""03-2026"":175.26},{""10-2025"":175.25},{""11-2025"":175.25},{""12-2025"":175.25}],""avg_absdelta"":0,""coefficient_of_variation"":2}]",,,,2026-05-10 17:24:42.654708+00,2026-05-15 09:27:26.619068+00,TRUE,,"[{""k"":[{""stats"":{""flag_rate"":0,""created_on"":""2026-05-16T00:00:00Z""},""value"":2}],""company"":{""name"":""Summit Strategy""}}]",
336,66070 officer health insurance,opex,semi_variable,"[{""company"":{""name"":""Summit Strategy""},""thresholds"":[{""value"":5,""confidence"":0,""created_on"":""2026-05-16T11:38:57Z"",""closing_month"":""03-2026""},{""value"":5,""confidence"":0,""created_on"":""2026-05-20T10:28:02Z"",""closing_month"":""03-2026""},{""value"":0.05,""confidence"":0,""created_on"":""2026-05-20T11:41:32Z"",""closing_month"":""03-2026""},{""value"":0.05,""confidence"":0,""created_on"":""2026-05-20T13:57:30Z"",""closing_month"":""03-2026""},{""value"":0.05,""confidence"":0,""created_on"":""2026-05-20T14:59:01Z"",""closing_month"":""03-2026""}]}]",,0.05,"[{""company"":{""name"":""Summit Strategy""},""history"":[{""03-2026"":2149.43},{""10-2025"":1898.54},{""11-2025"":1898.54},{""12-2025"":1898.54},{""01-2026"":2149.43},{""02-2026"":2149.43}],""avg_absdelta"":0.03,""coefficient_of_variation"":2}]",,,,2026-05-10 17:24:42.697484+00,2026-05-15 09:27:26.619068+00,TRUE,,"[{""k"":[{""stats"":{""flag_rate"":0.2,""created_on"":""2026-05-16T00:00:00Z""},""value"":2}],""company"":{""name"":""Summit Strategy""}}]",
337,68000 legal & professional fees,opex,semi_variable,,,0.05,,,,,2026-05-10 17:24:42.740256+00,2026-05-15 09:27:26.619068+00,TRUE,,"[{""k"":[{""stats"":{""flag_rate"":0,""created_on"":""2026-05-16T00:00:00Z""},""value"":2}],""company"":{""name"":""Summit Strategy""}}]",
338,68010 accounting fees,opex,fixed,"[{""company"":{""name"":""Summit Strategy""},""thresholds"":[{""value"":5,""confidence"":0,""created_on"":""2026-05-16T11:38:57Z"",""closing_month"":""03-2026""},{""value"":5,""confidence"":0,""created_on"":""2026-05-20T10:28:10Z"",""closing_month"":""03-2026""},{""value"":0.05,""confidence"":0,""created_on"":""2026-05-20T11:41:32Z"",""closing_month"":""03-2026""},{""value"":0.05,""confidence"":0,""created_on"":""2026-05-20T13:57:31Z"",""closing_month"":""03-2026""},{""value"":0.05,""confidence"":0,""created_on"":""2026-05-20T14:59:02Z"",""closing_month"":""03-2026""}]}]",,0.05,"[{""company"":{""name"":""Summit Strategy""},""history"":[{""12-2025"":4004.75},{""01-2026"":4533.5},{""02-2026"":4111.5},{""03-2026"":3765.5},{""10-2025"":3740},{""11-2025"":3873.75}],""avg_absdelta"":0.08,""coefficient_of_variation"":0.49}]",,,,2026-05-10 17:24:42.786016+00,2026-05-15 09:27:26.619068+00,TRUE,,"[{""k"":[{""stats"":{""flag_rate"":0.6,""created_on"":""2026-05-16T00:00:00Z""},""value"":2}],""company"":{""name"":""Summit Strategy""}}]",
,5100 Direct Labor,,,,,,,,,,,,,,,wages
,6000 Payroll,,,,,,,,,,,,,,,wages
,6020 Payroll - Employees,,,,,,,,,,,,,,,wages
,6024 Employee PTO,,,,,,,,,,,,,,,wages
,6404 HSA Contribution,,,,,,,,,,,,,,,wages
,6405 Worker's Comp,,,,,,,,,,,,,,,wages
,5100 Direct Labor - COGS,,,,,,,,,,,,,,,wages
,5103 Direct Labor PR - Commiss...,,,,,,,,,,,,,,,wages
,5104 Direct Labor PR - Health ...,,,,,,,,,,,,,,,wages
,5105 Direct Labor PR - Wellnes...,,,,,,,,,,,,,,,wages
,6100 Indirect Labor - Employees,,,,,,,,,,,,,,,wages
,52100-000 Payroll Expenses,,,,,,,,,,,,,,,wages
,52103-001 Benefits,,,,,,,,,,,,,,,wages
,53100-000 Payroll Expenses,,,,,,,,,,,,,,,wages
,53103-001 Benefits,,,,,,,,,,,,,,,wages
,60010-000 Payroll Expenses,,,,,,,,,,,,,,,wages
,65100-000 Payroll Expenses,,,,,,,,,,,,,,,wages
,6350 Payroll Expenses,,,,,,,,,,,,,,,wages
,3-65500 Payroll Expenses,,,,,,,,,,,,,,,wages
,6450 Payroll Expenses,,,,,,,,,,,,,,,wages
,6454 Workers Comp,,,,,,,,,,,,,,,wages
,60000 Payroll Expenses,,,,,,,,,,,,,,,wages
,6020 Payroll Expenses,,,,,,,,,,,,,,,wages
,6400 Payroll Expenses,,,,,,,,,,,,,,,wages
,6403 Bradley Feldman - Payroll,,,,,,,,,,,,,,,wages
,6404 Jacci Pearce - Payroll,,,,,,,,,,,,,,,wages
,6000 Payroll Expenses,,,,,,,,,,,,,,,wages
,5002 Direct Labor Employer Taxes,,,,,,,,,,,,,,,wages
,6025 Payroll Expenses,,,,,,,,,,,,,,,wages
,6350 Payroll & Other Employee Exp.,,,,,,,,,,,,,,,wages
,6351 Payroll Services,,,,,,,,,,,,,,,wages
,6358 Overtime,,,,,,,,,,,,,,,wages
,6360 PTO,,,,,,,,,,,,,,,wages
,5010 Direct Labor,,,,,,,,,,,,,,,wages
,51100-000 Payroll Expenses,,,,,,,,,,,,,,,wages
,51130-001 Benefits,,,,,,,,,,,,,,,wages
,60014-001 Benefits,,,,,,,,,,,,,,,wages
,65102-001 Benefits,,,,,,,,,,,,,,,wages
,5020 Direct Payroll Expenses,,,,,,,,,,,,,,,wages
,5023 Employee PR - DL PTO,,,,,,,,,,,,,,,wages
,5120 The Garage Agency - Direct Payroll Expen...,,,,,,,,,,,,,,,wages
,5220 The TREAD Agency - Direct Payroll Expenses,,,,,,,,,,,,,,,wages
,6000 Indirect Payroll Expenses,,,,,,,,,,,,,,,wages
,6020 Payroll Expenses - Employee,,,,,,,,,,,,,,,wages
,6023 Employee PR - PTO,,,,,,,,,,,,,,,wages
,6030 Payroll Expense - 401k EE Match,,,,,,,,,,,,,,,wages
,6031 Payroll Expense - Medical Benefits,,,,,,,,,,,,,,,wages
,6033 Payroll Expense - Worker'...,,,,,,,,,,,,,,,wages
,4-65500 Payroll Expenses,,,,,,,,,,,,,,,wages
,5100 Direct Payroll Expense,,,,,,,,,,,,,,,wages
,6000 Payroll Expense,,,,,,,,,,,,,,,wages
,6025 Benefits,,,,,,,,,,,,,,,wages
,60006 Profit Share Contributions,,,,,,,,,,,,,,,wages
,1-54000 Direct Labor,,,,,,,,,,,,,,,wages
,1-65500 Payroll Expenses,,,,,,,,,,,,,,,wages
,6550 Payroll Expenses,,,,,,,,,,,,,,,wages
,6553 Employer Taxes & Benefits,,,,,,,,,,,,,,,wages
,6556 Unemployement Benefits,,,,,,,,,,,,,,,wages
,6700 Payroll & Employee Expenses,,,,,,,,,,,,,,,wages
,6705 401K Match,,,,,,,,,,,,,,,wages
,6706 Health Benefits,,,,,,,,,,,,,,,wages
,6707 Other Benefits,,,,,,,,,,,,,,,wages
,5130 Direct Labor - 401K,,,,,,,,,,,,,,,wages
,5180 Direct Labor - Worker's Comp,,,,,,,,,,,,,,,wages
,6140 Employee PR - PTO,,,,,,,,,,,,,,,wages
,6180 Employee PR - Worker's Comp,,,,,,,,,,,,,,,wages
,6220 Retirement & Benefits,,,,,,,,,,,,,,,wages
,5310 Payroll - Direct,,,,,,,,,,,,,,,wages
,5315 Benefits - Direct,,,,,,,,,,,,,,,wages
,5330 Vacation - Direct,,,,,,,,,,,,,,,wages
,6010 Payroll - G&A,,,,,,,,,,,,,,,wages
,6015 Benefits - G&A,,,,,,,,,,,,,,,wages
,6030 Vacation - G&A,,,,,,,,,,,,,,,wages
,6011 PTO Expense,,,,,,,,,,,,,,,wages
,6450 Payroll Benefits,,,,,,,,,,,,,,,wages
,55000 Direct Labor,,,,,,,,,,,,,,,wages
,50015 Direct Labor,,,,,,,,,,,,,,,wages
,60040 401K Match,,,,,,,,,,,,,,,wages
,60070 Other Benefits,,,,,,,,,,,,,,,wages
,60000 Payroll Expense,,,,,,,,,,,,,,,wages
,60031 401K Match,,,,,,,,,,,,,,,wages
,6300 Indirect Payroll Expenses,,,,,,,,,,,,,,,wages
,51200 Direct Labor,,,,,,,,,,,,,,,wages
,64000 Payroll Expenses,,,,,,,,,,,,,,,wages
,22100-000 401k Withholding,,,,,,,,,,,,,,,wages
,22200-001 Payroll Clearing,,,,,,,,,,,,,,,wages
,22200-002 Payroll benefits,,,,,,,,,,,,,,,wages
,12700-000 Software Development Costs,,,,,,,,,,,,,,,subscriptions
,40000 Monthly Membership Fees,,,,,,,,,,,,,,,subscriptions
,40100-007 Premium Membership,,,,,,,,,,,,,,,subscriptions
,41000 Membership Fees,,,,,,,,,,,,,,,subscriptions
,6412 Employer Tax,,,,,,,,,,,,,,,pr_taxes
,22200-003 Payroll tax paya...,,,,,,,,,,,,,,,pr_taxes
,22301-000 Federal Income Tax Payable,,,,,,,,,,,,,,,pr_taxes
,5003 Direct Labor - PR Fees,,,,,,,,,,,,,,,pr_fees
,6032 Payroll Expense - PR Fees,,,,,,,,,,,,,,,pr_fees
,61560 401k Admin,,,,,,,,,,,,,,,pr_fees
,63011 401K Admin Fees,,,,,,,,,,,,,,,pr_fees
,6402 General Liability,,,,,,,,,,,,,,,insurance
,6403 Health,,,,,,,,,,,,,,,insurance
,6104 Employee PR - Health Bene...,,,,,,,,,,,,,,,insurance
,6105 Employee PR - Wellness Benefit,,,,,,,,,,,,,,,insurance
,3-63020 Health,,,,,,,,,,,,,,,insurance
,3-63030 Liability,,,,,,,,,,,,,,,insurance
,3-63050 Umbrella,,,,,,,,,,,,,,,insurance
,3-63060 Workers Compensation,,,,,,,,,,,,,,,insurance
,6035 Company Contributions,,,,,,,,,,,,,,,insurance
,4-63020 Health,,,,,,,,,,,,,,,insurance
,4-63030 Liability & Property,,,,,,,,,,,,,,,insurance
,4-65560 Workers Compensation,,,,,,,,,,,,,,,insurance
,60601 Health,,,,,,,,,,,,,,,insurance
,60604 Workmans Comp,,,,,,,,,,,,,,,insurance
,1-63020 Health,,,,,,,,,,,,,,,insurance
,1-63030 Liability,,,,,,,,,,,,,,,insurance
,1-63060 Workers Compensation,,,,,,,,,,,,,,,insurance
,6201 General Liability Insuranc,,,,,,,,,,,,,,,insurance
,62301 Liability,,,,,,,,,,,,,,,insurance
,62302 Workmans Comp,,,,,,,,,,,,,,,insurance
,66080 Worker's Compensation,,,,,,,,,,,,,,,insurance
,66070 Life/Dental/Vision,,,,,,,,,,,,,,,insurance
,64400 Company Contributions,,,,,,,,,,,,,,,insurance
,6102 Lease,,,,,,,,,,,,,,,rent
,6704 Property Tax,,,,,,,,,,,,,,,rent
,6725 Storage,,,,,,,,,,,,,,,rent
,11700-000 Lease Deposits,,,,,,,,,,,,,,,rent
,6804 Lease Expense,,,,,,,,,,,,,,,rent
,3-63040 Property,,,,,,,,,,,,,,,rent
,3-64020 CAM Charges,,,,,,,,,,,,,,,rent
,3-67640 Property,,,,,,,,,,,,,,,rent
,6051 Auto and Truck Lease,,,,,,,,,,,,,,,rent
,6060 Facilities Expense,,,,,,,,,,,,,,,rent
,4002 Lease Commission,,,,,,,,,,,,,,,rent
,6107 Property Websites,,,,,,,,,,,,,,,rent
,6205 US Storage,,,,,,,,,,,,,,,rent
,6018 Lease,,,,,,,,,,,,,,,rent
,6060 Facilities,,,,,,,,,,,,,,,rent
,6066 Facility Repair & Maintenance,,,,,,,,,,,,,,,rent
,6088 Auto Lease,,,,,,,,,,,,,,,rent
,5012 Warehouse,,,,,,,,,,,,,,,rent
,6250 Facilities Expenses,,,,,,,,,,,,,,,rent
,6252 Commercial Storage Lease,,,,,,,,,,,,,,,rent
,6401 Taxes - Property,,,,,,,,,,,,,,,rent
,40200-004 Storage Locker,,,,,,,,,,,,,,,rent
,6702 Lease,,,,,,,,,,,,,,,rent
,4-60600 Car Lease,,,,,,,,,,,,,,,rent
,61402 Property,,,,,,,,,,,,,,,rent
,1-54250 Meeting Facilities,,,,,,,,,,,,,,,rent
,1-67640 Property,,,,,,,,,,,,,,,rent
,6450 Facilities and Equipment,,,,,,,,,,,,,,,rent
,5006 Facilities & Tools,,,,,,,,,,,,,,,rent
,6650 Facility & Equipment,,,,,,,,,,,,,,,rent
,6100 Facility Costs,,,,,,,,,,,,,,,rent
,6115 Facilities Maintenance,,,,,,,,,,,,,,,rent
,63010 Lease,,,,,,,,,,,,,,,rent
,50062 Fulfillment Center Lease,,,,,,,,,,,,,,,rent
,64040 CAM Expenses,,,,,,,,,,,,,,,rent
,6450 Building Repairs,,,,,,,,,,,,,,,rent
,11710-000 Lease Deposits,,,,,,,,,,,,,,,rent
,12500-001 Furniture - Storage,,,,,,,,,,,,,,,rent
,23000-000 Short-Term Lease Liabilities,,,,,,,,,,,,,,,rent
,24000-000 Long-Term Lease Liabilities,,,,,,,,,,,,,,,rent
,8100 Interest Expense,,,,,,,,,,,,,,,accounting_fees
,60400 Bank Service Charges,,,,,,,,,,,,,,,accounting_fees
,63400 Interest Expense,,,,,,,,,,,,,,,accounting_fees
,6302 QuickBooks Payments Fees,,,,,,,,,,,,,,,accounting_fees
,6352 Legal Services,,,,,,,,,,,,,,,accounting_fees
,65510-000 Legal Fees,,,,,,,,,,,,,,,accounting_fees
,6502 Consulting Fees,,,,,,,,,,,,,,,accounting_fees
,6600 QuickBooks Payments Fees,,,,,,,,,,,,,,,accounting_fees
,8003 Interest Expense,,,,,,,,,,,,,,,accounting_fees
,3-60500 Bank Service Charges,,,,,,,,,,,,,,,accounting_fees
,3-80000 Interest Expense,,,,,,,,,,,,,,,accounting_fees
,6100 Bank Service Charges,,,,,,,,,,,,,,,accounting_fees
,6110 Bank Service Fees,,,,,,,,,,,,,,,accounting_fees
,82000 Interest Expense,,,,,,,,,,,,,,,accounting_fees
,6210 QuickBooks Fees,,,,,,,,,,,,,,,accounting_fees
,6503 Legal Services,,,,,,,,,,,,,,,accounting_fees
,6505 Consulting Fee,,,,,,,,,,,,,,,accounting_fees
,8004 Interest Expense,,,,,,,,,,,,,,,accounting_fees
,6802 Legal Fees,,,,,,,,,,,,,,,accounting_fees
,"6506 Strategy, Consulting & Im...",,,,,,,,,,,,,,,accounting_fees
,8200 Interest Expense,,,,,,,,,,,,,,,accounting_fees
,6025 Bank Service Charges & Fees,,,,,,,,,,,,,,,accounting_fees
,6027 Finance Charge,,,,,,,,,,,,,,,accounting_fees
,6076 Legal Expenses,,,,,,,,,,,,,,,accounting_fees
,6077 Consulting,,,,,,,,,,,,,,,accounting_fees
,8005 Interest Expense,,,,,,,,,,,,,,,accounting_fees
,6102 QuickBooks Payments Fees,,,,,,,,,,,,,,,accounting_fees
,8001 Interest Expense,,,,,,,,,,,,,,,accounting_fees
,7051 Interest Expense,,,,,,,,,,,,,,,accounting_fees
,6703 QuickBooks Payments Fees,,,,,,,,,,,,,,,accounting_fees
,6802 Business Consulting,,,,,,,,,,,,,,,accounting_fees
,6152 QuickBooks Payment Fees,,,,,,,,,,,,,,,accounting_fees
,6503 Consulting,,,,,,,,,,,,,,,accounting_fees
,6802 Legal,,,,,,,,,,,,,,,accounting_fees
,22400-700 Due to Attorney Share,,,,,,,,,,,,,,,accounting_fees
,4-80000 Interest Expense,,,,,,,,,,,,,,,accounting_fees
,60300 Bank Service Charges,,,,,,,,,,,,,,,accounting_fees
,61003 Legal,,,,,,,,,,,,,,,accounting_fees
,81000 Interest Expense,,,,,,,,,,,,,,,accounting_fees
,1-60500 Bank Service Charges,,,,,,,,,,,,,,,accounting_fees
,1-80000 Interest Expense,,,,,,,,,,,,,,,accounting_fees
,6602 Legal Services,,,,,,,,,,,,,,,accounting_fees
,6603 Business Consulting Servi...,,,,,,,,,,,,,,,accounting_fees
,8025 Interest Expense,,,,,,,,,,,,,,,accounting_fees
,4200 HR Consulting,,,,,,,,,,,,,,,accounting_fees
,6353 Melio CC Fees,,,,,,,,,,,,,,,accounting_fees
,6620 Consulting,,,,,,,,,,,,,,,accounting_fees
,6630 IT Tech Consulting,,,,,,,,,,,,,,,accounting_fees
,6640 Legal,,,,,,,,,,,,,,,accounting_fees
,8020 Interest Expense,,,,,,,,,,,,,,,accounting_fees
,5435 COGS-Marketing Consulting,,,,,,,,,,,,,,,accounting_fees
,5445 COGS-PR Consulting,,,,,,,,,,,,,,,accounting_fees
,6240 IT Consulting/Projects,,,,,,,,,,,,,,,accounting_fees
,6260 QuickBooks Payments Fees,,,,,,,,,,,,,,,accounting_fees
,6700 QuickBooks Payments Fees,,,,,,,,,,,,,,,accounting_fees
,80000 Interest Expense,,,,,,,,,,,,,,,accounting_fees
,68020 Consulting,,,,,,,,,,,,,,,accounting_fees
,68060 Legal Fees,,,,,,,,,,,,,,,accounting_fees
,80020 Interest Expense,,,,,,,,,,,,,,,accounting_fees
,68020 Consulting Fees - Heartl...,,,,,,,,,,,,,,,accounting_fees
,68025 Consulting Fees - Scord ...,,,,,,,,,,,,,,,accounting_fees
,80010 Interest Expense,,,,,,,,,,,,,,,accounting_fees
,"63000 Adminstrative, Legal, & Taxes",,,,,,,,,,,,,,,accounting_fees
,81100-000 Interest Expense,,,,,,,,,,,,,,,accounting_fees
,11750-800 Due from Attorney Share,,,,,,,,,,,,,,,accounting_fees
